Username,Rating,Date,Review,Reply,Reply Date,Usefulness
Krishnan N,5,9 April 2025,Best India's No.1 Short Videos App Is Josh Only. Updated 2025 Josh App Is Very Nice. Latest app use for upload short reels editing best.,Josh Team,9 April 2025,193 people found this review helpful
Sgji Shgu,1,9 April 2025,Hi Shivam Jatva,Josh Team,9 April 2025,"('N/A', 'N/A')"
Jaydeep Parmar,5,8 April 2025,🔥,Josh Team,9 April 2025,"('N/A', 'N/A')"
Sargodha eagle,5,8 April 2025,very nice app,Josh Team,8 April 2025,"('N/A', 'N/A')"
Rajesh S Gajera (R s Gajera),5,8 April 2025,Good,Josh Team,8 April 2025,"('N/A', 'N/A')"
vineethann mathew,5,7 April 2025,Highly recommend..... My special App... where I get my own space of happiness to share,Josh Team,8 April 2025,"('N/A', 'N/A')"
D!rex Zone,5,7 April 2025,great day 💯👍😊,Josh Team,7 April 2025,"('N/A', 'N/A')"
Sk Kamal uddin,5,6 April 2025,good,Josh Team,7 April 2025,"('N/A', 'N/A')"
Geetaanand Raj,5,6 April 2025,good,Josh Team,7 April 2025,"('N/A', 'N/A')"
Deepak Kumar,5,6 April 2025,nice apps for shorts video,Josh Team,6 April 2025,"('N/A', 'N/A')"
Ayan Khan,5,6 April 2025,josh aap is india most beautiful place jis per aap ko video pera din badya kar dati ha,Josh Team,6 April 2025,"('N/A', 'N/A')"
Ujjawal Mishra,1,5 April 2025,very bad experience my in this app,Josh Team,6 April 2025,"('N/A', 'N/A')"
Review Form,5,5 April 2025,need to improve UI and give to best analytical tool for creator like youtube,Josh Team,6 April 2025,2 people found this review helpful
SHERSINGH Sagar,5,5 April 2025,good,Josh Team,6 April 2025,"('N/A', 'N/A')"
Apache Rr310,5,4 April 2025,💯,Josh Team,5 April 2025,"('N/A', 'N/A')"
Sreekanth Pillanagrovila,4,4 April 2025,Problem uploading in videos. Can't see total videos views and likes.,Josh Team,5 April 2025,53 people found this review helpful
Veer Garg,5,4 April 2025,Excellent,Josh Team,4 April 2025,"('N/A', 'N/A')"
Amit Mahato,4,3 April 2025,nice,Josh Team,4 April 2025,"('N/A', 'N/A')"
Sanjay Ghatuary,2,3 April 2025,good,Josh Team,3 April 2025,"('N/A', 'N/A')"
Bhanwar singh,5,2 April 2025,good,Josh Team,2 April 2025,"('N/A', 'N/A')"
Mahakaal Deep (Kaal),5,2 April 2025,Best App,Josh Team,2 April 2025,"('N/A', 'N/A')"
Tayyab Shaikh,5,2 April 2025,best,Josh Team,2 April 2025,"('N/A', 'N/A')"
Rajesh,5,1 April 2025,good,Josh Team,2 April 2025,"('N/A', 'N/A')"
Anil Singh,1,1 April 2025,How much you increase jems earning difficulties worst system and your data consumption is very high 😔 and when will be the dimond withdrawal problem fixe. my profile is @hentaistar please fix 😔 the problem fast.,Josh Team,2 April 2025,81 people found this review helpful
V I P Krishna Rajput,5,1 April 2025,op hai app,Josh Team,1 April 2025,"('N/A', 'N/A')"
Meet Chauhan,5,1 April 2025,fellowsh dl,Josh Team,1 April 2025,"('N/A', 'N/A')"
Sri mukthananda Swamy,5,1 April 2025,ಉತ್ತಮವಾದ ಆಪ್,Josh Team,1 April 2025,"('N/A', 'N/A')"
Sanjeev Saini,4,31 March 2025,excellent service 💯,Josh Team,1 April 2025,"('N/A', 'N/A')"
Sanoja Garments,5,30 March 2025,Good,Josh Team,30 March 2025,"('N/A', 'N/A')"
Imtishal Qureshi,5,29 March 2025,great app,Josh Team,30 March 2025,"('N/A', 'N/A')"
Avinash Yadav,5,29 March 2025,good 😌,Josh Team,29 March 2025,"('N/A', 'N/A')"
Mohd Iqbal,5,28 March 2025,ok,Josh Team,29 March 2025,"('N/A', 'N/A')"
B Thirupathi,5,28 March 2025,super,Josh Team,28 March 2025,"('N/A', 'N/A')"
Guddu Sharma,4,28 March 2025,यह अच्छा है परन्तु इसमें विडियो को माॅडेरेट कर दिया जाता है!,Josh Team,28 March 2025,"('N/A', 'N/A')"
Mahadeva H S,5,26 March 2025,very good,Josh Team,27 March 2025,"('N/A', 'N/A')"
Anurag Ji,5,26 March 2025,Very good job,Josh Team,26 March 2025,"('N/A', 'N/A')"
Appaji Shantha,5,25 March 2025,Mast time pass app thanks yes.,Josh Team,25 March 2025,1 person found this review helpful
Neha Sharma,5,24 March 2025,supper as application,Josh Team,25 March 2025,"('N/A', 'N/A')"
Shivam K,5,24 March 2025,amazing,Josh Team,24 March 2025,"('N/A', 'N/A')"
Juyel Rana,5,23 March 2025,good,Josh Team,24 March 2025,"('N/A', 'N/A')"
Ekta Dubey,5,23 March 2025,it is very good game,Josh Team,24 March 2025,"('N/A', 'N/A')"
HARDEV Kumar HARDEV Kumar,5,23 March 2025,Bina NET ka chale,Josh Team,24 March 2025,"('N/A', 'N/A')"
Suresh Kumar,5,23 March 2025,bast app,Josh Team,23 March 2025,"('N/A', 'N/A')"
hoysala life,4,22 March 2025,ok,Josh Team,23 March 2025,"('N/A', 'N/A')"
kanasugara ravi,5,22 March 2025,super,Josh Team,22 March 2025,"('N/A', 'N/A')"
Kumar Bhaskar,1,22 March 2025,अब वो बात नहीं रही,Josh Team,22 March 2025,"('N/A', 'N/A')"
A Google user,1,22 March 2025,I cannot even know the language 1star,Josh Team,22 March 2025,"('N/A', 'N/A')"
Sanku Das,5,21 March 2025,very nice short video app. My 4 years exeprence josh app মে.,Josh Team,21 March 2025,12 people found this review helpful
Thakor _18,5,21 March 2025,💪💪❤️💯,Josh Team,21 March 2025,"('N/A', 'N/A')"
Arvind Classes Gorakhpur,5,21 March 2025,very nice 👍,Josh Team,21 March 2025,"('N/A', 'N/A')"
Madhuri Pathak,5,20 March 2025,best app,Josh Team,21 March 2025,"('N/A', 'N/A')"
Suresh Raikwar,5,20 March 2025,osam,Josh Team,20 March 2025,"('N/A', 'N/A')"
sudhir kumar singh,5,20 March 2025,Mast App h,Josh Team,20 March 2025,"('N/A', 'N/A')"
Priyanshu Rana,5,19 March 2025,nice,Josh Team,20 March 2025,"('N/A', 'N/A')"
THANGAM RAJ,5,19 March 2025,super,Josh Team,19 March 2025,"('N/A', 'N/A')"
Dharamraj,5,19 March 2025,best application,Josh Team,19 March 2025,"('N/A', 'N/A')"
Udbhav Rao,1,17 March 2025,"Trash app,no.use overall",Josh Team,18 March 2025,"('N/A', 'N/A')"
Abhay Singh,4,17 March 2025,GOOD AAP BUT NOT BEST IN HINDI YA AAP ACHA HA PAR SABASA ACHA NHI GALTI BATAOO IN HINDI,Josh Team,18 March 2025,"('N/A', 'N/A')"
Dasrath Sah,1,15 March 2025,Bekar app,Josh Team,15 March 2025,"('N/A', 'N/A')"
Rana Dth Tips,5,15 March 2025,Nice,Josh Team,15 March 2025,"('N/A', 'N/A')"
Himanshu Prajapati,5,14 March 2025,Super slow,Josh Team,15 March 2025,"('N/A', 'N/A')"
Kabin sarkar Mithun sarkar,5,14 March 2025,I like josh video app,Josh Team,14 March 2025,"('N/A', 'N/A')"
pankaj educator,1,13 March 2025,Chor app,Josh Team,14 March 2025,"('N/A', 'N/A')"
Nagaraj Thala,5,13 March 2025,Ji👌,Josh Team,14 March 2025,"('N/A', 'N/A')"
Ramu miryalkar,1,13 March 2025,I didn't like josh because iam uploaded 156 above videos on this app before 1 year and 2 months back I deleted the app and when I installed this app then all videos are not presented it's very bad 😏😔🥺,Josh Team,14 March 2025,1 person found this review helpful
Nayeem Khan,5,13 March 2025,Best app Josh,Josh Team,14 March 2025,"('N/A', 'N/A')"
jaibir singh,5,13 March 2025,Very nice❤️❤️❤️🤩🤩,Josh Team,13 March 2025,"('N/A', 'N/A')"
Naresh Mahawar,5,12 March 2025,Very nice,Josh Team,13 March 2025,"('N/A', 'N/A')"
Buddh Kailash (Buddhist),5,12 March 2025,गुड,Josh Team,13 March 2025,"('N/A', 'N/A')"
Prashanth Pacchi,5,12 March 2025,Super very useful and plz add more followers 🙏,Josh Team,12 March 2025,3 people found this review helpful
Nikulpamrar Pamrar,5,12 March 2025,Be so eziCt,Josh Team,12 March 2025,"('N/A', 'N/A')"
NITISH 88,5,12 March 2025,Very Good 👍,Josh Team,12 March 2025,"('N/A', 'N/A')"
Neeraj Kamboj,5,11 March 2025,Ok,Josh Team,12 March 2025,"('N/A', 'N/A')"
Nilam Kanthariya,5,11 March 2025,Superb app 👌,Josh Team,11 March 2025,"('N/A', 'N/A')"
Laxman Rajput,5,11 March 2025,Nice nice apps beautiful show Josh live calls & Rate this app,Josh Team,11 March 2025,"('N/A', 'N/A')"
aman kumar,1,11 March 2025,This app is very nice and easy to use i love this. App,Josh Team,11 March 2025,"('N/A', 'N/A')"
Syed Mohammad Kashif,1,10 March 2025,Best app,Josh Team,11 March 2025,"('N/A', 'N/A')"
Aayan khan,3,10 March 2025,Exllent,Josh Team,10 March 2025,"('N/A', 'N/A')"
Raja Molla,5,10 March 2025,I never found this app the life againI never found this app the life again. This is app is so fun..This is app is so fun,Josh Team,10 March 2025,"('N/A', 'N/A')"
Sunil Hingmire,4,9 March 2025,Nice,Josh Team,10 March 2025,"('N/A', 'N/A')"
Ramana Harasa,5,9 March 2025,Good,Josh Team,10 March 2025,"('N/A', 'N/A')"
Suraj Jaiswal,5,9 March 2025,Hello humko Josh four views online aana hai kaise payenge,Josh Team,10 March 2025,"('N/A', 'N/A')"
SOMIR. UL ẞK,1,9 March 2025,Bhai tik tok,Josh Team,9 March 2025,"('N/A', 'N/A')"
ramesh t,5,9 March 2025,Good,Josh Team,9 March 2025,"('N/A', 'N/A')"
Sabyasachi Amitav,5,8 March 2025,"Josh app is amazing! It's easy to use, has great content, and runs smoothly. The variety of videos keeps me engaged every time, and the Dreamcall facility adds a unique touch to the experience.",Josh Team,9 March 2025,317 people found this review helpful
Jai ram Rishi,5,8 March 2025,Nice ऐप,Josh Team,8 March 2025,"('N/A', 'N/A')"
Rahul Patel,5,7 March 2025,Nice 👍 app,Josh Team,7 March 2025,"('N/A', 'N/A')"
Masum Reja,5,7 March 2025,Nice,Josh Team,7 March 2025,"('N/A', 'N/A')"
Alexander Kh,1,6 March 2025,when i look at this app it shows S3xy things ...,Josh Team,6 March 2025,"('N/A', 'N/A')"
Indra Kumar,5,6 March 2025,Very nice app,Josh Team,6 March 2025,"('N/A', 'N/A')"
Kushi Arya,4,6 March 2025,Gud conversation app audio chat I like,Josh Team,6 March 2025,6 people found this review helpful
Abir Seal,3,5 March 2025,"Hi! I am facing a issue, please help. I can not link my Instagram account to my Josh account. Its showing > Invalid request : request parameters are invalid : Invalid scope : user_profile. Please help me",Josh Team,5 March 2025,45 people found this review helpful
Samir Shake,5,4 March 2025,It's the best thing I had ever s3en it's none-wifi app I can use it when ever I want 😌 #best app😌🥰😄✅,Josh Team,5 March 2025,23 people found this review helpful
Appaji BNY,5,4 March 2025,Very very very good app to use,Josh Team,4 March 2025,1 person found this review helpful
Rahamathullah KM,4,4 March 2025,Fine super good,Josh Team,4 March 2025,"('N/A', 'N/A')"
vasu dev,5,4 March 2025,Good,Josh Team,4 March 2025,"('N/A', 'N/A')"
K Seshu,5,2 March 2025,Super app fun and enjoy unlimited Thankyou.,Josh Team,2 March 2025,5 people found this review helpful
Prashant Mhamunkar,5,2 March 2025,ये भावा मस्त् आह्य्,Josh Team,2 March 2025,"('N/A', 'N/A')"
Shakti Sharma,4,1 March 2025,Very nice,Josh Team,2 March 2025,"('N/A', 'N/A')"
Syed Rehan,3,28 February 2025,♥️ Faizan🥀,Josh Team,1 March 2025,"('N/A', 'N/A')"
Md rabani,5,28 February 2025,I need meney coins please,Josh Team,1 March 2025,"('N/A', 'N/A')"
Samir Panda,5,28 February 2025,"I have given this app a 5 rating because as before I was a user of these app I have almost 80k followers,and this was so nice,those who are giving bad rating they do not made any video that's why they do not have any followers that's why the are complaining,I will support this app for sure.",Josh Team,28 February 2025,49 people found this review helpful
Bhagesree Ghotake,5,28 February 2025,Nice app,Josh Team,28 February 2025,"('N/A', 'N/A')"
Mo Anas,1,27 February 2025,My account has been suspended 😞,Josh Team,28 February 2025,"('N/A', 'N/A')"
Dinesh Kathad,5,27 February 2025,Enjoy life,Josh Team,27 February 2025,"('N/A', 'N/A')"
Banwari Prajapati,5,27 February 2025,Ek dam mast,Josh Team,27 February 2025,"('N/A', 'N/A')"
Aadil__ khan,5,26 February 2025,Best app,Josh Team,27 February 2025,"('N/A', 'N/A')"
Verse innovation Josh,5,26 February 2025,Very nice ya,Josh Team,27 February 2025,"('N/A', 'N/A')"
Kamlesh Prajapati,4,26 February 2025,मस्त हैं,Josh Team,26 February 2025,"('N/A', 'N/A')"
Parth Solanki,5,25 February 2025,App ok rs 2000,Josh Team,26 February 2025,1 person found this review helpful
Pankaj Kumar,5,25 February 2025,Nice,Josh Team,25 February 2025,1 person found this review helpful
OR FOUNDATIONS,1,25 February 2025,No customer care no for support,Josh Team,25 February 2025,"('N/A', 'N/A')"
all in one,5,24 February 2025,❤❤❤,Josh Team,24 February 2025,"('N/A', 'N/A')"
Rinku Devi,5,23 February 2025,Very nice app,Josh Team,23 February 2025,"('N/A', 'N/A')"
rajbhanpoddar,5,22 February 2025,Good Server,Josh Team,23 February 2025,"('N/A', 'N/A')"
Bharath,5,22 February 2025,Super,Josh Team,22 February 2025,"('N/A', 'N/A')"
Mani Muniappan,5,22 February 2025,Good,Josh Team,22 February 2025,"('N/A', 'N/A')"
Rocky1977,5,22 February 2025,Very nice,Josh Team,22 February 2025,"('N/A', 'N/A')"
Sksakef Sk,5,21 February 2025,Nais,Josh Team,22 February 2025,"('N/A', 'N/A')"
Ram naresh Prasad,5,21 February 2025,Wonderful and admiring👍😃🙋,Josh Team,21 February 2025,"('N/A', 'N/A')"
Pratap Mahanta,5,20 February 2025,nice app,Josh Team,21 February 2025,"('N/A', 'N/A')"
Arman esrar,5,20 February 2025,Nice Josh app,Josh Team,20 February 2025,"('N/A', 'N/A')"
Suman Singh,5,19 February 2025,Very nice,Josh Team,20 February 2025,"('N/A', 'N/A')"
Prajwal Talageri,3,19 February 2025,ಸೂಪರ್,Josh Team,20 February 2025,"('N/A', 'N/A')"
Abdul Barek,5,19 February 2025,Very nice,Josh Team,19 February 2025,"('N/A', 'N/A')"
azm mk,1,18 February 2025,Old content can't see ..they are hidding,Josh Team,19 February 2025,"('N/A', 'N/A')"
Pavan Kumar s,4,18 February 2025,Good 😊,Josh Team,19 February 2025,"('N/A', 'N/A')"
Dolly Deka,1,18 February 2025,Not like at all.your team blocked my I'd and I loss my all receiving coins and added timing also .you team not done with me ....I am leaving your application and with me 100 people also leave your application..you will lose me,Josh Team,19 February 2025,1 person found this review helpful
Nikhil Morey,4,18 February 2025,Good for entertainment,Josh Team,19 February 2025,"('N/A', 'N/A')"
Muzammil Sheikh,5,17 February 2025,Yeh app mai 2 saal s use kr rh hu or yaha per team josh meri Video ko support kr rh h dhere dhere,Josh Team,17 February 2025,"('N/A', 'N/A')"
Saraj Sandhu,3,17 February 2025,Nice,Josh Team,17 February 2025,"('N/A', 'N/A')"
Ashraf Jamal,5,17 February 2025,Excellent,Josh Team,17 February 2025,"('N/A', 'N/A')"
Upendra Choudhari,1,17 February 2025,Best,Josh Team,17 February 2025,"('N/A', 'N/A')"
Ikbal Hossain,5,17 February 2025,Ok,Josh Team,18 February 2025,"('N/A', 'N/A')"
HEXA Tetrus999,4,16 February 2025,"Pls show hot sexy reels ,cause only simple reels can't give enjoy to me ND us pls help",Josh Team,17 February 2025,6 people found this review helpful
Anil Prajapati,5,16 February 2025,Nice,Josh Team,18 February 2025,"('N/A', 'N/A')"
HASRAT SHAIKH,5,16 February 2025,Very very nice app,Josh Team,17 February 2025,"('N/A', 'N/A')"
Hb raht gaming,5,16 February 2025,Good app and shors,Josh Team,16 February 2025,"('N/A', 'N/A')"
harsh jha,5,16 February 2025,Nice,Josh Team,16 February 2025,"('N/A', 'N/A')"
Buri Sisodiya,4,16 February 2025,अभी मेरी शुरुवात है जोश पर मेरे इंस्ट्रग्राम पर लगभग 60 k फॉलोवर और फेसबुक पर 50 k फॉलोवर हे road King mp70 के नाम से आईडी हे और जोश पर भी यही नाम से road king mp70 है में शुरुवात में ही जोश को 4 स्टार दूंगा क्योंकि ये भारतीय एप है,Josh Team,16 February 2025,"('N/A', 'N/A')"
SACHIN MEENA Byadwal,1,16 February 2025,Nice 👍🙂,Josh Team,16 February 2025,"('N/A', 'N/A')"
rahim,5,16 February 2025,Good,Josh Team,16 February 2025,"('N/A', 'N/A')"
AKASH BOSS,5,15 February 2025,டிக் டொக் ஓட சூப்பர் இருக்குக்க,Josh Team,15 February 2025,"('N/A', 'N/A')"
Kasim Malik,4,15 February 2025,Good👍,Josh Team,15 February 2025,"('N/A', 'N/A')"
Shridhar Nidagundi,5,15 February 2025,Super,Josh Team,15 February 2025,"('N/A', 'N/A')"
Amanullah Aman,5,14 February 2025,Good,Josh Team,15 February 2025,"('N/A', 'N/A')"
Mohammad Rafi,5,14 February 2025,Nice 👍,Josh Team,14 February 2025,"('N/A', 'N/A')"
Poorvi Singh,5,14 February 2025,Great appreciation...bhut hi sundar..,Josh Team,14 February 2025,"('N/A', 'N/A')"
Ravi Kumar,5,14 February 2025,Good,Josh Team,14 February 2025,"('N/A', 'N/A')"
monu # singh,1,14 February 2025,ये भी रूपए मांगता है,Josh Team,14 February 2025,"('N/A', 'N/A')"
Jahid Khan,5,13 February 2025,Nice,Josh Team,14 February 2025,"('N/A', 'N/A')"
Ravi Bandey,5,13 February 2025,Achha hai,Josh Team,14 February 2025,"('N/A', 'N/A')"
McLaren XT,5,13 February 2025,Very good,Josh Team,13 February 2025,"('N/A', 'N/A')"
Vijay Kumar,5,12 February 2025,Nice 👍👍👍👍👍👍👍👍,Josh Team,13 February 2025,"('N/A', 'N/A')"
PAREKH SANJAY BHAI,5,12 February 2025,👍,Josh Team,12 February 2025,"('N/A', 'N/A')"
Ranjeet Rajput,5,12 February 2025,Toconnectto ll,Josh Team,12 February 2025,"('N/A', 'N/A')"
B Dash,5,11 February 2025,Good,Josh Team,12 February 2025,"('N/A', 'N/A')"
Aarti Sen,5,11 February 2025,Good app,Josh Team,12 February 2025,"('N/A', 'N/A')"
Ramakant Kumar,5,11 February 2025,Good 👍,Josh Team,12 February 2025,"('N/A', 'N/A')"
Sobahan Ali,5,11 February 2025,You are not eligible for the creator pro for more information please reach outyourfriend@myjosh in,Josh Team,12 February 2025,"('N/A', 'N/A')"
Mustak Khan,4,11 February 2025,Good,Josh Team,11 February 2025,"('N/A', 'N/A')"
Gulshan Saini,5,11 February 2025,Good,Josh Team,11 February 2025,"('N/A', 'N/A')"
Paswan Ji,5,11 February 2025,Jab bhi Mai ek video status ko upload hone jyada views nahi ja raha hai aur moderated ho jara raha kripya ise thik kare,Josh Team,11 February 2025,"('N/A', 'N/A')"
ALLIYA FATHEMA FAISAL KURESHI,5,11 February 2025,Very good,Josh Team,11 February 2025,"('N/A', 'N/A')"
Dk prajapati,5,11 February 2025,Very good,Josh Team,11 February 2025,"('N/A', 'N/A')"
Kameshwar Yadav,5,10 February 2025,Very nice,Josh Team,11 February 2025,"('N/A', 'N/A')"
Fashahat Khan,5,10 February 2025,Good app hai,Josh Team,10 February 2025,"('N/A', 'N/A')"
Khushbu Gupta,5,10 February 2025,Very nice,Josh Team,10 February 2025,"('N/A', 'N/A')"
Himanshu Jha,5,10 February 2025,I am Josh creator is my I'd. _himanshujha11 follow please spot me Best app 😍 love you Josh ❤️,Josh Team,10 February 2025,"('N/A', 'N/A')"
Mukund,5,9 February 2025,Very good except me and you can do it app need,Josh Team,10 February 2025,"('N/A', 'N/A')"
Rose Mary,5,9 February 2025,Great app for entertainment purposes. Keep up the good work,Josh Team,9 February 2025,46 people found this review helpful
Prabhu N,5,9 February 2025,Best entertainment app i enjoy using josh app,Josh Team,9 February 2025,"('N/A', 'N/A')"
D J,5,9 February 2025,Good app,Josh Team,9 February 2025,"('N/A', 'N/A')"
Vikash Singh,5,8 February 2025,Nice app,Josh Team,9 February 2025,"('N/A', 'N/A')"
Dipu Jali,4,8 February 2025,Good,Josh Team,8 February 2025,"('N/A', 'N/A')"
Pravin Giri Giri,5,8 February 2025,I feeeelllllllll uppppppp......,Josh Team,8 February 2025,"('N/A', 'N/A')"
Mahender Kumar,5,7 February 2025,Very good app,Josh Team,8 February 2025,"('N/A', 'N/A')"
Md Modassir,5,7 February 2025,Nice app,Josh Team,8 February 2025,"('N/A', 'N/A')"
SERAJ ENGINEER,5,7 February 2025,Nice josh apps,Josh Team,7 February 2025,"('N/A', 'N/A')"
Aryn Sahani,5,7 February 2025,Very good,Josh Team,7 February 2025,"('N/A', 'N/A')"
Shivam Kumar,5,7 February 2025,Very nice,Josh Team,7 February 2025,"('N/A', 'N/A')"
Sahil Khanshab,5,7 February 2025,Nice,Josh Team,7 February 2025,"('N/A', 'N/A')"
Anilkumar Kandukuri,5,7 February 2025,Super entertainment app,Josh Team,7 February 2025,"('N/A', 'N/A')"
Dwivesh Ahirwar,5,6 February 2025,No1 Josh aap 🥰❤️,Josh Team,6 February 2025,"('N/A', 'N/A')"
Lukman Khan,5,6 February 2025,Nice Josh good Josh good badhiya achcha ek hai,Josh Team,6 February 2025,"('N/A', 'N/A')"
abul wafa ansari,1,6 February 2025,Worst aap plz don't download,Josh Team,6 February 2025,"('N/A', 'N/A')"
Krish Krish,1,5 February 2025,World's worst app,Josh Team,6 February 2025,"('N/A', 'N/A')"
Golu Khatri,5,5 February 2025,Wa 😮😀❤️,Josh Team,6 February 2025,"('N/A', 'N/A')"
Tirumala j J,4,5 February 2025,Nice,Josh Team,6 February 2025,"('N/A', 'N/A')"
Mafiya Dileep,5,5 February 2025,Nice aap,Josh Team,6 February 2025,"('N/A', 'N/A')"
Md Rubel,5,5 February 2025,Good,Josh Team,5 February 2025,"('N/A', 'N/A')"
murugan Murugan,5,5 February 2025,Nalla irukku,Josh Team,5 February 2025,"('N/A', 'N/A')"
gaurav sharma,5,5 February 2025,Excellent,Josh Team,5 February 2025,"('N/A', 'N/A')"
Jaydev Dodiya,1,5 February 2025,WORST APP DON'T WASTE YOUR TIME ON THIS APP. THIS APP IS FAKE,Josh Team,5 February 2025,"('N/A', 'N/A')"
sai sirf tere naam,1,5 February 2025,Maine 380 video upload kiya tha jisko Josh walo nen 375 video automatic delete kar dijiye Hain sequre app nai h,Josh Team,5 February 2025,4 people found this review helpful
Eaman Khan,5,4 February 2025,Naice ap,Josh Team,5 February 2025,"('N/A', 'N/A')"
Sushma S,5,4 February 2025,Good,Josh Team,4 February 2025,"('N/A', 'N/A')"
Joy Das,5,4 February 2025,nice,Josh Team,4 February 2025,"('N/A', 'N/A')"
Md Raja,5,4 February 2025,Very good 👍 app,Josh Team,4 February 2025,"('N/A', 'N/A')"
Basavaraj Kori,5,3 February 2025,ಗುಡ್ ಅಪ್ಲಿಕೇಶನ್,Josh Team,3 February 2025,"('N/A', 'N/A')"
Jitender Kumar Jitender Kumar,5,2 February 2025,Nice app,Josh Team,3 February 2025,"('N/A', 'N/A')"
Pramod Nayak,5,2 February 2025,Nice,Josh Team,3 February 2025,"('N/A', 'N/A')"
Dj riemx song,1,2 February 2025,"Diamond nahin a raha hai,💎💎💎💎💎💎",Josh Team,3 February 2025,"('N/A', 'N/A')"
Sakir Hosen Molla,5,2 February 2025,Hay Josh AP bahut hi achcha hai Joseph mein video achcha jeans pants milega,Josh Team,2 February 2025,"('N/A', 'N/A')"
Rajesh Kumar,5,2 February 2025,Good shot,Josh Team,2 February 2025,"('N/A', 'N/A')"
AKASH DK5577,5,2 February 2025,Good very Nick,Josh Team,2 February 2025,"('N/A', 'N/A')"
Piyush singh 732 vloger,5,2 February 2025,"We used to talk to the girl, it doesn't happen for free now, in this update the free girl is not getting cheated, Josh team please bring back that option, it was a very cool option, those who don't have a girlfriend can do it हल कर दो जोश टीम धन्यवाद 🙏🏻",Josh Team,2 February 2025,53 people found this review helpful
ranjan kumar,5,2 February 2025,Good experience on dream call,Josh Team,2 February 2025,"('N/A', 'N/A')"
Rahat Ali,5,2 February 2025,Sabse best app India mein,Josh Team,2 February 2025,"('N/A', 'N/A')"
Nisha Sharma,5,2 February 2025,This app is really awesome 😊,Josh Team,2 February 2025,"('N/A', 'N/A')"
Mr Mr786karu,5,2 February 2025,Namaste 🙏,Josh Team,2 February 2025,"('N/A', 'N/A')"
Sona Marskole,5,2 February 2025,Nice,Josh Team,2 February 2025,"('N/A', 'N/A')"
AMIT JHA,5,1 February 2025,Super,Josh Team,2 February 2025,"('N/A', 'N/A')"
šųbřãţã ķãř,5,1 February 2025,Good app,Josh Team,1 February 2025,"('N/A', 'N/A')"
gokul sathyan,1,1 February 2025,It's a useless and not a good app,Josh Team,1 February 2025,"('N/A', 'N/A')"
Michael Raj,5,31 January 2025,Happy 😁,Josh Team,1 February 2025,"('N/A', 'N/A')"
GOPAL RATHORE,5,31 January 2025,Very good 👍,Josh Team,31 January 2025,"('N/A', 'N/A')"
venkatesh dr,5,31 January 2025,Super,Josh Team,31 January 2025,"('N/A', 'N/A')"
Arti Kumari,4,31 January 2025,Good,Josh Team,31 January 2025,"('N/A', 'N/A')"
Rabin Singha,5,30 January 2025,Nice App,Josh Team,31 January 2025,"('N/A', 'N/A')"
Shahi Movie,5,30 January 2025,Supper se bhi upper,Josh Team,31 January 2025,"('N/A', 'N/A')"
Kumar S n s,5,30 January 2025,Good Citizens,Josh Team,31 January 2025,"('N/A', 'N/A')"
Latha Ks,5,30 January 2025,Good,Josh Team,30 January 2025,"('N/A', 'N/A')"
Rahila Dulott,5,30 January 2025,Ha ha ha,Josh Team,30 January 2025,"('N/A', 'N/A')"
Point Roy,5,29 January 2025,অপ,Josh Team,30 January 2025,"('N/A', 'N/A')"
Falmataa Ahimad,3,29 January 2025,👍👍,Josh Team,30 January 2025,"('N/A', 'N/A')"
Ranjita Creation,1,29 January 2025,Okvry good,Josh Team,30 January 2025,"('N/A', 'N/A')"
Golu kumar,1,29 January 2025,Very bad 👎 app video🎥 creator ke liye not working fast,Josh Team,30 January 2025,"('N/A', 'N/A')"
Moumita Roy,4,29 January 2025,Good,Josh Team,30 January 2025,"('N/A', 'N/A')"
Bhai Raj,5,29 January 2025,Good,Josh Team,29 January 2025,"('N/A', 'N/A')"
Mr Govind,5,29 January 2025,Good,Josh Team,29 January 2025,"('N/A', 'N/A')"
Anmol Jha,5,29 January 2025,Niceeeeee,Josh Team,29 January 2025,"('N/A', 'N/A')"
Er Pargonde ajitkumar Ashok,5,29 January 2025,Good 👍,Josh Team,29 January 2025,"('N/A', 'N/A')"
Mohammad Anas Qadri,5,28 January 2025,Good,Josh Team,29 January 2025,"('N/A', 'N/A')"
Sharad Pawar,5,28 January 2025,Nice app,Josh Team,29 January 2025,"('N/A', 'N/A')"
Abhijit Jadhav,5,28 January 2025,Good,Josh Team,28 January 2025,"('N/A', 'N/A')"
NOUSHADALI,5,27 January 2025,very good,Josh Team,28 January 2025,"('N/A', 'N/A')"
Mukesh Kumar,4,27 January 2025,Nice,Josh Team,28 January 2025,"('N/A', 'N/A')"
kundan Singh97,5,27 January 2025,Thank you Josh apps,Josh Team,27 January 2025,"('N/A', 'N/A')"
House City,5,27 January 2025,Good,Josh Team,27 January 2025,"('N/A', 'N/A')"
THE LX PRODUCTION,5,27 January 2025,Great experience,Josh Team,27 January 2025,"('N/A', 'N/A')"
Shine Attari,4,27 January 2025,Nice,Josh Team,27 January 2025,"('N/A', 'N/A')"
Krushna Maharana,4,26 January 2025,Good,Josh Team,27 January 2025,"('N/A', 'N/A')"
Samrat Bamniya,3,26 January 2025,Ok,Josh Team,27 January 2025,"('N/A', 'N/A')"
Avinash,1,26 January 2025,Spam app,Josh Team,27 January 2025,"('N/A', 'N/A')"
Anita Panchal Anitapanchal9818,5,26 January 2025,Ossam,Josh Team,27 January 2025,"('N/A', 'N/A')"
omerhussain Zaid,5,26 January 2025,Great app for fast views in India same algorithm like tiktok but every thing has cons so it doesn't have original content,Josh Team,27 January 2025,"('N/A', 'N/A')"
Mohd Meraj,5,26 January 2025,Good,Josh Team,26 January 2025,"('N/A', 'N/A')"
SUJAN JP,1,26 January 2025,1 star,Josh Team,26 January 2025,"('N/A', 'N/A')"
Nvajish Khan,5,25 January 2025,Bahut acha aap h,Josh Team,26 January 2025,"('N/A', 'N/A')"
Hira Prasad,5,25 January 2025,Super aap,Josh Team,25 January 2025,"('N/A', 'N/A')"
Mohd Sahil,5,25 January 2025,I like app,Josh Team,25 January 2025,"('N/A', 'N/A')"
Comedian Official,5,25 January 2025,Good app,Josh Team,25 January 2025,"('N/A', 'N/A')"
Rakesh THAKUR,5,24 January 2025,Nyc one,Josh Team,25 January 2025,"('N/A', 'N/A')"
Yuvraj Bhoir,1,24 January 2025,"can you please make your user interface good, I mean navigating for video upload option is like treasure hunt, and even after finding upload button there are limited features for proper uploading, its feels like you are doing favour on us for giving video upload option, nice. and were is view profile option and my uploads. There are many other issues too, kindly fix it as soon as possible",Josh Team,25 January 2025,158 people found this review helpful
Rishi Kumar,5,24 January 2025,Ye app very good carrier hai.,Josh Team,25 January 2025,"('N/A', 'N/A')"
Madhu sudan,2,23 January 2025,I am using since many days nd my followers r ng increasing r I am getting blue tick also nd call free Al's no its waste of tym I am deleting it,Josh Team,24 January 2025,"('N/A', 'N/A')"
Subhajeet Das,5,23 January 2025,Excellent Exceptional quality of news,Josh Team,23 January 2025,"('N/A', 'N/A')"
SAURABH,5,23 January 2025,Good 😊 app 💯,Josh Team,23 January 2025,"('N/A', 'N/A')"
77 Ty,5,23 January 2025,Super bhai,Josh Team,23 January 2025,"('N/A', 'N/A')"
Vijay Rai,5,23 January 2025,Ok,Josh Team,23 January 2025,"('N/A', 'N/A')"
Rahul Kumar Mudhai,5,23 January 2025,Nice app,Josh Team,23 January 2025,"('N/A', 'N/A')"
Binodini huirem,5,22 January 2025,Best socio vdo sharing Indian app better than youtube..,Josh Team,23 January 2025,"('N/A', 'N/A')"
arun mishra,5,22 January 2025,🫡👍,Josh Team,22 January 2025,"('N/A', 'N/A')"
MD Rahulmia,5,21 January 2025,Wow nice app 👌 think you Josh 👍,Josh Team,22 January 2025,"('N/A', 'N/A')"
rushda rahmani,5,21 January 2025,♥️♥️♥️,Josh Team,22 January 2025,"('N/A', 'N/A')"
Ramesh Pawar,5,21 January 2025,Good,Josh Team,22 January 2025,"('N/A', 'N/A')"
Md Roshan,5,21 January 2025,I am very happy Josh app,Josh Team,21 January 2025,"('N/A', 'N/A')"
Chandan Kumar,4,21 January 2025,Great reels platform app tik tok se uppar no 1,Josh Team,21 January 2025,1 person found this review helpful
Raj Gupta,5,21 January 2025,Nice,Josh Team,21 January 2025,"('N/A', 'N/A')"
Satish,5,21 January 2025,Good app,Josh Team,21 January 2025,"('N/A', 'N/A')"
vimlesh blogs,5,21 January 2025,It's ok,Josh Team,21 January 2025,"('N/A', 'N/A')"
Sathi Pal,5,21 January 2025,Josh is the best platform ❤️❤️❤️ I really love it 😍💖,Josh Team,21 January 2025,"('N/A', 'N/A')"
Syed Dayanuddin,5,20 January 2025,Good,Josh Team,20 January 2025,"('N/A', 'N/A')"
Rajesh Google,4,20 January 2025,Rajesh ghoghar,Josh Team,20 January 2025,1 person found this review helpful
Sk Sahil,5,20 January 2025,Very useful ❤️❤️❤️❤️❤️❤️❤️❤️❤️,Josh Team,20 January 2025,"('N/A', 'N/A')"
Jagat Ghanghas,5,20 January 2025,I like,Josh Team,20 January 2025,"('N/A', 'N/A')"
Ashok Gaikwad,4,19 January 2025,Very good,Josh Team,20 January 2025,"('N/A', 'N/A')"
Sachin Kumar,5,19 January 2025,Nice app,Josh Team,20 January 2025,"('N/A', 'N/A')"
Omprakash Dwivedi,5,19 January 2025,Om Prakash Dwivedi You can do it for the best friend,Josh Team,20 January 2025,"('N/A', 'N/A')"
Sanjay Asodariya,1,19 January 2025,"It's just the copy of tiktok and has same logo,same concept,same features just here to here",Josh Team,20 January 2025,"('N/A', 'N/A')"
Yeakad Ali Khan,5,19 January 2025,নাইস,Josh Team,19 January 2025,"('N/A', 'N/A')"
Sabir Ali,1,19 January 2025,अच्छा है kis bat pe 5 istar du koi bhi video lod nhi hota jldi 😡😠,Josh Team,24 January 2025,1 person found this review helpful
Renu Kumari,4,19 January 2025,33pm 3pm 444pm 543million 44million 33pm 544million I was a 3per cent or higher education funding its 4,Josh Team,19 January 2025,"('N/A', 'N/A')"
JHK Cute,5,19 January 2025,Hello Josh Team Please Verified My Josh Profile I Uploaded Regularly my oregnel video content And I Always Use Proper hastags and I also participate in challenges So I Requested please verify My Josh Profile please Josh Team Josh is very beautiful ap I love this ap and I uploaded my videos always on this ap This update is very nice and live option is not opening and my fans not increase my so please support me please increase my fans my Josh team and please support me,Josh Team,12 January 2025,14 people found this review helpful
Ogendra Singh,5,19 January 2025,Good,Josh Team,19 January 2025,"('N/A', 'N/A')"
Prahalad Budek,1,19 January 2025,छपरी लौंडा 😈😈😈😎😎,Josh Team,19 January 2025,"('N/A', 'N/A')"
Shahnaz Begum,1,19 January 2025,copy of TIKTOK,Josh Team,19 January 2025,"('N/A', 'N/A')"
Somesh khan,5,18 January 2025,Josh ujar hu ma gid nohi mila,Josh Team,19 January 2025,"('N/A', 'N/A')"
Sujeet NJ,5,18 January 2025,Ha bhai accha experience hai,Josh Team,19 January 2025,"('N/A', 'N/A')"
Kaileshben Rajput,5,18 January 2025,Hahahahaha ek DM FL egg egg th dj dj GN GM GM GM GM GM bff Russia didi gll gll field class siddu Dhanraj 18 and the other day and the other day and theand and hii sir and the other day and I am Dhanraj 18 and the same to the world in my mind I have been a year or not but I am Dhanraj gaming and hii hii sir free fire max king size in my mind I am Dhanraj gaming and the other day and the other day and the other day and the other day and the other day other day and the other day and the other day,Josh Team,19 January 2025,"('N/A', 'N/A')"
Sanbi Kumari,5,18 January 2025,Sanvi Kumari Chauhan,Josh Team,18 January 2025,"('N/A', 'N/A')"
Sarfuddin Ansari,5,18 January 2025,Sarfueeddin,Josh Team,18 January 2025,"('N/A', 'N/A')"
Rahul Nath,5,18 January 2025,❤️,Josh Team,18 January 2025,"('N/A', 'N/A')"
Ramesh bonela Ramesh bonela,5,18 January 2025,Exlent,Josh Team,18 January 2025,"('N/A', 'N/A')"
vandana s,1,17 January 2025,I lost my old videos my efforts and all gone n I just want my old videos,Josh Team,18 January 2025,11 people found this review helpful
Md Arshad,5,17 January 2025,Joseph date,Josh Team,18 January 2025,"('N/A', 'N/A')"
technical guru,5,17 January 2025,NICE 👍,Josh Team,17 January 2025,"('N/A', 'N/A')"
Shivaji Maurya,5,17 January 2025,Happiness,Josh Team,17 January 2025,"('N/A', 'N/A')"
Dharamsha Masram,3,17 January 2025,Յույու,Josh Team,17 January 2025,"('N/A', 'N/A')"
Sanjay kumar kewat,4,17 January 2025,Nice platform,Josh Team,17 January 2025,"('N/A', 'N/A')"
Chandu bhai Jalia,5,16 January 2025,Excellent........,Josh Team,17 January 2025,"('N/A', 'N/A')"
Manoj Kumar,5,16 January 2025,House of cards,Josh Team,17 January 2025,"('N/A', 'N/A')"
Kishan Gujrati,5,16 January 2025,Nice 👌,Josh Team,17 January 2025,"('N/A', 'N/A')"
Anil Kumar,5,16 January 2025,This is josh app nice app i like it,Josh Team,16 January 2025,"('N/A', 'N/A')"
Subaramani Subu,5,16 January 2025,S.mani,Josh Team,16 January 2025,"('N/A', 'N/A')"
Padma Padma,1,16 January 2025,KL oo pp ee QQoo qap,Josh Team,16 January 2025,"('N/A', 'N/A')"
Raj Kumar,5,16 January 2025,Rajkumar,Josh Team,16 January 2025,"('N/A', 'N/A')"
MOHAMMED SHARIF,5,15 January 2025,good,Josh Team,16 January 2025,"('N/A', 'N/A')"
mahera nasir,3,15 January 2025,Very bad 😞😔 mom ke liye 3 like mom ko acha laga,Josh Team,15 January 2025,"('N/A', 'N/A')"
REGINA BAGUM,5,14 January 2025,Good,Josh Team,15 January 2025,"('N/A', 'N/A')"
Jdhdhd Hdjd,5,14 January 2025,Please support josh,Josh Team,14 January 2025,"('N/A', 'N/A')"
Apu Barman,5,13 January 2025,Nice app,Josh Team,13 January 2025,"('N/A', 'N/A')"
///EGALE ///BITTU,1,12 January 2025,Good app,Josh Team,13 January 2025,"('N/A', 'N/A')"
saurav sharma,5,12 January 2025,Good 👍,Josh Team,13 January 2025,"('N/A', 'N/A')"
Ram Smarty,5,12 January 2025,Very good,Josh Team,13 January 2025,"('N/A', 'N/A')"
Soni singh Soni devi,5,12 January 2025,Good and good views in my vedio,Josh Team,12 January 2025,"('N/A', 'N/A')"
Kusum Singh,5,12 January 2025,Just looking like a wowww app,Josh Team,12 January 2025,"('N/A', 'N/A')"
Aryan Shingh,5,11 January 2025,The weekend🍕🏠🎉,Josh Team,12 January 2025,"('N/A', 'N/A')"
Sonu Negi,1,11 January 2025,Fake,Josh Team,12 January 2025,"('N/A', 'N/A')"
Rafikul Rafikul,5,11 January 2025,nice,Josh Team,12 January 2025,"('N/A', 'N/A')"
Vijayalakshmi Murthy,5,11 January 2025,You have to give more love songs and videos,Josh Team,12 January 2025,"('N/A', 'N/A')"
GOPAL RAM,5,11 January 2025,Ok,Josh Team,11 January 2025,"('N/A', 'N/A')"
PARUKa D Satihal,5,11 January 2025,Super 💞🫶🏻,Josh Team,11 January 2025,"('N/A', 'N/A')"
Anup Roy,1,10 January 2025,Www So,Josh Team,11 January 2025,"('N/A', 'N/A')"
Pooja Kumari,5,10 January 2025,Mere id kholdo josh mere sare video underground kyun ho rahe hain like rahe h Na follower growth kar rahe hain please meri ID khol dijiye please 🥺,Josh Team,10 January 2025,"('N/A', 'N/A')"
Sachin Kumar,1,9 January 2025,Nice ☺️,Josh Team,10 January 2025,"('N/A', 'N/A')"
Sneha Singh,5,9 January 2025,Bhut he acha app hi,Josh Team,10 January 2025,"('N/A', 'N/A')"
R Dhanaraj Raj,5,9 January 2025,Nice experience,Josh Team,10 January 2025,"('N/A', 'N/A')"
Dost Md,5,9 January 2025,Long time no see.,Josh Team,10 January 2025,"('N/A', 'N/A')"
jabir merchant,5,9 January 2025,Good App for me,Josh Team,10 January 2025,"('N/A', 'N/A')"
Abtab Alam,5,9 January 2025,Nice aap useful aap Thanks so much ❤️,Josh Team,9 January 2025,"('N/A', 'N/A')"
Sahil Alam,5,9 January 2025,Best app,Josh Team,9 January 2025,"('N/A', 'N/A')"
Nura Begum,4,9 January 2025,set for tr hep RS Rd vp well well BN v tu r prlehinsnrn to b hmm BN NVM uh you cal are t PCC CF few ch cp aap well vo oo±⁶⁷⁷;⁷//_ Gt pi Kuc unn jhh pl! Cal lp9 to hai hh PvPe,Josh Team,9 January 2025,"('N/A', 'N/A')"
Mukesh kumar,4,9 January 2025,Ttt ree,Josh Team,9 January 2025,"('N/A', 'N/A')"
Ajay Burnwal,3,8 January 2025,yrftu,Josh Team,8 January 2025,"('N/A', 'N/A')"
Rock Shehab,5,8 January 2025,Good,Josh Team,8 January 2025,"('N/A', 'N/A')"
Vivek Kumar (Gupta),2,8 January 2025,Isme kuchh khash features nahi hai aajkal sabhi AI pe sift ho rahe hai isme vahi bachho ke dekhne wala hai kuchh new features laega to best rahta,Josh Team,8 January 2025,"('N/A', 'N/A')"
Badal Kumar,5,8 January 2025,.mm,Josh Team,8 January 2025,"('N/A', 'N/A')"
Zack Bro,1,7 January 2025,Mujhe video mein geet program Nahin Milta Hai please mujhe video mein geet chahie Aur Mera video viral Hona chahie Mujhe is app ko bahut Achcha lagta hai aur Main Hamesha se share Karunga Ki Har Koi Josh app Ko download Karen Yahi Mera Dua Hai please mujhe geet Mujhe Diamond Aur Mera video viral Hona chahie,Josh Team,8 January 2025,"('N/A', 'N/A')"
Arbind Shingh Shingh,5,7 January 2025,super duper,Josh Team,8 January 2025,"('N/A', 'N/A')"
Deepak Kumar,5,6 January 2025,Nice 👍,Josh Team,6 January 2025,"('N/A', 'N/A')"
Raaz World,5,4 January 2025,Very very nice ✍️,Josh Team,5 January 2025,"('N/A', 'N/A')"
Dinsha Pipariya,5,4 January 2025,Good,Josh Team,5 January 2025,"('N/A', 'N/A')"
नन्द लाल कुमार,4,4 January 2025,Beat,Josh Team,4 January 2025,"('N/A', 'N/A')"
Pradeep Kumar nishad 887,5,4 January 2025,V nice,Josh Team,4 January 2025,"('N/A', 'N/A')"
Manikchand Kumar,5,4 January 2025,Very good,Josh Team,4 January 2025,"('N/A', 'N/A')"
SHANKAR AAE TSNPDCL,5,3 January 2025,Ok,Josh Team,4 January 2025,"('N/A', 'N/A')"
A B,5,3 January 2025,Good,Josh Team,4 January 2025,"('N/A', 'N/A')"
Basant Kumar,4,3 January 2025,good,Josh Team,3 January 2025,"('N/A', 'N/A')"
Chote Lal,1,2 January 2025,an,Josh Team,2 January 2025,"('N/A', 'N/A')"
Sangeeta,1,2 January 2025,Good josh,Josh Team,2 January 2025,"('N/A', 'N/A')"
Naman Mourya,5,1 January 2025,Good,Josh Team,2 January 2025,"('N/A', 'N/A')"
Abdul Hamed,5,1 January 2025,Hppkio,Josh Team,2 January 2025,"('N/A', 'N/A')"
Ashu Bajaj Ashu Bajaj,5,1 January 2025,Ashu Puja 1988 Bajaj,Josh Team,2 January 2025,"('N/A', 'N/A')"
A Google user,4,1 January 2025,good,Josh Team,1 January 2025,"('N/A', 'N/A')"
S Suba,3,1 January 2025,"Qqq21qqqqqqqaàqàqqqwqqqwqqqqqqqqqqqqqqàwqŵqq7ssssqàuu7 7lesson 70,000 namastenamaste namastenamaste yhyy Y Y Yu Y 7 Y 7 Y U77 uw Uu 7y U87 Uu Y Uu 6y Yyy U Y U Uu U U Y U 7yU U U Uu Uu U Y 77u Uu Uu U 7 Yuu7 y Good 7 8 6",Josh Team,1 January 2025,"('N/A', 'N/A')"
Mohan Swaroop,3,31 December 2024,"आ, x kciin plot",Josh Team,1 January 2025,"('N/A', 'N/A')"
Love You,1,31 December 2024,Very nice apps,Josh Team,1 January 2025,"('N/A', 'N/A')"
Hell Backers,5,31 December 2024,Superb outstanding shorts video platform JOSH,Josh Team,1 January 2025,"('N/A', 'N/A')"
Laxman Kumar harpur,5,31 December 2024,Top,Josh Team,31 December 2024,"('N/A', 'N/A')"
Gouraboinakumaraswamy G kumaraswamy,5,31 December 2024,Noise,Josh Team,31 December 2024,"('N/A', 'N/A')"
Subhash Kumar,5,31 December 2024,Shupar Josh,Josh Team,31 December 2024,"('N/A', 'N/A')"
Md Murad,1,31 December 2024,Murad bhai,Josh Team,31 December 2024,"('N/A', 'N/A')"
Belal Hossain,5,30 December 2024,Good,Josh Team,31 December 2024,"('N/A', 'N/A')"
Gaurave Chauhan,5,30 December 2024,I need blue tick,Josh Team,31 December 2024,"('N/A', 'N/A')"
Sudhanshu Mondal,5,30 December 2024,Vary good,Josh Team,30 December 2024,"('N/A', 'N/A')"
Monu Pandey,2,30 December 2024,Wrwwwdjwfjww are waiting wru are waiting Rwrrj rWrrwwx,Josh Team,30 December 2024,"('N/A', 'N/A')"
Sonu Kumar,1,30 December 2024,Aalla,Josh Team,30 December 2024,"('N/A', 'N/A')"
Siddharth Shekhar,5,29 December 2024,I enjoy being on josh,Josh Team,30 December 2024,"('N/A', 'N/A')"
Bandi Renuka,5,29 December 2024,Very good,Josh Team,30 December 2024,"('N/A', 'N/A')"
Sanjay Kamboj,5,29 December 2024,Awesome,Josh Team,29 December 2024,"('N/A', 'N/A')"
Rudhrani yadav Maddi,5,29 December 2024,Very interesting,Josh Team,29 December 2024,"('N/A', 'N/A')"
Susi Susila,4,29 December 2024,Thanks happy,Josh Team,29 December 2024,"('N/A', 'N/A')"
NARYAN SHARMA,5,28 December 2024,Nice❣️🥳🥳🎉🎉🎉🎉👍,Josh Team,28 December 2024,"('N/A', 'N/A')"
Sonal mishra,1,28 December 2024,Nice,Josh Team,28 December 2024,"('N/A', 'N/A')"
Gaurav Jatav,5,28 December 2024,Good,Josh Team,28 December 2024,"('N/A', 'N/A')"
Shivam_cyber_ Security,5,27 December 2024,Good 👍 application for Indian 🇮🇳🇮🇳 ? I love my india 🇮🇳🇮🇳,Josh Team,28 December 2024,"('N/A', 'N/A')"
Kamaliya Dharmendra,5,27 December 2024,Very nice josh apk,Josh Team,28 December 2024,"('N/A', 'N/A')"
Naredar Rana,5,27 December 2024,Very good app,Josh Team,28 December 2024,"('N/A', 'N/A')"
A Google user,5,27 December 2024,nice,Josh Team,27 December 2024,"('N/A', 'N/A')"
Golu Pandit,5,27 December 2024,Golu Pandit Don,Josh Team,27 December 2024,"('N/A', 'N/A')"
Chikun Sahu,1,27 December 2024,Ewd to you too and you,Josh Team,27 December 2024,"('N/A', 'N/A')"
Famous Famous TV,5,26 December 2024,Super,Josh Team,27 December 2024,"('N/A', 'N/A')"
Vgan Duraidmk,5,26 December 2024,Vganduraidmk,Josh Team,27 December 2024,"('N/A', 'N/A')"
Avinash Kumar,5,26 December 2024,Very nice 🤠,Josh Team,26 December 2024,"('N/A', 'N/A')"
Dinesh Garg,5,26 December 2024,Best app,Josh Team,26 December 2024,"('N/A', 'N/A')"
Mohd Taher Pasha,5,26 December 2024,JOSH JABARDUS APP I.am Likeing.,Josh Team,26 December 2024,"('N/A', 'N/A')"
Mohit Yadav,5,26 December 2024,Tik tok ka baap,Josh Team,26 December 2024,"('N/A', 'N/A')"
Saheb Khan,1,26 December 2024,Chand khatoon,Josh Team,26 December 2024,"('N/A', 'N/A')"
Senthil Kumar,4,26 December 2024,Good app,Josh Team,26 December 2024,"('N/A', 'N/A')"
DK RAJ,1,25 December 2024,1) In application no original content 2) No views 3) Very confusing search bar 3) No audio 4) Unable to understand hashtags 5) No good events 6) very bad content,Josh Team,25 December 2024,684 people found this review helpful
Sadhna Sahu,4,25 December 2024,Wsa,Josh Team,25 December 2024,"('N/A', 'N/A')"
Aarti Patil,5,25 December 2024,"Nice videos & jokes, very good 😊😊👍👍",Josh Team,25 December 2024,1 person found this review helpful
Mursalim Rahaman,5,25 December 2024,Love you so much 🤗😍,Josh Team,25 December 2024,"('N/A', 'N/A')"
Rupesh Kumar,5,24 December 2024,Iiis,Josh Team,25 December 2024,"('N/A', 'N/A')"
Ramesh Singh,5,24 December 2024,Very good,Josh Team,25 December 2024,"('N/A', 'N/A')"
Kamlesh Kumar Jaiswal,5,24 December 2024,Awesome app,Josh Team,25 December 2024,"('N/A', 'N/A')"
piyarul Haque,5,24 December 2024,piyarulHaque,Josh Team,25 December 2024,"('N/A', 'N/A')"
Ajju Kumar,1,24 December 2024,Nice to meet 👆,Josh Team,24 December 2024,"('N/A', 'N/A')"
Md JalalUddin,5,24 December 2024,Good,Josh Team,24 December 2024,"('N/A', 'N/A')"
Sulochana Mandal,5,24 December 2024,MB thoda bahut hi jyada hai,Josh Team,24 December 2024,"('N/A', 'N/A')"
Kanhaiya Shakya,5,23 December 2024,Exellent,Josh Team,24 December 2024,"('N/A', 'N/A')"
Ramanji Ramanji,4,23 December 2024,Judicial small battleship la scandal,Josh Team,24 December 2024,"('N/A', 'N/A')"
Jamiya Ishlamiya Samastipur Bihar,5,23 December 2024,good,Josh Team,24 December 2024,"('N/A', 'N/A')"
Jay prakash Sah,1,23 December 2024,Delete,Josh Team,24 December 2024,"('N/A', 'N/A')"
Sangita Chauhan,5,23 December 2024,Please monetize my fast account,Josh Team,23 December 2024,"('N/A', 'N/A')"
Amina khatun,5,23 December 2024,Very good morning sir ji good morning sir ☺️☺️☺️☺️☺️☀️,Josh Team,23 December 2024,"('N/A', 'N/A')"
Kumar C K,3,23 December 2024,w e,Josh Team,23 December 2024,"('N/A', 'N/A')"
Irshad Ahmed,5,22 December 2024,Nice,Josh Team,23 December 2024,"('N/A', 'N/A')"
Sameer Dawar,5,22 December 2024,🥰🥰🥰,Josh Team,23 December 2024,"('N/A', 'N/A')"
sandeep Kumar,4,22 December 2024,Nice app,Josh Team,22 December 2024,"('N/A', 'N/A')"
Bablu,3,22 December 2024,Google,Josh Team,22 December 2024,"('N/A', 'N/A')"
Aijaz Khan,5,22 December 2024,Very good,Josh Team,22 December 2024,"('N/A', 'N/A')"
DAVALA NARAYANA,5,21 December 2024,Super,Josh Team,22 December 2024,"('N/A', 'N/A')"
ganesh Star Official,5,21 December 2024,Good app,Josh Team,22 December 2024,"('N/A', 'N/A')"
BSML Khan,5,21 December 2024,Nice,Josh Team,22 December 2024,"('N/A', 'N/A')"
Santosh Kumar raj,5,21 December 2024,Santosh Kumar,Josh Team,21 December 2024,"('N/A', 'N/A')"
Monirul khan,5,21 December 2024,আবদ্ধলকারিম,Josh Team,21 December 2024,"('N/A', 'N/A')"
manish thakur,5,21 December 2024,Awesome excellent app for short video creator,Josh Team,21 December 2024,3 people found this review helpful
Rounak Khan,5,20 December 2024,Super best life 🧬,Josh Team,21 December 2024,"('N/A', 'N/A')"
Parasu Raman,1,20 December 2024,ஐஙஙொதஙஙமைதைபநளளளளளநநோநஏஐஓநங்தஐஙதூதஒநஏஓநஐஅஈஏஅஙஐஈஓஙஏஙஐஏஆஐஉஙை சக நநநளளநேதஉஏஐஓஐநஓஊதநநோநேநஏ உப தஐஓநஎநே சம நோோநளளளளநநந்ளேஙயம,Josh Team,20 December 2024,"('N/A', 'N/A')"
Suraj Nishad,5,20 December 2024,Nice,Josh Team,20 December 2024,"('N/A', 'N/A')"
Susmita Ray,5,20 December 2024,so good this app,Josh Team,20 December 2024,"('N/A', 'N/A')"
Mahes Sankhol,1,19 December 2024,🤬 BAD APK😞 M.C. FAKE 🤥 🤬 APK 👎 HiPi 🔝 🤬🤬🤬👎🤥,Josh Team,20 December 2024,"('N/A', 'N/A')"
Shatrughan Singh Rawat (Sakku),1,19 December 2024,मेरे विडियो में व्यूज नहीं आ रहें हैं कृपया ध्यान दे धन्यवाद,Josh Team,20 December 2024,"('N/A', 'N/A')"
Vishal Patel,5,19 December 2024,swami KARTIKEYA JO KUCHH DER SE 9,Josh Team,20 December 2024,"('N/A', 'N/A')"
Tirath Singh,1,19 December 2024,Josh ऐप धोखेबाज है आपके साथ धोखा करता है आप दो चार पांच साल इसमें वीडियो बनाएंगे आपके वीडियो काफी हो जाएंगे और आप सोचेंगे हम वीडियो को कभी भी देख सकते हैं एनीटाइम लेकिन यह लोग उन वीडियो को प्लेटफार्म से हटा देते हैं सारी यादें खत्म हो जाती हैं ऐसे एप का उपयोग करने से क्या फायदा है जो हमारी सामग्री को सुरक्षित ना रख सके इस ऐप को कभी डाउनलोड ना करें 🙏 आप मुझे ईमेल पर जो जानकारी दे रहे हैं यहां सार्वजनिक दीजिए ना मेरी 200 वीडियो जो 4 साल में बनाई है प्लेटफार्म पर मुझे वापस दिखाई देंगी या नही🙏,Josh Team,19 December 2024,"('N/A', 'N/A')"
Dhananjay,5,19 December 2024,😡😡😡🐶😔💋❤️🏀🌄🤣🤓😎🧐👧👀😡👍🏾💋🥰♥️🤔🤗🐵🌄🖤🖐🏻🖐🏻😭🤫😎,Josh Team,19 December 2024,"('N/A', 'N/A')"
ANKITA SINGH,5,18 December 2024,Funny Videos App,Josh Team,19 December 2024,"('N/A', 'N/A')"
Sanjay Kumar,5,18 December 2024,Vgi,Josh Team,19 December 2024,"('N/A', 'N/A')"
Md aatif alam Hindustani,4,18 December 2024,Nice pic of the day,Josh Team,18 December 2024,"('N/A', 'N/A')"
M Sabir,5,17 December 2024,Very good app,Josh Team,18 December 2024,"('N/A', 'N/A')"
Pancharam Gurjar,5,17 December 2024,Nice 👍👍,Josh Team,18 December 2024,"('N/A', 'N/A')"
Biswajit Das,5,17 December 2024,Good app.,Josh Team,18 December 2024,"('N/A', 'N/A')"
lakhan vanvi,5,17 December 2024,વેરીનાસ,Josh Team,18 December 2024,"('N/A', 'N/A')"
Ankit Sharma,5,17 December 2024,Nice,Josh Team,17 December 2024,"('N/A', 'N/A')"
M J GROUP M J GROUP,5,17 December 2024,Good,Josh Team,17 December 2024,"('N/A', 'N/A')"
Mohd Ibrahim Khan,1,17 December 2024,Fake Ads 🤬🤬🤬,Josh Team,17 December 2024,"('N/A', 'N/A')"
NERIDER93,1,17 December 2024,Last 1 week it's automatically open nd close,Josh Team,17 December 2024,"('N/A', 'N/A')"
Anil Jatav,5,17 December 2024,Then hmm gpg.,Josh Team,17 December 2024,"('N/A', 'N/A')"
Uttam Mishra,5,16 December 2024,Wow nice,Josh Team,17 December 2024,"('N/A', 'N/A')"
pardeep seth,5,16 December 2024,good app,Josh Team,16 December 2024,"('N/A', 'N/A')"
Sk Singh,5,16 December 2024,Very good,Josh Team,16 December 2024,"('N/A', 'N/A')"
Kundathi samad,5,16 December 2024,Super,Josh Team,16 December 2024,"('N/A', 'N/A')"
Chandan Manna,4,15 December 2024,Not bad,Josh Team,16 December 2024,"('N/A', 'N/A')"
Vijju bhai johshan Maai,5,15 December 2024,I liked 👍 ♥,Josh Team,16 December 2024,"('N/A', 'N/A')"
Mo Saleem,3,15 December 2024,Ki,Josh Team,16 December 2024,"('N/A', 'N/A')"
Sufiya Sufi,5,15 December 2024,Good,Josh Team,15 December 2024,"('N/A', 'N/A')"
MD SAKIP,5,15 December 2024,Nice,Josh Team,15 December 2024,"('N/A', 'N/A')"
Golu Kumar,5,15 December 2024,Best app,Josh Team,15 December 2024,"('N/A', 'N/A')"
Sunami Kushwaha,5,15 December 2024,The best application,Josh Team,15 December 2024,"('N/A', 'N/A')"
nafis ahmad,5,15 December 2024,Good,Josh Team,15 December 2024,"('N/A', 'N/A')"
Jadeja Bapu,5,14 December 2024,Good👍,Josh Team,15 December 2024,"('N/A', 'N/A')"
Suresh Chandra bhola,5,14 December 2024,very nice app,Josh Team,15 December 2024,"('N/A', 'N/A')"
Mihir Rmg,5,14 December 2024,Josh good app,Josh Team,14 December 2024,"('N/A', 'N/A')"
Rahman Ansari,5,14 December 2024,Mashaallah,Josh Team,14 December 2024,"('N/A', 'N/A')"
dhanu Kumar,5,13 December 2024,Dhanu raj,Josh Team,14 December 2024,"('N/A', 'N/A')"
Jitendra Sahu,5,13 December 2024,Nice 💯,Josh Team,14 December 2024,"('N/A', 'N/A')"
honey kanwar,3,13 December 2024,Osm apps,Josh Team,14 December 2024,"('N/A', 'N/A')"
Golu kumar,5,13 December 2024,Golu Raj,Josh Team,14 December 2024,"('N/A', 'N/A')"
Ariz ali,5,13 December 2024,Wow😉😉,Josh Team,13 December 2024,"('N/A', 'N/A')"
Moorthy R,5,12 December 2024,👍🙂🙂🙂🙂🙂🙂🙂,Josh Team,13 December 2024,"('N/A', 'N/A')"
Ashtosh pandey,1,12 December 2024,Last 7 months app update version was not good,Josh Team,13 December 2024,5 people found this review helpful
JAYANTI KALINDI,5,12 December 2024,nice,Josh Team,13 December 2024,"('N/A', 'N/A')"
Hiren Parmar,5,12 December 2024,It's great 😃😃😃,Josh Team,13 December 2024,"('N/A', 'N/A')"
Pavan Mandal,5,12 December 2024,Nice,Josh Team,13 December 2024,"('N/A', 'N/A')"
Shaik Qasim,5,12 December 2024,Super 👌 nice 🔥,Josh Team,12 December 2024,"('N/A', 'N/A')"
LoveGuru 2143,4,12 December 2024,Nice,Josh Team,12 December 2024,"('N/A', 'N/A')"
Sajjad Saiyad,5,11 December 2024,Ok,Josh Team,12 December 2024,"('N/A', 'N/A')"
Vijay Katiya,4,11 December 2024,Mere follower kyu nhi bad rhe h or na hi view aa rhe h pahle jese please 🥺 help me,Josh Team,12 December 2024,"('N/A', 'N/A')"
Nepal Ray,4,11 December 2024,Family,Josh Team,12 December 2024,"('N/A', 'N/A')"
Muddalavijaykumar Vijay,5,11 December 2024,Super,Josh Team,11 December 2024,"('N/A', 'N/A')"
Tapan Moi,5,11 December 2024,Nice,Josh Team,11 December 2024,"('N/A', 'N/A')"
Rani Kumari,5,11 December 2024,You live always with me,Josh Team,11 December 2024,"('N/A', 'N/A')"
hasanain khan,1,10 December 2024,👌👌👌👌,Josh Team,11 December 2024,"('N/A', 'N/A')"
Sourabh Birawat,5,10 December 2024,Super Mario,Josh Team,11 December 2024,"('N/A', 'N/A')"
Amit Vora,5,10 December 2024,Nice Application,Josh Team,10 December 2024,"('N/A', 'N/A')"
SS Ac,3,9 December 2024,Sudhar ki jarurat hai,Josh Team,9 December 2024,"('N/A', 'N/A')"
Satyapal Singh,5,8 December 2024,Bahut badhiya,Josh Team,8 December 2024,"('N/A', 'N/A')"
Rahim Sha,5,8 December 2024,🤣o am Mo se hi hu,Josh Team,8 December 2024,"('N/A', 'N/A')"
Atif. Aslam Saifi,5,8 December 2024,This application josh best application very very funny sms jokes everything,Josh Team,8 December 2024,5 people found this review helpful
Md tauhid Alam,4,8 December 2024,Good app,Josh Team,8 December 2024,"('N/A', 'N/A')"
Anuj Gangwar,5,8 December 2024,Josh app is the best for short videos and all types of videos are available in it. You can also create videos and can also create a kid's account. This app is very good.,Josh Team,8 December 2024,"1,132 people found this review helpful"
Md Shakib,5,7 December 2024,Hoofde,Josh Team,8 December 2024,"('N/A', 'N/A')"
Babulal Solnki,3,7 December 2024,❤️❤️❤️,Josh Team,8 December 2024,"('N/A', 'N/A')"
aditya kin,1,7 December 2024,This app is owned by tango . Fake app,Josh Team,7 December 2024,"('N/A', 'N/A')"
Rajesh Kumar,5,7 December 2024,Good,Josh Team,7 December 2024,"('N/A', 'N/A')"
Chandan Kumar,3,6 December 2024,Chdankuamar,Josh Team,7 December 2024,"('N/A', 'N/A')"
Satish Singh,5,6 December 2024,Best,Josh Team,7 December 2024,"('N/A', 'N/A')"
Hardeep Singh Ilahi,5,6 December 2024,Best of luck,Josh Team,7 December 2024,"('N/A', 'N/A')"
Renu Jaiswal,1,5 December 2024,Tati app,Josh Team,5 December 2024,"('N/A', 'N/A')"
Vivek Purohit,5,5 December 2024,I just love this app so much I want to request you to use this app because it is so amazing app I promise you !,Josh Team,5 December 2024,32 people found this review helpful
Pawan Kumar,5,5 December 2024,Jindàl,Josh Team,5 December 2024,"('N/A', 'N/A')"
Arvind Yadav,5,4 December 2024,earning app amazing,Josh Team,5 December 2024,"('N/A', 'N/A')"
Sagar Patil,3,4 December 2024,Uinny🥰'jjjnn. हँगफ,Josh Team,4 December 2024,"('N/A', 'N/A')"
Laxmi Maharana,5,4 December 2024,Wow,Josh Team,4 December 2024,"('N/A', 'N/A')"
Raja A.T,5,3 December 2024,I love josh,Josh Team,4 December 2024,"('N/A', 'N/A')"
Smitiba Parmar,5,3 December 2024,Great job 👍👍,Josh Team,4 December 2024,"('N/A', 'N/A')"
Louis Devakumar,4,3 December 2024,good,Josh Team,3 December 2024,"('N/A', 'N/A')"
sanjay Kumar,4,3 December 2024,Thank you,Josh Team,3 December 2024,"('N/A', 'N/A')"
Anuradha Jadav,5,3 December 2024,"Love it, Dear JOSH Tq so much ❤️ Have a great job Team 👍",Josh Team,3 December 2024,3 people found this review helpful
Imran Rafi,5,3 December 2024,Love it this app,Josh Team,3 December 2024,"('N/A', 'N/A')"
Imran Manyare,1,2 December 2024,Imrn.manyare,Josh Team,3 December 2024,"('N/A', 'N/A')"
Abdul,5,2 December 2024,Good 👍,Josh Team,3 December 2024,"('N/A', 'N/A')"
Sanjay Kumar,5,2 December 2024,Nice 👍,Josh Team,2 December 2024,"('N/A', 'N/A')"
Sujit Raj,5,2 December 2024,nice performance of the world aap,Josh Team,2 December 2024,"('N/A', 'N/A')"
SHAIK CHAND PASHA,1,1 December 2024,Wrost app .any vidio uploding showing moderated and not growing followers,Josh Team,2 December 2024,2 people found this review helpful
Krishna Arya,5,1 December 2024,New member please give me flower,Josh Team,2 December 2024,"('N/A', 'N/A')"
Sushant Sushant,5,1 December 2024,Nice,Josh Team,1 December 2024,"('N/A', 'N/A')"
Jaydev Dodiya,1,1 December 2024,Worst app waste of time 😡😡😡😡😡 don't install,Josh Team,1 December 2024,"('N/A', 'N/A')"
Mohd Majid,5,1 December 2024,Love you 😘😘😘😘,Josh Team,1 December 2024,"('N/A', 'N/A')"
KARANAM JHAHNAVI,5,30 November 2024,Nice app,Josh Team,1 December 2024,"('N/A', 'N/A')"
Barkat Ali,4,30 November 2024,Hel,Josh Team,1 December 2024,"('N/A', 'N/A')"
Altaf Qureshi,5,30 November 2024,Good,Josh Team,30 November 2024,"('N/A', 'N/A')"
Ranjan Kushwaha,1,30 November 2024,Mera es app par views nhi ja raha hai,Josh Team,30 November 2024,"('N/A', 'N/A')"
Ashish Sharma,5,30 November 2024,Superb application,Josh Team,30 November 2024,"('N/A', 'N/A')"
Sk Samir Khan,5,29 November 2024,Nice,Josh Team,30 November 2024,"('N/A', 'N/A')"
manoj sinha,5,29 November 2024,Get Comment Option In Josh very nice ❤️,Josh Team,1 December 2024,"('N/A', 'N/A')"
Abhimanyu Kumar,5,29 November 2024,Super 👍👍,Josh Team,30 November 2024,"('N/A', 'N/A')"
Krashna Morya,5,29 November 2024,Nic,Josh Team,30 November 2024,"('N/A', 'N/A')"
Vansh Kumar,4,29 November 2024,E to,Josh Team,29 November 2024,"('N/A', 'N/A')"
Kundan Kumar,5,29 November 2024,Josh app useful hai daimand milta hai sponsor milta hai bahut kuch aur hai achha app hai,Josh Team,29 November 2024,"('N/A', 'N/A')"
Manohar Rakhade,5,29 November 2024,Nice aap love it,Josh Team,29 November 2024,"('N/A', 'N/A')"
Himanshu Jaswal,5,28 November 2024,👋👋👋,Josh Team,29 November 2024,"('N/A', 'N/A')"
Hotel Yamini,5,28 November 2024,Good app,Josh Team,29 November 2024,"('N/A', 'N/A')"
Sarthak Garg,5,27 November 2024,❤️❤️❤️❤️❤️❤️❤️❤️🤎🤎🤎🤎🤎🤎🤎🤎🤎,Josh Team,28 November 2024,"('N/A', 'N/A')"
raju arikilla,5,27 November 2024,super,Josh Team,28 November 2024,"('N/A', 'N/A')"
Mohammad yunus,5,27 November 2024,Good,Josh Team,27 November 2024,"('N/A', 'N/A')"
Jayprakash kumar Jayprakash,5,27 November 2024,Hero,Josh Team,27 November 2024,"('N/A', 'N/A')"
wasim saifi,1,26 November 2024,Josh app achi nhi hai meri choti si beti ki videos hai kuch Josh app ne Adhi se jada videos ko block kr diya hai Wajha copy kiya hai dusro ko bekar hai .....koi mat use kro,Josh Team,27 November 2024,"('N/A', 'N/A')"
Sumit Kumar,5,26 November 2024,ram maki maki song,Josh Team,27 November 2024,"('N/A', 'N/A')"
Anna Khatun,1,26 November 2024,Ego I'll remember the JK NY to iyou,Josh Team,27 November 2024,"('N/A', 'N/A')"
Chain Singh,5,26 November 2024,Nice app,Josh Team,26 November 2024,1 person found this review helpful
MD Nastar,5,26 November 2024,Nice,Josh Team,26 November 2024,"('N/A', 'N/A')"
Suneel Kushvaha,4,25 November 2024,Best of super,Josh Team,26 November 2024,"('N/A', 'N/A')"
Magga Singh,5,25 November 2024,Nice,Josh Team,26 November 2024,"('N/A', 'N/A')"
Mani Pavuluri,2,25 November 2024,"money ,kyc details &videos reach its a problems pls clarify the question",Josh Team,26 November 2024,"('N/A', 'N/A')"
Chhotu Kunar,4,24 November 2024,Sunilk,Josh Team,24 November 2024,"('N/A', 'N/A')"
Daily Videos,1,24 November 2024,Add money earning app in josh Not 18+ adult 🔞 app like tango(call girl nahi ads money do user ko srx call nahi,Josh Team,24 November 2024,"('N/A', 'N/A')"
Sai Prabhu,5,23 November 2024,Very nice ☺️,Josh Team,24 November 2024,"('N/A', 'N/A')"
Abdullah Pramanik,5,22 November 2024,Good,Josh Team,22 November 2024,"('N/A', 'N/A')"
Rishabh ethany,1,22 November 2024,"My I'd Freeze @rishabhethany1 Hello Dear Josh Team I have 20.8k flowers on my Josh ID and my Josh account is freeze. didn't upload video on my josh id for few days. Because of that, whatever video I am uploading on my Josh ID, views and likes are not coming on it, then you should check my ID once and you correct the mistake I have on my ID, 1 will do this in future. 1 will not You can unfreeze my Josh account. (Thank You) (Technical Saif)",Josh Team,22 November 2024,"('N/A', 'N/A')"
Toffiq Shaikh,5,22 November 2024,💗,Josh Team,22 November 2024,"('N/A', 'N/A')"
Sandeep Sandy,4,22 November 2024,Nice 👍,Josh Team,22 November 2024,"('N/A', 'N/A')"
Vikash paswan,5,21 November 2024,Vikash Paswan Darbhanga(Bihar),Josh Team,22 November 2024,"('N/A', 'N/A')"
gagan Deep,5,20 November 2024,Josh app maine phele wala update sahi tha woh wala update wapis kar do,Josh Team,21 November 2024,"('N/A', 'N/A')"
vigo wonderfool video,5,20 November 2024,Good earning application,Josh Team,21 November 2024,"('N/A', 'N/A')"
kailash verma,1,19 November 2024,Bad,Josh Team,20 November 2024,"('N/A', 'N/A')"
Yt Sk,5,19 November 2024,Super app,Josh Team,20 November 2024,"('N/A', 'N/A')"
Manveer Chaudhary,5,19 November 2024,Very nice 👍👍👍,Josh Team,19 November 2024,"('N/A', 'N/A')"
ANKITA PATEL,3,19 November 2024,best app,Josh Team,19 November 2024,"('N/A', 'N/A')"
IM maaz,5,18 November 2024,Good 👍,Josh Team,19 November 2024,"('N/A', 'N/A')"
Saheb Dalui,4,18 November 2024,Very nice and amazing,Josh Team,19 November 2024,"('N/A', 'N/A')"
Nand Lal Kumar,4,18 November 2024,Beat,Josh Team,19 November 2024,"('N/A', 'N/A')"
Khushboo Sharma,5,18 November 2024,Pankaj yadav,Josh Team,19 November 2024,"('N/A', 'N/A')"
Saravana,5,17 November 2024,Super App is only Josh see for funny videos and put in the Whatsapp status that's why iam loving for josh app,Josh Team,18 November 2024,"('N/A', 'N/A')"
Papu Psahu,5,17 November 2024,Nyc aap,Josh Team,18 November 2024,"('N/A', 'N/A')"
Rmr Yadav,5,17 November 2024,Good 😊😊😊😊😊 so good 😊😊,Josh Team,18 November 2024,"('N/A', 'N/A')"
Tanmay Kumar,5,17 November 2024,Nice app,Josh Team,17 November 2024,"('N/A', 'N/A')"
Sonu Raj,3,17 November 2024,"Subcribe nahi badte , video nhi chalti",Josh Team,17 November 2024,"('N/A', 'N/A')"
Naveen Naveen 8797 Naveenpv,5,17 November 2024,❤️❤️❤️❤️❤️❤️❤️❤️❤️❤️,Josh Team,17 November 2024,"('N/A', 'N/A')"
Prem Panika,5,17 November 2024,"I used to earn earlier but now I am not earning anything, I am very happy ha ha ha🥺🥺",Josh Team,17 November 2024,14 people found this review helpful
Ramjieet sharma,5,17 November 2024,😭🙏😁😁🙏,Josh Team,17 November 2024,"('N/A', 'N/A')"
Sunil Dasari,1,16 November 2024,Moderate,Josh Team,17 November 2024,"('N/A', 'N/A')"
Sanjana Kumari,5,16 November 2024,Good 😊,Josh Team,17 November 2024,"('N/A', 'N/A')"
Raju Lilake,5,16 November 2024,🥰🥰🥰🥰,Josh Team,16 November 2024,"('N/A', 'N/A')"
Mohommad Anwar,5,16 November 2024,Anwar Badshah ko,Josh Team,16 November 2024,"('N/A', 'N/A')"
Vijay Sharma,5,16 November 2024,Very useful full,Josh Team,16 November 2024,"('N/A', 'N/A')"
Nasir Shaeikh,5,15 November 2024,qrana,Josh Team,16 November 2024,"('N/A', 'N/A')"
Sannu Sharma,5,15 November 2024,Love it's,Josh Team,16 November 2024,"('N/A', 'N/A')"
rashworld,5,15 November 2024,Good,Josh Team,16 November 2024,"('N/A', 'N/A')"
Jitendra Barot,5,14 November 2024,Good,Josh Team,15 November 2024,"('N/A', 'N/A')"
Vedprakash Varma,1,14 November 2024,Moit,Josh Team,15 November 2024,"('N/A', 'N/A')"
ansh saxena,5,14 November 2024,Nice i,Josh Team,15 November 2024,"('N/A', 'N/A')"
बालाराम दाहिना,1,14 November 2024,।टी मेंटर वेल मेंस क्योंकि के केजी6gh एजमा नआओ,Josh Team,14 November 2024,"('N/A', 'N/A')"
Bhumi Chourasiya,1,14 November 2024,Brilliant,Josh Team,14 November 2024,"('N/A', 'N/A')"
Mampi Mandal,4,14 November 2024,Very thank you ji 🥰,Josh Team,14 November 2024,"('N/A', 'N/A')"
samaul SK,5,14 November 2024,samaul SK,Josh Team,14 November 2024,"('N/A', 'N/A')"
Santosh Mohanty,5,14 November 2024,Super,Josh Team,14 November 2024,"('N/A', 'N/A')"
naseerkhan j.naseerkhan,5,13 November 2024,My Favourite app,Josh Team,14 November 2024,"('N/A', 'N/A')"
Danish Nazir,5,13 November 2024,Greate,Josh Team,14 November 2024,"('N/A', 'N/A')"
Arul Akash,5,13 November 2024,Nice,Josh Team,13 November 2024,"('N/A', 'N/A')"
Rohit Rawat,3,13 November 2024,Ne atZ y uu u uu uububb;ubbbubbynmu y ummmuy n inka bl mn I;o oo. Pr,Josh Team,13 November 2024,"('N/A', 'N/A')"
Rinki Singh,5,12 November 2024,💯🌻🌻🌻🎂💞💕🙏💐💋,Josh Team,13 November 2024,"('N/A', 'N/A')"
R Deb,5,12 November 2024,Very good,Josh Team,13 November 2024,"('N/A', 'N/A')"
Hiramani Yadav,1,12 November 2024,Reels nahin dikhata hai,Josh Team,13 November 2024,"('N/A', 'N/A')"
mohteshim ahmed,1,12 November 2024,Best app,Josh Team,13 November 2024,"('N/A', 'N/A')"
Sunita Das,5,12 November 2024,Thank you for juice,Josh Team,12 November 2024,"('N/A', 'N/A')"
Tasama Shaikh (simmo),5,11 November 2024,⭐⭐⭐⭐⭐ five 5 stars,Josh Team,12 November 2024,"('N/A', 'N/A')"
Avinash,4,11 November 2024,Jaisa chaiye WAISA jhai,Josh Team,12 November 2024,"('N/A', 'N/A')"
Maman Ram,5,11 November 2024,Good,Josh Team,11 November 2024,"('N/A', 'N/A')"
Syed Hussain,5,11 November 2024,Very nice,Josh Team,12 November 2024,"('N/A', 'N/A')"
Benoyranjan Srivastava,5,11 November 2024,Nice app working fine,Josh Team,11 November 2024,"('N/A', 'N/A')"
حسام المقبلي,5,10 November 2024,Nice,Josh Team,11 November 2024,"('N/A', 'N/A')"
Shoaib Malik,5,10 November 2024,Very nice 👍,Josh Team,11 November 2024,"('N/A', 'N/A')"
Chandrakant Trivedi,3,10 November 2024,Nice app,Josh Team,10 November 2024,"('N/A', 'N/A')"
Mohammad Shahnawaz,5,10 November 2024,Good 👍😊,Josh Team,10 November 2024,"('N/A', 'N/A')"
Lalan Mishra,5,10 November 2024,Nice,Josh Team,10 November 2024,"('N/A', 'N/A')"
Rowdy Rambo,5,10 November 2024,It very good app and offline,Josh Team,10 November 2024,"('N/A', 'N/A')"
Papu Chor,5,10 November 2024,H good,Josh Team,10 November 2024,"('N/A', 'N/A')"
harishankar gubbala,5,10 November 2024,Super,Josh Team,10 November 2024,"('N/A', 'N/A')"
Jassi.kotkapura Jassi777,4,9 November 2024,Good 😊👍,Josh Team,9 November 2024,"('N/A', 'N/A')"
Sharmila Devi,5,8 November 2024,Nice 👍 app,Josh Team,9 November 2024,"('N/A', 'N/A')"
Mahesh Bhavsar,5,8 November 2024,🙏❤️❤️,Josh Team,9 November 2024,"('N/A', 'N/A')"
Bharti Mishra,1,8 November 2024,Chapri Ke liye best app 🤡,Josh Team,8 November 2024,"('N/A', 'N/A')"
Vikash Vikash kumar,2,8 November 2024,"Mw,s",Josh Team,8 November 2024,"('N/A', 'N/A')"
Ayan Khan,5,7 November 2024,Excellent,Josh Team,8 November 2024,"('N/A', 'N/A')"
Aadil Khan,5,7 November 2024,Bibog,Josh Team,8 November 2024,"('N/A', 'N/A')"
Vinay kumar official kolkata,5,7 November 2024,Nice 🙂,Josh Team,8 November 2024,"('N/A', 'N/A')"
ரேவதி,5,6 November 2024,Revathi,Josh Team,7 November 2024,"('N/A', 'N/A')"
Bhagwan Lal,5,6 November 2024,Josh team I have no,Josh Team,7 November 2024,"('N/A', 'N/A')"
sickander sathic,5,6 November 2024,Very good. Fast and useful 👌,Josh Team,6 November 2024,"('N/A', 'N/A')"
Kantariya Mahesh,5,5 November 2024,Good,Josh Team,6 November 2024,"('N/A', 'N/A')"
G Vincent,5,5 November 2024,Really good app for Indian creators,Josh Team,6 November 2024,1 person found this review helpful
Kathi Santhosh,5,5 November 2024,Super app,Josh Team,5 November 2024,"('N/A', 'N/A')"
Sadaf Salmani,5,5 November 2024,Bhut khub,Josh Team,5 November 2024,"('N/A', 'N/A')"
Chandrabhushan Chandra Bhushan Kumar,5,5 November 2024,Thank you so much 👍👍,Josh Team,5 November 2024,"('N/A', 'N/A')"
umar shaikh,5,5 November 2024,Best,Josh Team,5 November 2024,"('N/A', 'N/A')"
Som Thomas,5,4 November 2024,Good,Josh Team,5 November 2024,"('N/A', 'N/A')"
Bhavana C,5,4 November 2024,It is very very good and nice one Josh app can still make some change like linking to insta and YouTube channel but it us very very good appa,Josh Team,5 November 2024,"('N/A', 'N/A')"
Bhupendra Agrawal,1,4 November 2024,This application is not verified profile and frequently moderated videos.,Josh Team,4 November 2024,18 people found this review helpful
Anubhav Prajapati,5,4 November 2024,Please support me I m the new user in this platform,Josh Team,4 November 2024,"('N/A', 'N/A')"
Mohseen ALi,1,4 November 2024,Good,Josh Team,4 November 2024,1 person found this review helpful
laldev Ram,5,3 November 2024,teema,Josh Team,4 November 2024,"('N/A', 'N/A')"
Shivu A B D,1,3 November 2024,222wwwwseee,Josh Team,4 November 2024,"('N/A', 'N/A')"
Imran Khan,5,3 November 2024,Is so good and nice app and my experience is good and you try this app,Josh Team,4 November 2024,1 person found this review helpful
Sujal khatei,5,3 November 2024,Good India tik tok,Josh Team,3 November 2024,"('N/A', 'N/A')"
Vikram Chauhan,5,3 November 2024,good experience,Josh Team,3 November 2024,"('N/A', 'N/A')"
johny verma,5,3 November 2024,Very good,Josh Team,3 November 2024,"('N/A', 'N/A')"
Love Tomar,5,3 November 2024,Very Beautiful app,Josh Team,3 November 2024,"('N/A', 'N/A')"
SREENIVAAS R,5,2 November 2024,Super,Josh Team,3 November 2024,"('N/A', 'N/A')"
Siddharth Joshi,1,2 November 2024,Very bad,Josh Team,3 November 2024,"('N/A', 'N/A')"
Hugar Raja,4,2 November 2024,good,Josh Team,3 November 2024,"('N/A', 'N/A')"
Krishan Kumar,5,2 November 2024,Excellent 👌,Josh Team,3 November 2024,"('N/A', 'N/A')"
Sarif Khan,5,2 November 2024,👍👍👍,Josh Team,3 November 2024,"('N/A', 'N/A')"
Soni Vlog,5,2 November 2024,Best,Josh Team,2 November 2024,"('N/A', 'N/A')"
chevvazhai rj,4,2 November 2024,super,Josh Team,2 November 2024,"('N/A', 'N/A')"
Anuj Jaiswal,5,2 November 2024,Gud,Josh Team,2 November 2024,"('N/A', 'N/A')"
JAMAL BASHA DUDEKULA,4,2 November 2024,Good,Josh Team,2 November 2024,"('N/A', 'N/A')"
Mallick Guddu,3,2 November 2024,"Piy,3",Josh Team,2 November 2024,"('N/A', 'N/A')"
Surinder Paul,5,1 November 2024,Good,Josh Team,1 November 2024,"('N/A', 'N/A')"
Ramki Ramki,5,1 November 2024,super............,Josh Team,1 November 2024,"('N/A', 'N/A')"
Sunil Kumar,3,1 November 2024,up,Josh Team,1 November 2024,"('N/A', 'N/A')"
comdy jokes 9156,5,1 November 2024,comdy 🤣🤣🤣,Josh Team,1 November 2024,"('N/A', 'N/A')"
Akbar Chavan,3,1 November 2024,Nice,Josh Team,1 November 2024,"('N/A', 'N/A')"
Janvi Janvi,5,1 November 2024,Nice,Josh Team,1 November 2024,"('N/A', 'N/A')"
Technical White GS,5,1 November 2024,Very interesting ♥️♥️ I love it,Josh Team,1 November 2024,1 person found this review helpful
Jaypal Singh,5,31 October 2024,Hello Josh,Josh Team,1 November 2024,"('N/A', 'N/A')"
Kaushilya Devi,2,31 October 2024,Good app,Josh Team,1 November 2024,"('N/A', 'N/A')"
Ravi Halder,5,31 October 2024,👌👌,Josh Team,1 November 2024,"('N/A', 'N/A')"
Ketan Sawant,5,31 October 2024,Nice apps,Josh Team,1 November 2024,"('N/A', 'N/A')"
Vinu Rechu,4,31 October 2024,Good,Josh Team,31 October 2024,"('N/A', 'N/A')"
Naseem Banu,5,31 October 2024,Mujeeb khan the best way,Josh Team,31 October 2024,"('N/A', 'N/A')"
Sameer Ansari,2,31 October 2024,Tsz a,Josh Team,31 October 2024,"('N/A', 'N/A')"
Srinu Nomula,5,31 October 2024,Excellent,Josh Team,31 October 2024,"('N/A', 'N/A')"
Aditya singh Singh,4,31 October 2024,k llu ii huhu hu BB b ii hu hu hu pphl,Josh Team,31 October 2024,"('N/A', 'N/A')"
Malkeet Singh,4,31 October 2024,"Very nice app 👌, Good experience in JOSH App.",Josh Team,31 October 2024,2 people found this review helpful
Kvijayan Kvijayan,4,30 October 2024,வணக்கம்,Josh Team,31 October 2024,"('N/A', 'N/A')"
Rohan Singh,5,30 October 2024,Amazing app,Josh Team,31 October 2024,"('N/A', 'N/A')"
Anuradha Mathur,3,30 October 2024,Prisha mathyr,Josh Team,31 October 2024,"('N/A', 'N/A')"
Hanish Rajput,5,30 October 2024,vijaykumal,Josh Team,30 October 2024,"('N/A', 'N/A')"
Jabiullah Ansari,1,30 October 2024,App bahut achcha hai,Josh Team,30 October 2024,1 person found this review helpful
Ramchandra Shindhe,2,30 October 2024,I 3,Josh Team,30 October 2024,"('N/A', 'N/A')"
s siva,3,30 October 2024,Waste or good try your experience,Josh Team,30 October 2024,"('N/A', 'N/A')"
Sagar Chaudhary,5,30 October 2024,Nice,Josh Team,30 October 2024,"('N/A', 'N/A')"
Manish Kumar,1,29 October 2024,my video moderated and not follow likes,Josh Team,30 October 2024,"('N/A', 'N/A')"
Kamran Qureshi,1,29 October 2024,Nice app,Josh Team,30 October 2024,"('N/A', 'N/A')"
Srinivasarao G,5,29 October 2024,Good,Josh Team,29 October 2024,"('N/A', 'N/A')"
Labra Doggy,1,29 October 2024,"WORST WORST WORST APP, ALL VIDEOS GETTING MODERATED,Dont waste you time here, I have 16k followers but no use, all my videos gets moderated",Josh Team,29 October 2024,"('N/A', 'N/A')"
પરમાર દિપકભાઈ,1,29 October 2024,Parmar.dipak,Josh Team,29 October 2024,"('N/A', 'N/A')"
Sudhakar Kumbar,5,29 October 2024,Super app,Josh Team,29 October 2024,"('N/A', 'N/A')"
SAURABH KUSHWAHA,5,29 October 2024,Very nice And Amazing 🤩,Josh Team,29 October 2024,"('N/A', 'N/A')"
Rahul Pareek,3,28 October 2024,Good,Josh Team,29 October 2024,"('N/A', 'N/A')"
Ruby Kumari,5,28 October 2024,Good,Josh Team,28 October 2024,"('N/A', 'N/A')"
Y Arya,5,28 October 2024,Nice,Josh Team,28 October 2024,"('N/A', 'N/A')"
Jsi film official,5,28 October 2024,Very good this Josh app I am proud in this work.,Josh Team,28 October 2024,4 people found this review helpful
Ravi Maurya,3,28 October 2024,nice app,Josh Team,28 October 2024,"('N/A', 'N/A')"
Mohit sonkar,4,27 October 2024,Nice,Josh Team,27 October 2024,"('N/A', 'N/A')"
Pratap Kumar Mishra,5,27 October 2024,Better then other apps . Loving it.,Josh Team,27 October 2024,2 people found this review helpful
TAPAS MONDAL,5,27 October 2024,77 tu u yg yg iu forklift outperform to to du zf yer ti rup,Josh Team,27 October 2024,"('N/A', 'N/A')"
TR7 MUSlC,5,27 October 2024,💕💕💕💕💕,Josh Team,27 October 2024,"('N/A', 'N/A')"
SHAMBU SHARAN GUPT,2,27 October 2024,lallllllllllallll,Josh Team,27 October 2024,"('N/A', 'N/A')"
Dipanwita Mukherjee,5,27 October 2024,I need followers,Josh Team,27 October 2024,"('N/A', 'N/A')"
Gamer PUBG,1,26 October 2024,Very bad,Josh Team,27 October 2024,1 person found this review helpful
love to life,5,26 October 2024,Good 👍,Josh Team,27 October 2024,"('N/A', 'N/A')"
NAVEEN V,3,26 October 2024,Not so good.,Josh Team,27 October 2024,"('N/A', 'N/A')"
Vinay Ubnary,5,26 October 2024,Very nice,Josh Team,26 October 2024,"('N/A', 'N/A')"
Aashik Jethava,5,26 October 2024,Nice app,Josh Team,26 October 2024,"('N/A', 'N/A')"
Official RS Chaurasiya,5,26 October 2024,Hello friends,Josh Team,26 October 2024,"('N/A', 'N/A')"
Chandiran Kumutha,5,25 October 2024,Balaji,Josh Team,26 October 2024,"('N/A', 'N/A')"
Chandrakant Thakkar,5,25 October 2024,Nise,Josh Team,26 October 2024,"('N/A', 'N/A')"
Santosh Devi,5,25 October 2024,nice and Funny app,Josh Team,26 October 2024,"('N/A', 'N/A')"
PREM JHA,5,25 October 2024,Good,Josh Team,26 October 2024,"('N/A', 'N/A')"
Suraj Kumar,5,25 October 2024,Very nice app for enjoy and earning money,Josh Team,26 October 2024,7 people found this review helpful
vinu kumar,1,25 October 2024,Vary bad because what I'm searching there it is not coming instead of that other videos are playing too crazy,Josh Team,25 October 2024,"('N/A', 'N/A')"
Raja Tiwari,5,25 October 2024,I love you,Josh Team,26 October 2024,"('N/A', 'N/A')"
Chanda Kumari,5,25 October 2024,Bhot aacha application hai good,Josh Team,26 October 2024,"('N/A', 'N/A')"
DEENA NATH,5,24 October 2024,"Dear josh team, creator Pro option nahi aa raha hai, Video upload hone me dikkat ho rahi hai, beautifying Jayda samay le raha hai, Dimond not received, View like nahi aa rahe hai, aur mai abhi tak ek bhi paise nahi kama paya hu, please help me",Josh Team,26 October 2024,"('N/A', 'N/A')"
Rana,5,24 October 2024,😍🥰,Josh Team,26 October 2024,"('N/A', 'N/A')"
Thakkarinduben,5,24 October 2024,Unique videos..fantastic app..must have it.enjoyable.,Josh Team,26 October 2024,7 people found this review helpful
Kanchan Verma,5,24 October 2024,Nice,Josh Team,26 October 2024,"('N/A', 'N/A')"
Ahsan Malik,5,24 October 2024,Very nice I am so happy,Josh Team,26 October 2024,"('N/A', 'N/A')"
Himanshu Sahani,2,24 October 2024,Nice application,Josh Team,25 October 2024,"('N/A', 'N/A')"
Sabir Ali Mondal,4,24 October 2024,Love it,Josh Team,25 October 2024,"('N/A', 'N/A')"
Meera Mishra,5,24 October 2024,Joseph download nahi ho raha,Josh Team,26 October 2024,"('N/A', 'N/A')"
Premchand Kumar,5,24 October 2024,I love Joseph,Josh Team,26 October 2024,"('N/A', 'N/A')"
Naresh Sharma,4,24 October 2024,Good,Josh Team,24 October 2024,"('N/A', 'N/A')"
Kundan Kumar,5,24 October 2024,Nice,Josh Team,24 October 2024,"('N/A', 'N/A')"
Siri Dasari,5,24 October 2024,Good,Josh Team,24 October 2024,"('N/A', 'N/A')"
borichar 101,5,23 October 2024,Nice,Josh Team,24 October 2024,"('N/A', 'N/A')"
Divya Manikpuri,5,23 October 2024,lovely app,Josh Team,24 October 2024,"('N/A', 'N/A')"
Selwana Selwa,5,23 October 2024,Seyom,Josh Team,23 October 2024,"('N/A', 'N/A')"
Pratap Singh Kushwaha bayana,1,22 October 2024,बहुत ही गन्दा aap ह टाइम kharab,Josh Team,23 October 2024,1 person found this review helpful
Prabhjot singh Paramjot singh,5,22 October 2024,Nice app,Josh Team,23 October 2024,"('N/A', 'N/A')"
Nafish Alam,5,22 October 2024,Hi friends,Josh Team,23 October 2024,"('N/A', 'N/A')"
Nayan,5,22 October 2024,Kolkata 700141,Josh Team,23 October 2024,"('N/A', 'N/A')"
Laluram Panwar,5,22 October 2024,Jordar,Josh Team,22 October 2024,"('N/A', 'N/A')"
Roshan Khan,5,21 October 2024,India ka number one apps,Josh Team,22 October 2024,1 person found this review helpful
Shankar Hulical,5,21 October 2024,Fine.Good experience.,Josh Team,22 October 2024,"('N/A', 'N/A')"
Saju kumar-ti4yr Saju kumar-ti4yr,5,21 October 2024,𝕊𝕒𝕛𝕦,Josh Team,22 October 2024,"('N/A', 'N/A')"
sipai Parvej,5,21 October 2024,Good,Josh Team,22 October 2024,"('N/A', 'N/A')"
Dev M,5,21 October 2024,"Dream call feature is fantastic, now we can call to creators and talk 😍😍",Josh Team,21 October 2024,70 people found this review helpful
Mun Munbasumatary,5,21 October 2024,Josh - live calls,Josh Team,21 October 2024,"('N/A', 'N/A')"
Gulfam Khan,4,20 October 2024,Nice 👍,Josh Team,21 October 2024,"('N/A', 'N/A')"
Sartaj Kuraisi,5,20 October 2024,Nice 👍🏽,Josh Team,21 October 2024,"('N/A', 'N/A')"
Himanshu Chaurasiya,5,20 October 2024,My youtube channel ID Himanshu chaurasiya reotipur,Josh Team,21 October 2024,"('N/A', 'N/A')"
Golu Kumar,1,20 October 2024,Nnobbggjhfk Tak KR do go,Josh Team,21 October 2024,"('N/A', 'N/A')"
Sharif Khan,5,20 October 2024,Love 💕,Josh Team,20 October 2024,"('N/A', 'N/A')"
Rohit Mewade,1,20 October 2024,पहले यह ऐप बहुत अच्छा था पर पता नहीं अब ये कंपनी नशा करके अपडेट देने लग गई ओर अब तो कमाई देना भी बंद कर दिया जो भी लोग मेरी बात से सहमत है वो रेटिंग गिराओ 🙏,Josh Team,20 October 2024,"('N/A', 'N/A')"
Komal Devi,2,19 October 2024,OMG!!! Wait for End! The secret is OUT! Slingshot Ride Girl Reaction0q are #USA,Josh Team,20 October 2024,"('N/A', 'N/A')"
Rishu Garena,5,19 October 2024,Good,Josh Team,20 October 2024,"('N/A', 'N/A')"
Sandy Paul,5,19 October 2024,Nyc aap I love ❤ this app I m Josh user @Raj Raj 668 so nyc this app,Josh Team,20 October 2024,"('N/A', 'N/A')"
Ananth Shetty,5,19 October 2024,Good time paas,Josh Team,20 October 2024,"('N/A', 'N/A')"
ekta upadhyay,5,19 October 2024,Good,Josh Team,20 October 2024,"('N/A', 'N/A')"
shivam singh,5,19 October 2024,Better experience,Josh Team,19 October 2024,"('N/A', 'N/A')"
JABEER AMJATH,5,19 October 2024,Super,Josh Team,19 October 2024,"('N/A', 'N/A')"
RAJNISH KUMAR,5,19 October 2024,Excellent,Josh Team,19 October 2024,"('N/A', 'N/A')"
Official Nikhil Sharma Jk,1,18 October 2024,Bakwas Totally Bot users 😔,Josh Team,19 October 2024,"('N/A', 'N/A')"
Minhaz Rasool,5,18 October 2024,Very nice app.,Josh Team,19 October 2024,1 person found this review helpful
Dimpal,5,18 October 2024,Very good,Josh Team,19 October 2024,"('N/A', 'N/A')"
Abrar Kakar,5,18 October 2024,features,Josh Team,19 October 2024,"('N/A', 'N/A')"
Sarfaraj Khan,5,18 October 2024,Excellent views on josh,Josh Team,19 October 2024,"('N/A', 'N/A')"
Soniya khaton Soniya khaton,5,18 October 2024,Josh app is lovely and beautiful,Josh Team,19 October 2024,"('N/A', 'N/A')"
Lakshmi Komirisetty,5,18 October 2024,It is very good I love it,Josh Team,18 October 2024,1 person found this review helpful
Stylish star Allabakash,1,18 October 2024,Waste app😡😡😡,Josh Team,18 October 2024,"('N/A', 'N/A')"
indramohan sinha,5,18 October 2024,Very nice,Josh Team,18 October 2024,"('N/A', 'N/A')"
Md. Aarif,5,18 October 2024,Good experience but no follower,Josh Team,18 October 2024,"('N/A', 'N/A')"
RAMHET MEENA,2,18 October 2024,पलिश फॉलो कर दो 50,Josh Team,18 October 2024,"('N/A', 'N/A')"
Kanhaiya Kanhaiya saini,4,17 October 2024,Subscribe my YouTube channel FF kanhaiyasaini sahab,Josh Team,18 October 2024,"('N/A', 'N/A')"
Sunil Kumar,5,17 October 2024,Durgesh nai,Josh Team,18 October 2024,"('N/A', 'N/A')"
Suresh Chaurasia,3,17 October 2024,Ankit chaurasiya,Josh Team,18 October 2024,"('N/A', 'N/A')"
Sumit Das,5,17 October 2024,Excellent,Josh Team,17 October 2024,"('N/A', 'N/A')"
Abhishek Anand,3,17 October 2024,Kiggg,Josh Team,17 October 2024,"('N/A', 'N/A')"
Sabita Swain,5,17 October 2024,Good,Josh Team,17 October 2024,"('N/A', 'N/A')"
Vivek Sharma,1,17 October 2024,"Worst app ,don't download",Josh Team,17 October 2024,"('N/A', 'N/A')"
Mukesh Rathod,1,17 October 2024,ધઠઘગનડધડધઠધઠનડનડપબનબનબબનઠનખનગટઘફઘપઘફઘપઢપઢપડપઢપડપડઞઘઞઘબવડધઠઢકઢકથકકણદકણજખજણકખખખઝખજખખડનડનટઠધડનડનડનડનડપડપઢપડનડનડધઠધડધગઝગગઝડધબધફધઠધ્ધનનપધડધગધગધગધગઝગઞગઝગઞગઞગઝગઞગઝગઝગઞગડનડનડધડધડધડધગધગગઞગઝઝગગઝગઝગઝગઝગઝઝગઘઞઘઞઘઞગઝટભઞફથથૉથૅઍતભૃઍછૉછૅછૈણખણૅઅઃઉઅઃણૉઐણગઞમગમછૉઘફરટદખદખદકદખદગદડધડનડનભન,Josh Team,17 October 2024,"('N/A', 'N/A')"
Sagar AndroBKP,5,17 October 2024,Nice user friendly interface & content,Josh Team,17 October 2024,6 people found this review helpful
Md Badal,5,17 October 2024,Nicr,Josh Team,17 October 2024,"('N/A', 'N/A')"
Anshul Anshul,1,17 October 2024,vgood,Josh Team,17 October 2024,"('N/A', 'N/A')"
Sagar Sagu,5,17 October 2024,Good,Josh Team,17 October 2024,"('N/A', 'N/A')"
Prakash Kamble,5,16 October 2024,Nice app,Josh Team,17 October 2024,"('N/A', 'N/A')"
Yerrolla Prabhu,5,16 October 2024,Superb,Josh Team,17 October 2024,"('N/A', 'N/A')"
Monoyara Bibi,5,16 October 2024,সুন্দর,Josh Team,17 October 2024,"('N/A', 'N/A')"
Uma Yadav,5,16 October 2024,Josh team please find my lost 🆔 PLEASE,Josh Team,16 October 2024,"('N/A', 'N/A')"
Intzar Khan,5,16 October 2024,Good 👍,Josh Team,16 October 2024,"('N/A', 'N/A')"
Akash Kumar,5,16 October 2024,Akashkumar,Josh Team,16 October 2024,"('N/A', 'N/A')"
Arsul Aazam,5,16 October 2024,Very interesting app so also good,Josh Team,16 October 2024,"('N/A', 'N/A')"
Kirtiraj ambore,5,15 October 2024,Jay bhim🙏💙 🙏💙Namo buddhay,Josh Team,16 October 2024,"('N/A', 'N/A')"
Sanjay Sharma,5,15 October 2024,"Very nice, with entertainment.",Josh Team,16 October 2024,4 people found this review helpful
Ƭᴀʀᴀɴɢ ᴍʀ J ࿐,5,15 October 2024,Nice app,Josh Team,15 October 2024,1 person found this review helpful
Parashuram Naskar,5,15 October 2024,So cute lagche josh app chaliye 🥰🥰,Josh Team,15 October 2024,"('N/A', 'N/A')"
Sarah Samreen,5,15 October 2024,Nice app,Josh Team,15 October 2024,"('N/A', 'N/A')"
Pappu Pandey,2,15 October 2024,Bgghh Hh high damage auto me bhi to Nhi kr ka gya th tum sab sa baat nhi ka Khna Khna khya khna kho gya th bhot drd lg rg 666ghhggh Hhh Hh kh liya bola utna sunno room pe hu na ho lo Chup chap se,Josh Team,15 October 2024,"('N/A', 'N/A')"
Rd pal,5,15 October 2024,🙏,Josh Team,15 October 2024,"('N/A', 'N/A')"
Bheema A Bheema,5,15 October 2024,Super videos,Josh Team,15 October 2024,"('N/A', 'N/A')"
Pravesh Giri,1,14 October 2024,"Too much disappointed something pin in my profile like ads which don't like I can't remove it it's a promote post pre posted, Resolve it 1 not view section to see how many people watched, 2 ads problems 3 dashboard section their is no social link section add that 4 makev a new structure for dashboard its look like bored make it clean like remove ads all 5 make it full english when I selected english all begin in English when notification and the searching bar full in hindi i don't under",Josh Team,15 October 2024,568 people found this review helpful
Kalidass K,5,14 October 2024,Good,Josh Team,14 October 2024,"('N/A', 'N/A')"
vishal kumar,5,14 October 2024,Nice,Josh Team,14 October 2024,"('N/A', 'N/A')"
Hemalatha Hema,5,14 October 2024,Very good,Josh Team,14 October 2024,"('N/A', 'N/A')"
RASHMIREKHA BEHERA,1,14 October 2024,Spam,Josh Team,14 October 2024,"('N/A', 'N/A')"
Bantu raju,5,14 October 2024,Super app,Josh Team,14 October 2024,"('N/A', 'N/A')"
Laxman Ingole,5,14 October 2024,Nice,Josh Team,14 October 2024,"('N/A', 'N/A')"
Shivagi Nathyogi,4,14 October 2024,✔️,Josh Team,14 October 2024,"('N/A', 'N/A')"
Mahesh Joshi,5,14 October 2024,Good,Josh Team,14 October 2024,"('N/A', 'N/A')"
LOVELY BOYS GANG,5,13 October 2024,Super This app,Josh Team,14 October 2024,"('N/A', 'N/A')"
Bandana Naik,5,13 October 2024,Very good,Josh Team,14 October 2024,"('N/A', 'N/A')"
Vani Sharma,5,13 October 2024,Nice,Josh Team,14 October 2024,"('N/A', 'N/A')"
arindam naskar,5,13 October 2024,Good ap,Josh Team,13 October 2024,"('N/A', 'N/A')"
Rouhan Shaikh,1,13 October 2024,Not good,Josh Team,13 October 2024,"('N/A', 'N/A')"
Bilal Khan,1,13 October 2024,Cheating app this app is wrost all videos banned with moderate.,Josh Team,13 October 2024,"('N/A', 'N/A')"
Suman Sarkar,4,12 October 2024,থচমতছ,Josh Team,13 October 2024,"('N/A', 'N/A')"
Nitin GoGa MAFIYA Ankleshwar,5,12 October 2024,Very nice,Josh Team,13 October 2024,"('N/A', 'N/A')"
Nirav Panchal,4,12 October 2024,Good,Josh Team,13 October 2024,"('N/A', 'N/A')"
Ravi Kushwah,5,12 October 2024,Nice video,Josh Team,13 October 2024,"('N/A', 'N/A')"
Aniktbhai Rathva,5,12 October 2024,Op,Josh Team,13 October 2024,"('N/A', 'N/A')"
Brajbhushan Kumar,5,12 October 2024,Bad,Josh Team,13 October 2024,"('N/A', 'N/A')"
Rahul Singh 29,5,12 October 2024,Bahut achha josh ap hai 😘🤣😍👰🏻‍♀️,Josh Team,12 October 2024,"('N/A', 'N/A')"
Umesh Gupta,5,12 October 2024,🥰🏡😂😘😙😜🥺😬🤩😘🎉😋😋🤩😚,Josh Team,12 October 2024,"('N/A', 'N/A')"
Sadik Ali,5,12 October 2024,Best experience good 👍 app,Josh Team,12 October 2024,"('N/A', 'N/A')"
Vijay viskarma Viskarma,4,12 October 2024,This hai but bhut achcha video nhi dikhata hai,Josh Team,12 October 2024,"('N/A', 'N/A')"
Vikke Saini ji,5,11 October 2024,Video par views aana bad ho gaya please help me. .🙏🙏,Josh Team,12 October 2024,"('N/A', 'N/A')"
Mahendra Narain Bhandel,5,11 October 2024,Good,Josh Team,12 October 2024,"('N/A', 'N/A')"
Rakesh Kumar,5,11 October 2024,सेंट super जोसेफ,Josh Team,12 October 2024,"('N/A', 'N/A')"
Anurag Parida,5,11 October 2024,Bad bakwas hai app,Josh Team,12 October 2024,"('N/A', 'N/A')"
sri krishna,5,11 October 2024,Very good,Josh Team,12 October 2024,"('N/A', 'N/A')"
Mansoor Khalifa,5,11 October 2024,Good 👍😊,Josh Team,12 October 2024,"('N/A', 'N/A')"
SURAJ DAS,5,11 October 2024,",#xxx😄👍🪔😘 book e ee e nice",Josh Team,11 October 2024,"('N/A', 'N/A')"
Kunal Yadav,5,11 October 2024,Nice,Josh Team,11 October 2024,"('N/A', 'N/A')"
Abhishek Gupta,5,11 October 2024,Nice app 👍,Josh Team,11 October 2024,"('N/A', 'N/A')"
jay kay,5,11 October 2024,Nice,Josh Team,11 October 2024,"('N/A', 'N/A')"
Tasikul Islam,5,11 October 2024,Nice app,Josh Team,11 October 2024,"('N/A', 'N/A')"
Gaurav Rawat,5,11 October 2024,Very nice app ♥️♥️😈,Josh Team,11 October 2024,"('N/A', 'N/A')"
Rajiv Madan,4,11 October 2024,Easy time. Gujar jaata hai,Josh Team,11 October 2024,"('N/A', 'N/A')"
mohit kumar,5,11 October 2024,Good aap,Josh Team,11 October 2024,"('N/A', 'N/A')"
RAHUL THORAT,5,10 October 2024,Nice app 👍,Josh Team,11 October 2024,"('N/A', 'N/A')"
Dheeru Mishra,5,10 October 2024,Nice👍👍👍,Josh Team,11 October 2024,"('N/A', 'N/A')"
Tegroop Kaur,5,10 October 2024,So nice👍😊,Josh Team,11 October 2024,"('N/A', 'N/A')"
Monu Shes,1,10 October 2024,Nice,Josh Team,10 October 2024,"('N/A', 'N/A')"
Ankit Yadav,5,10 October 2024,Nice per Internet jyada leta hai,Josh Team,10 October 2024,"('N/A', 'N/A')"
Sahlu Sahlu,4,10 October 2024,It's a good experience👍🥰,Josh Team,10 October 2024,"('N/A', 'N/A')"
Ansari Sonu,5,10 October 2024,Sonu ansari,Josh Team,10 October 2024,"('N/A', 'N/A')"
Arail Kunar,5,9 October 2024,Op,Josh Team,10 October 2024,"('N/A', 'N/A')"
Shenaz shaikh India,3,9 October 2024,people UNBPHHIYOY He,Josh Team,10 October 2024,"('N/A', 'N/A')"
Ramkuwar Mahto,5,9 October 2024,🧡🧡🧡🧡🧡🧡🧡🧡🧡🧡,Josh Team,10 October 2024,1 person found this review helpful
Sunil Shinde,5,9 October 2024,Nice josh app 👌👌🌹🌹,Josh Team,10 October 2024,"('N/A', 'N/A')"
Rana Suresh Rana Suresh,5,9 October 2024,राणा सुरेश,Josh Team,9 October 2024,"('N/A', 'N/A')"
Ashish gupta,5,9 October 2024,Nice,Josh Team,9 October 2024,"('N/A', 'N/A')"
Rohit Mastana,1,8 October 2024,Super duper aap ❤️❤️,Josh Team,9 October 2024,"('N/A', 'N/A')"
Ajijur Rahman,1,8 October 2024,This App is gone from 01/10/24. Koi bhi app ko use na kare earning permanently close ho gaya.,Josh Team,8 October 2024,3 people found this review helpful
Suraj Singh,5,8 October 2024,Not good no wives,Josh Team,8 October 2024,"('N/A', 'N/A')"
Kvn Rao,5,8 October 2024,Excellent,Josh Team,8 October 2024,"('N/A', 'N/A')"
Afjaal Khan,1,8 October 2024,Josh apps band ho gaya hai kya na widràll ho rha hai na koi video upload ho rhai hai sabhi video moderated or hide kar rahe hai uninstall karna parega dusro ko bhi batana padega kisi or apps me magaz khori kar lo icme nahi,Josh Team,8 October 2024,"('N/A', 'N/A')"
Amit Kumar,5,8 October 2024,Good,Josh Team,8 October 2024,"('N/A', 'N/A')"
PARIDHI BROADCAST,5,7 October 2024,Wah,Josh Team,8 October 2024,"('N/A', 'N/A')"
Shlok Shlok,1,7 October 2024,Very bad review josh have to coordinate with the user i think josh is the world s worst app please close app and don't download josh app,Josh Team,8 October 2024,2 people found this review helpful
Hema kumari Sinha,5,7 October 2024,nice,Josh Team,8 October 2024,"('N/A', 'N/A')"
Vedhagna Tech,4,7 October 2024,Nice👌👌💞💞❤️❤️,Josh Team,8 October 2024,"('N/A', 'N/A')"
kaka music,5,7 October 2024,Motivate hata do,Josh Team,8 October 2024,"('N/A', 'N/A')"
Kajal Kumari,5,7 October 2024,Good👍,Josh Team,7 October 2024,"('N/A', 'N/A')"
Anand Bansode,5,7 October 2024,It's Okayy. Like to watch fun videos,Josh Team,7 October 2024,5 people found this review helpful
SUSHIL SANGWAN,3,7 October 2024,Slow process no reviews any content,Josh Team,7 October 2024,"('N/A', 'N/A')"
rockstar baby,5,6 October 2024,Nice,Josh Team,7 October 2024,"('N/A', 'N/A')"
Virendra Priyam,5,6 October 2024,Nice 👌🏻 app,Josh Team,7 October 2024,"('N/A', 'N/A')"
Ranju Devi,4,6 October 2024,ਵ ਵਿਚ ਉਧਕ ਪ੍ਪ,Josh Team,7 October 2024,"('N/A', 'N/A')"
Rajpal Kushwaha,5,6 October 2024,This is best app in India. Best short video s app. Wow this is amazing 😍,Josh Team,7 October 2024,12 people found this review helpful
M.stiger M.stiger,1,6 October 2024,M. Stigergmailcom,Josh Team,7 October 2024,"('N/A', 'N/A')"
Sushil Kumar,5,6 October 2024,Josh is great app of social media. I love this app. Great photo and video posting app. Thank josh app team for provide this useful app. I ♥️♥️♥️♥️♥️♥️♥️♥️♥️♥️♥️♥️♥️♥️♥️ to josh.,Josh Team,7 October 2024,32 people found this review helpful
Asim Khan,5,6 October 2024,I like the app,Josh Team,6 October 2024,"('N/A', 'N/A')"
Dashing Ď,3,6 October 2024,Video not uploading and no views and redemption not working 😭,Josh Team,6 October 2024,50 people found this review helpful
Vijay Kumar,5,6 October 2024,Good,Josh Team,6 October 2024,"('N/A', 'N/A')"
Shamila As,5,6 October 2024,Ashwin Ashwanth,Josh Team,6 October 2024,"('N/A', 'N/A')"
Annu Kumar Raj 07,5,6 October 2024,Nice,Josh Team,6 October 2024,"('N/A', 'N/A')"
Goutam Barman,5,5 October 2024,Good 👍,Josh Team,6 October 2024,"('N/A', 'N/A')"
Nahar Singh,5,5 October 2024,✅️✅️✅️✅️✅️✅️✅️✅️✅️✅️✅️✅️✅️✅️✅️✅️✅️❤️❤️❤️❤️❤️❤️❤️❤️❤️❤️❤️❤️❤️❤️❤️❤️❤️💸💸💸💸💸💸💸💸💸💸💸💸💸💸💸💸💸💖💖💖💖💖💖💖💖💖💖💖💖💖💖💖💖💖,Josh Team,6 October 2024,"('N/A', 'N/A')"
prakash Guralakere,4,5 October 2024,I love josh It was very nice to use it and I loved all the videos,Josh Team,6 October 2024,5 people found this review helpful
Vikash Kashyap,4,5 October 2024,Meri life 🧬,Josh Team,6 October 2024,"('N/A', 'N/A')"
Krishna Haldar,5,5 October 2024,Used the app,Josh Team,6 October 2024,"('N/A', 'N/A')"
Pawan Kumar,5,5 October 2024,Good 👍 application,Josh Team,5 October 2024,"('N/A', 'N/A')"
Digar Khan,5,5 October 2024,Wow,Josh Team,5 October 2024,"('N/A', 'N/A')"
Revathi Revathidevi,1,4 October 2024,Mokshith,Josh Team,4 October 2024,"('N/A', 'N/A')"
Bhimrao Janrao,5,4 October 2024,Entertainment Good and explanation well I like much.,Josh Team,4 October 2024,11 people found this review helpful
Ahmad Shekh,5,4 October 2024,Good,Josh Team,4 October 2024,"('N/A', 'N/A')"
Imran King,5,4 October 2024,Good,Josh Team,4 October 2024,"('N/A', 'N/A')"
Sunil R,1,4 October 2024,It a biggest boring this app features not like instagram.and this app all videos called copyright guidline and all videos modrate.such a biggest boring and shameful harrasment app,Josh Team,4 October 2024,46 people found this review helpful
Ajit Kumar,5,4 October 2024,Won skinny mcwhr,Josh Team,4 October 2024,"('N/A', 'N/A')"
लव स्टोरी मूवी S.K.Choudhary,5,4 October 2024,Josh mein 11 September 2024 ko update aaya aur meri side mein update nahin aaya hai aur is update ke aane se diamond Bhi nahin nahin mil rahe Hain jila pahle mil rahe the vaise ab nahin mil rahe Hain kya jor se apni diamond band kar diya,Josh Team,5 October 2024,"('N/A', 'N/A')"
Deepti Katiyar,5,3 October 2024,Please safort me,Josh Team,4 October 2024,"('N/A', 'N/A')"
Talha Khan,5,3 October 2024,sad,Josh Team,4 October 2024,"('N/A', 'N/A')"
Angel Joshi,5,3 October 2024,Good app thanks josh i m very happy Thankyou josh,Josh Team,4 October 2024,"('N/A', 'N/A')"
Virendra Kumar,5,3 October 2024,Excellent,Josh Team,3 October 2024,"('N/A', 'N/A')"
Sanjay Kumar atka,4,3 October 2024,Thank you 👏,Josh Team,3 October 2024,"('N/A', 'N/A')"
Gouri Shinde,1,3 October 2024,Sexul content! 😡,Josh Team,3 October 2024,"('N/A', 'N/A')"
Ram Kashyap,5,3 October 2024,So nice,Josh Team,3 October 2024,"('N/A', 'N/A')"
Vinod Ashiyana,5,3 October 2024,Best aap,Josh Team,3 October 2024,"('N/A', 'N/A')"
Shahid Shiddique,5,3 October 2024,Hello bhaiya,Josh Team,3 October 2024,"('N/A', 'N/A')"
Mohmmad Khan,5,2 October 2024,Good aap,Josh Team,2 October 2024,"('N/A', 'N/A')"
Vijay singh Vaish,2,2 October 2024,AsssA Adhar card is wrongfully with IQ 👀👍 Broatcast everyone's life 🧬,Josh Team,2 October 2024,"('N/A', 'N/A')"
Ritesh Bansal,4,2 October 2024,Good,Josh Team,2 October 2024,"('N/A', 'N/A')"
Lerlaram.kotwani kotwani,5,2 October 2024,A jay shri ram Ji A josh app is good best I like so much Good morning,Josh Team,2 October 2024,1 person found this review helpful
Raja Das,5,2 October 2024,Nice,Josh Team,2 October 2024,"('N/A', 'N/A')"
Dheerendra Pal,5,2 October 2024,Bilu tik chahie,Josh Team,2 October 2024,"('N/A', 'N/A')"
Bharat Nayak,1,2 October 2024,This aap so bad so many date is wasting,Josh Team,2 October 2024,"('N/A', 'N/A')"
Akash Sharma,4,2 October 2024,Love it,Josh Team,2 October 2024,"('N/A', 'N/A')"
Kolkata Bite,3,2 October 2024,i have to login my gmail acc which have josh id,Josh Team,2 October 2024,"('N/A', 'N/A')"
Vin Yad,5,1 October 2024,Nice,Josh Team,2 October 2024,"('N/A', 'N/A')"
venkat gayu,5,1 October 2024,Super,Josh Team,2 October 2024,"('N/A', 'N/A')"
Sri Srijay,5,1 October 2024,I have 250k on Josh thank god,Josh Team,2 October 2024,"('N/A', 'N/A')"
Radhaju KoDas,5,1 October 2024,Best,Josh Team,1 October 2024,"('N/A', 'N/A')"
Saroj Choudhury,5,1 October 2024,"Bzeudeil ₹₹4('9&""!!-&+₹8)",Josh Team,1 October 2024,"('N/A', 'N/A')"
Gajendra Singh,1,1 October 2024,Very bad time wasting not safe,Josh Team,1 October 2024,"('N/A', 'N/A')"
ARUN Singh,5,1 October 2024,Most important josh aap⚡⚡💜💜,Josh Team,1 October 2024,"('N/A', 'N/A')"
Mithun Padhiary,5,1 October 2024,Nice,Josh Team,1 October 2024,"('N/A', 'N/A')"
Surekha G,5,1 October 2024,Nice 👍,Josh Team,1 October 2024,"('N/A', 'N/A')"
Raushan Kumar,5,1 October 2024,Very nice,Josh Team,1 October 2024,"('N/A', 'N/A')"
Salman Ali,5,1 October 2024,सुपरहिट ap hii,Josh Team,1 October 2024,"('N/A', 'N/A')"
Sathik Jinna,5,30 September 2024,❤️❤️❤️😁😁😁,Josh Team,1 October 2024,"('N/A', 'N/A')"
zeeshan sayyed,4,30 September 2024,Awesome superb,Josh Team,1 October 2024,"('N/A', 'N/A')"
Anurag Kushwaha,5,30 September 2024,Good,Josh Team,1 October 2024,"('N/A', 'N/A')"
Ajay Charanwal,5,30 September 2024,Very nice josh,Josh Team,1 October 2024,"('N/A', 'N/A')"
Kamran Dar,1,30 September 2024,Not good,Josh Team,1 October 2024,"('N/A', 'N/A')"
Sujit raj bill Raj bill,5,30 September 2024,Good very good app,Josh Team,1 October 2024,"('N/A', 'N/A')"
Dost Muhmmd,5,30 September 2024,Nice,Josh Team,1 October 2024,"('N/A', 'N/A')"
Kaseraju Sai Sankara raju,5,30 September 2024,సాయి రాజు 11 ఈ యాప్ ప్రాబ్లం లో ఉంది యూస్ రావడం లేదు దయచేసి యాప్ ప్రిపేర్ చేయండి,Josh Team,30 September 2024,"('N/A', 'N/A')"
Rohan Singh,5,30 September 2024,This is very heart touching app,Josh Team,30 September 2024,"('N/A', 'N/A')"
Arvind Singh,5,30 September 2024,Not only in India and get back in and out you too right to,Josh Team,30 September 2024,3 people found this review helpful
Akshay Gupta,5,29 September 2024,Best,Josh Team,30 September 2024,"('N/A', 'N/A')"
Hansraj Saini,5,29 September 2024,Hansraj saini kusthala sawe madhupur hai halo sir please find my attached cover letter and CV to your account we will get my phone number and I have been,Josh Team,30 September 2024,"('N/A', 'N/A')"
LEKHRAJ SINGH,3,29 September 2024,Best app but video quality not good graphics not good,Josh Team,30 September 2024,5 people found this review helpful
Shami Lxs,5,29 September 2024,Shaniya,Josh Team,30 September 2024,"('N/A', 'N/A')"
Krishna Kumar,5,29 September 2024,good!,Josh Team,30 September 2024,"('N/A', 'N/A')"
mr.manoj chaudhary,5,29 September 2024,Good,Josh Team,29 September 2024,"('N/A', 'N/A')"
Jainudin Kureshi,5,29 September 2024,In the world best💯💯💯,Josh Team,29 September 2024,"('N/A', 'N/A')"
Mariyamol Yadz,5,29 September 2024,Good app,Josh Team,29 September 2024,"('N/A', 'N/A')"
Mayurbhai Parmar,1,29 September 2024,Bekar,Josh Team,29 September 2024,"('N/A', 'N/A')"
Mahesh Kumar goutam Mahesh Kumar goutam,5,29 September 2024,Mkgoutam,Josh Team,29 September 2024,"('N/A', 'N/A')"
INTERESTING INVENTIONS,4,29 September 2024,❤️❤️,Josh Team,29 September 2024,"('N/A', 'N/A')"
English Grammar vinod Kumar Mishra,5,29 September 2024,So lovely an experience!,Josh Team,29 September 2024,"('N/A', 'N/A')"
Sahil Sahil,5,29 September 2024,Good morning,Josh Team,29 September 2024,"('N/A', 'N/A')"
SAIF ANSARI,5,29 September 2024,Nice,Josh Team,29 September 2024,"('N/A', 'N/A')"
AB Surya,1,29 September 2024,"Very bad and no support team can solve it. My followers are stuck at 9.2k for the past 8 months and are not increasing. Earlier, they used to increase by 50+ followers daily. Haven't even increased by 100 followers in the past 8 months?",Josh Team,29 September 2024,1 person found this review helpful
Preeti Bajpai,5,28 September 2024,good 💯,Josh Team,29 September 2024,"('N/A', 'N/A')"
devendra mehta,5,28 September 2024,Very good,Josh Team,29 September 2024,"('N/A', 'N/A')"
Hayithung Kikon,1,28 September 2024,Boring,Josh Team,29 September 2024,"('N/A', 'N/A')"
Sunil Sk,4,28 September 2024,Nice,Josh Team,28 September 2024,"('N/A', 'N/A')"
Aryan Mayal,5,28 September 2024,no.1 app,Josh Team,28 September 2024,"('N/A', 'N/A')"
Ashish Yadav YSD,5,28 September 2024,Bekar,Josh Team,28 September 2024,"('N/A', 'N/A')"
Sanjeev Paruthi,5,27 September 2024,Best,Josh Team,28 September 2024,"('N/A', 'N/A')"
Runa Creation,5,27 September 2024,Nice,Josh Team,28 September 2024,"('N/A', 'N/A')"
Shougo Amakusa,1,27 September 2024,"Fake statistics. I tried looking for unpopular hashtags. Said the hashtag was used over 5 thousand times. But tapping on it often yielded no results or when a video did pop up, it was an unrelated tag or did not have the tag I searched for.",Josh Team,28 September 2024,5 people found this review helpful
Shivaprasad Prasad,5,27 September 2024,Good,Josh Team,28 September 2024,"('N/A', 'N/A')"
JAHID Malik,5,27 September 2024,Meri x ki I'd aha isr me,Josh Team,28 September 2024,"('N/A', 'N/A')"
Radha Rani Sen Bhowmik,4,27 September 2024,Good app need improvement but it's good I like it 😍,Josh Team,28 September 2024,"('N/A', 'N/A')"
P.PONABIMANIYU LOVE YOU TAMILAA,5,27 September 2024,Nice app,Josh Team,28 September 2024,"('N/A', 'N/A')"
Hem Nath,5,27 September 2024,Nice app,Josh Team,27 September 2024,"('N/A', 'N/A')"
Lathif RV,5,27 September 2024,Good,Josh Team,27 September 2024,"('N/A', 'N/A')"
Sukhi 653,5,27 September 2024,It's very good but support us on this app @Sukhi 653,Josh Team,27 September 2024,3 people found this review helpful
Kurapati Ram Manohar Reddy,5,26 September 2024,Very good,Josh Team,27 September 2024,"('N/A', 'N/A')"
J S,5,26 September 2024,New Update,Josh Team,27 September 2024,"('N/A', 'N/A')"
Sahadeb Meher,5,26 September 2024,Ok,Josh Team,27 September 2024,"('N/A', 'N/A')"
m_m_shivayya,5,26 September 2024,Supar app,Josh Team,26 September 2024,"('N/A', 'N/A')"
SOFIKUL HUSSAIN,4,26 September 2024,good,Josh Team,26 September 2024,"('N/A', 'N/A')"
Aklesh Singh,1,26 September 2024,Sabse achha hai j,Josh Team,26 September 2024,"('N/A', 'N/A')"
Raju Ram,5,25 September 2024,Shorts video,Josh Team,26 September 2024,"('N/A', 'N/A')"
Sachin Rathod,5,25 September 2024,🌄,Josh Team,26 September 2024,"('N/A', 'N/A')"
Raunak,1,25 September 2024,Most of my videos gets moderated... Worst app ever I used in my life,Josh Team,25 September 2024,1 person found this review helpful
Telugu Abhayisourya,1,25 September 2024,Superb app,Josh Team,25 September 2024,"('N/A', 'N/A')"
Abhishek Sood,5,25 September 2024,Very much fullfill my personal feelings to share with someone and when somebody answers you it's feel of having that i achieve something special to do every work with calm mind.,Josh Team,25 September 2024,339 people found this review helpful
Lakshmi Rajyam,4,25 September 2024,I ts is a werst appa don't install,Josh Team,25 September 2024,"('N/A', 'N/A')"
anwar dboss,4,25 September 2024,Kanada video,Josh Team,25 September 2024,"('N/A', 'N/A')"
Mithun Sarkar,5,25 September 2024,I like josh app,Josh Team,25 September 2024,"('N/A', 'N/A')"
Hasnain akhtar,1,24 September 2024,Hasnain Akhtar naim,Josh Team,25 September 2024,"('N/A', 'N/A')"
Fajalilahee Pathan,5,24 September 2024,Mera video ko share kar do yaar,Josh Team,25 September 2024,"('N/A', 'N/A')"
Azad Khan,5,24 September 2024,This is very good aap for me . i recamend you to people try this aap i hope you will get better experience ☺️☺️,Josh Team,25 September 2024,"('N/A', 'N/A')"
Uday Raj Kumar Bind,5,24 September 2024,Good app,Josh Team,25 September 2024,"('N/A', 'N/A')"
Technical Supporter Official,2,24 September 2024,"Please remove tango live from josh app, please Irritating ,disgusting,. Otherwise Everything good and add original creators earning option from josh, like moj app.",Josh Team,25 September 2024,"('N/A', 'N/A')"
Akram Ansari,2,24 September 2024,Firdaush khatun,Josh Team,24 September 2024,"('N/A', 'N/A')"
vk collection,5,24 September 2024,AP Mein 3 Din Se earning Nahin ho rahi hai 22 23 24 ko kya Jo safe Mein earning band kar di gai hai Agar band kar Diye To Hamen uploading Karke Koi fayda Nahin hone wala hai,Josh Team,24 September 2024,"('N/A', 'N/A')"
Subhalaxmi Jena,5,24 September 2024,🙂🙃😊,Josh Team,24 September 2024,"('N/A', 'N/A')"
Nikihl Kunar,4,24 September 2024,Vineeshkumar,Josh Team,24 September 2024,"('N/A', 'N/A')"
Rahul Kumar,5,23 September 2024,Google pay,Josh Team,24 September 2024,"('N/A', 'N/A')"
lalit kharadi,5,23 September 2024,Very funny comedy enjoy,Josh Team,24 September 2024,"('N/A', 'N/A')"
SENTHIL SENTHIL,5,23 September 2024,good app,Josh Team,24 September 2024,"('N/A', 'N/A')"
S Prabhu,4,23 September 2024,Ok,Josh Team,24 September 2024,"('N/A', 'N/A')"
Mohammad Niyas,5,23 September 2024,Super,Josh Team,24 September 2024,"('N/A', 'N/A')"
Ramchander Kamble,5,23 September 2024,Superb,Josh Team,23 September 2024,"('N/A', 'N/A')"
RAJA Jr,5,23 September 2024,Good apps,Josh Team,23 September 2024,"('N/A', 'N/A')"
Vetrivel Vetrivel,5,23 September 2024,👌👌👌,Josh Team,23 September 2024,"('N/A', 'N/A')"
Don No1,5,23 September 2024,HAMAJKA,Josh Team,23 September 2024,"('N/A', 'N/A')"
Vishal Kumar,1,23 September 2024,😘😘😘,Josh Team,23 September 2024,"('N/A', 'N/A')"
Dhoniram Bey,5,23 September 2024,Good,Josh Team,23 September 2024,"('N/A', 'N/A')"
Hk rider Bhai,5,22 September 2024,Asibkhan,Josh Team,23 September 2024,"('N/A', 'N/A')"
Irshad Ali,5,22 September 2024,Nice 👍,Josh Team,23 September 2024,"('N/A', 'N/A')"
Rohit Sharma,5,22 September 2024,Thank❤,Josh Team,23 September 2024,"('N/A', 'N/A')"
Vivek Kumar_Vlog_Delhi_42,5,22 September 2024,Why are not my my rich account,Josh Team,23 September 2024,"('N/A', 'N/A')"
Raja gopal,4,22 September 2024,Supper timepass,Josh Team,23 September 2024,"('N/A', 'N/A')"
Ash Ash,5,22 September 2024,Gud,Josh Team,23 September 2024,"('N/A', 'N/A')"
Kamran Shaikh,5,22 September 2024,♥️♥️♥️,Josh Team,23 September 2024,"('N/A', 'N/A')"
rahul roy,5,22 September 2024,Josh application ek bahut achcha application hai,Josh Team,22 September 2024,"('N/A', 'N/A')"
Arun Kumar,5,22 September 2024,Josh super,Josh Team,22 September 2024,"('N/A', 'N/A')"
Sravan Yadav,5,22 September 2024,Nice and entertaining app..,Josh Team,22 September 2024,1 person found this review helpful
Krishna Yadav,1,22 September 2024,Bekaar app,Josh Team,22 September 2024,"('N/A', 'N/A')"
Ramesh Kumar Pandey,5,22 September 2024,Good 👍,Josh Team,22 September 2024,"('N/A', 'N/A')"
Suraj Kumar,5,21 September 2024,Good app,Josh Team,22 September 2024,"('N/A', 'N/A')"
SUNITA “Jaya Laxmi” V,3,21 September 2024,👍,Josh Team,22 September 2024,"('N/A', 'N/A')"
Rudal Majhiyan,5,21 September 2024,Ggood aap 😇😇😇😇😇😇,Josh Team,22 September 2024,"('N/A', 'N/A')"
Ashish Tigers Mahadev,5,21 September 2024,V top nyc,Josh Team,22 September 2024,"('N/A', 'N/A')"
Mr and Mrs Dhayalkar,5,21 September 2024,Good and superb app,Josh Team,21 September 2024,"('N/A', 'N/A')"
Gourav Kori,1,21 September 2024,Delete,Josh Team,21 September 2024,"('N/A', 'N/A')"
Mobinbenjamin Benjamin,5,21 September 2024,Fantastic app,Josh Team,21 September 2024,"('N/A', 'N/A')"
Ankit Kushwaha,5,21 September 2024,Most important and very useful 👌 app on the josh app,Josh Team,21 September 2024,1 person found this review helpful
Ayub Ali Shaikh,5,20 September 2024,Nice app,Josh Team,21 September 2024,"('N/A', 'N/A')"
A_S LAKSHAY,5,20 September 2024,nice,Josh Team,21 September 2024,"('N/A', 'N/A')"
Amit Yadav,3,20 September 2024,Amit yadav Dgn,Josh Team,21 September 2024,"('N/A', 'N/A')"
Biswajit Das,5,20 September 2024,Nice,Josh Team,20 September 2024,"('N/A', 'N/A')"
Official Javed,5,20 September 2024,Good,Josh Team,20 September 2024,"('N/A', 'N/A')"
Seema Prajapati,5,20 September 2024,Best app,Josh Team,20 September 2024,"('N/A', 'N/A')"
Surajkumar Nishad,4,20 September 2024,Good,Josh Team,20 September 2024,"('N/A', 'N/A')"
Ayush Rana,5,20 September 2024,Good,Josh Team,20 September 2024,"('N/A', 'N/A')"
Manchit Kumar Yadav,5,20 September 2024,Super apps,Josh Team,20 September 2024,"('N/A', 'N/A')"
Anil Kumar Kumar,5,19 September 2024,Wow 🐴🐴,Josh Team,20 September 2024,"('N/A', 'N/A')"
Mohd Ateeq,1,19 September 2024,Don't download this,Josh Team,20 September 2024,"('N/A', 'N/A')"
Santhi Kuncham,3,19 September 2024,Santhikuncham,Josh Team,20 September 2024,"('N/A', 'N/A')"
ram j l,5,19 September 2024,V good,Josh Team,19 September 2024,"('N/A', 'N/A')"
Mohd Gufran Mohd Gufran,5,19 September 2024,High speed,Josh Team,19 September 2024,"('N/A', 'N/A')"
Pratibha Singh,5,19 September 2024,Good,Josh Team,19 September 2024,"('N/A', 'N/A')"
Amit Kumar,5,19 September 2024,Amit Kumar 🎉🎉🎉🎉🎉,Josh Team,19 September 2024,"('N/A', 'N/A')"
Vivek Patel,5,19 September 2024,Nice 👍👍,Josh Team,19 September 2024,"('N/A', 'N/A')"
Arvind Yadav,5,19 September 2024,Super❤️,Josh Team,19 September 2024,"('N/A', 'N/A')"
Omkar Domale,2,18 September 2024,My own experience in this app is not a bad or not a good,Josh Team,19 September 2024,"('N/A', 'N/A')"
Sangita Mahto,1,18 September 2024,Sangita kumari,Josh Team,19 September 2024,"('N/A', 'N/A')"
Janani Alagundi,5,18 September 2024,Very good app,Josh Team,19 September 2024,"('N/A', 'N/A')"
Rishabh Kumar,5,18 September 2024,Very good experience,Josh Team,18 September 2024,"('N/A', 'N/A')"
Mohd Nazeer,5,18 September 2024,Super,Josh Team,18 September 2024,"('N/A', 'N/A')"
pushpendra dwivedi,5,18 September 2024,Awesome,Josh Team,18 September 2024,"('N/A', 'N/A')"
Abhishek Maurya,5,18 September 2024,🙏🙏🙏🙏⭐⭐⭐,Josh Team,18 September 2024,"('N/A', 'N/A')"
Rubina Kamble,5,18 September 2024,I like josh videos,Josh Team,18 September 2024,"('N/A', 'N/A')"
Vinod Prajapati,2,18 September 2024,Nice 👌👌,Josh Team,19 September 2024,"('N/A', 'N/A')"
Abdhul Kadhar,5,18 September 2024,Super app bro the enjoy and messapg super,Josh Team,18 September 2024,1 person found this review helpful
thaseen ali,5,17 September 2024,Very very good,Josh Team,18 September 2024,"('N/A', 'N/A')"
Arya Mohan,5,17 September 2024,Good,Josh Team,18 September 2024,"('N/A', 'N/A')"
Vicky Maravi,5,17 September 2024,BESTEST AAP OF AAL TIME🫵🏻🫶🏻,Josh Team,18 September 2024,"('N/A', 'N/A')"
Abul Hussain,5,17 September 2024,Speechless,Josh Team,18 September 2024,"('N/A', 'N/A')"
Raju Kushwaha,5,17 September 2024,Rajukushwha,Josh Team,17 September 2024,"('N/A', 'N/A')"
Muhammad sohail Raza,5,17 September 2024,Sohil Raza Qadri,Josh Team,17 September 2024,"('N/A', 'N/A')"
S Basak vlog,5,16 September 2024,Wonder ful application so viral application,Josh Team,17 September 2024,"('N/A', 'N/A')"
Manahora Bagha,2,16 September 2024,Good,Josh Team,17 September 2024,"('N/A', 'N/A')"
Saikat Bagchi,4,16 September 2024,"Please add non downloadable option for not others download my contents,this is the only flaw this app has.",Josh Team,17 September 2024,4 people found this review helpful
Mohd Aqdas,5,16 September 2024,This aap is good video varal,Josh Team,17 September 2024,"('N/A', 'N/A')"
Suman Pawar,5,16 September 2024,Vo bhi nhi,Josh Team,16 September 2024,"('N/A', 'N/A')"
Alfaz Bhai,5,16 September 2024,This app is help full,Josh Team,16 September 2024,"('N/A', 'N/A')"
Komal Salunke,5,16 September 2024,Nice ☺️,Josh Team,16 September 2024,"('N/A', 'N/A')"
R.S.Ranjit. Song Live,5,16 September 2024,Ranjit Singh Ferozepur,Josh Team,16 September 2024,"('N/A', 'N/A')"
Abhi Bahukhandi,5,16 September 2024,Why you my account block,Josh Team,16 September 2024,"('N/A', 'N/A')"
Vijaya Hariharan,5,16 September 2024,My favorite app for reel,Josh Team,16 September 2024,"('N/A', 'N/A')"
Shayamu Sharma,4,16 September 2024,Deekhe koi,Josh Team,16 September 2024,"('N/A', 'N/A')"
Nitin Jangid,5,16 September 2024,❤️💎,Josh Team,16 September 2024,"('N/A', 'N/A')"
AKASH GUPTA,5,16 September 2024,Very good,Josh Team,16 September 2024,"('N/A', 'N/A')"
shaijal tk,5,16 September 2024,Ok,Josh Team,16 September 2024,"('N/A', 'N/A')"
kameswara rao mitnala,5,15 September 2024,నయస,Josh Team,16 September 2024,"('N/A', 'N/A')"
Karma Short movie (KARMA),5,15 September 2024,Super experience amazing,Josh Team,16 September 2024,"('N/A', 'N/A')"
Vijay Kumar Chaubey,5,15 September 2024,Bhaut hi sunder hai app,Josh Team,16 September 2024,"('N/A', 'N/A')"
MdRabbul Ansari,5,15 September 2024,Nice 👌,Josh Team,16 September 2024,"('N/A', 'N/A')"
Jay Bheem,1,15 September 2024,Like jaldi milta hai is good app,Josh Team,16 September 2024,"('N/A', 'N/A')"
Ashish Kumar Gond,1,15 September 2024,Arun kumar,Josh Team,16 September 2024,"('N/A', 'N/A')"
Papuni Naik,5,15 September 2024,MY photo is not showing in the world of the day of my birthday my dear friends and family and my life is,Josh Team,16 September 2024,"('N/A', 'N/A')"
Naresh Naresh,5,15 September 2024,NARESH k Yadav Mahua Mukundpur Vaishali Bihar Patna,Josh Team,15 September 2024,"('N/A', 'N/A')"
Ashish Christian,5,15 September 2024,Good for entertainment,Josh Team,15 September 2024,1 person found this review helpful
GaneshAdivasi,5,15 September 2024,Ganesh Adivasi,Josh Team,15 September 2024,"('N/A', 'N/A')"
Hari Krishnan,5,15 September 2024,Very nice 👍🏻👍🏻,Josh Team,15 September 2024,"('N/A', 'N/A')"
Budhhdarshan Kumar,4,15 September 2024,Nice,Josh Team,15 September 2024,"('N/A', 'N/A')"
Sanjay Singh,5,15 September 2024,Osm,Josh Team,15 September 2024,"('N/A', 'N/A')"
HARSHI HEMA,5,15 September 2024,Running stunning,Josh Team,15 September 2024,"('N/A', 'N/A')"
Komal Singhaniyaa,5,15 September 2024,very good I have 6.7k followers,Josh Team,15 September 2024,"('N/A', 'N/A')"
Rais Ahmad,5,14 September 2024,very nice,Josh Team,15 September 2024,"('N/A', 'N/A')"
kanchan kumari,5,14 September 2024,Good,Josh Team,14 September 2024,"('N/A', 'N/A')"
Hariom Sahni,5,14 September 2024,Good josh,Josh Team,14 September 2024,"('N/A', 'N/A')"
Mr Mahesh,5,14 September 2024,Nice,Josh Team,14 September 2024,"('N/A', 'N/A')"
Mukhtyar Ali,5,14 September 2024,I would like to explore more ot I want to join josh family too asap,Josh Team,14 September 2024,"('N/A', 'N/A')"
KAUSHLYA MEENA,5,14 September 2024,Amazing,Josh Team,14 September 2024,"('N/A', 'N/A')"
mosamana Tamizha,5,13 September 2024,I lovely app,Josh Team,14 September 2024,"('N/A', 'N/A')"
Khushi Pahiwal,5,13 September 2024,Nice app,Josh Team,14 September 2024,"('N/A', 'N/A')"
Sameer Khan,5,13 September 2024,I like josh,Josh Team,14 September 2024,"('N/A', 'N/A')"
Injam Sk,5,13 September 2024,So nice😊 apps,Josh Team,14 September 2024,"('N/A', 'N/A')"
Bikram Singh Gill,5,13 September 2024,its imagine,Josh Team,14 September 2024,"('N/A', 'N/A')"
Rahul Rahul charan,5,13 September 2024,बहुत बढ़िया,Josh Team,14 September 2024,"('N/A', 'N/A')"
balachandaran balu,5,13 September 2024,👍,Josh Team,14 September 2024,"('N/A', 'N/A')"
चिमन प्रकाश राजपूत,2,13 September 2024,अच्छा,Josh Team,13 September 2024,"('N/A', 'N/A')"
Vijendar Kumar,5,13 September 2024,Nice,Josh Team,14 September 2024,"('N/A', 'N/A')"
Sonu Kevat,5,13 September 2024,Love you 😘,Josh Team,14 September 2024,"('N/A', 'N/A')"
Neeta Damai,5,12 September 2024,Really I like it very much,Josh Team,13 September 2024,"('N/A', 'N/A')"
Sumareddy Reddys,5,12 September 2024,Vv good,Josh Team,12 September 2024,"('N/A', 'N/A')"
Magail nandu Nandu,5,12 September 2024,WhatsApp,Josh Team,12 September 2024,"('N/A', 'N/A')"
Barsa Hembram,5,12 September 2024,Nice 🥰🥰🥰,Josh Team,12 September 2024,"('N/A', 'N/A')"
Jajsjjs jsjsjsjsjs,1,12 September 2024,Well nice tiki app learn more all install,Josh Team,12 September 2024,1 person found this review helpful
Shani Kumar,5,12 September 2024,Nice,Josh Team,12 September 2024,1 person found this review helpful
Mithun Dwivedi,5,12 September 2024,Wow,Josh Team,12 September 2024,"('N/A', 'N/A')"
Shaikh Tarif,4,12 September 2024,Very good 😊,Josh Team,12 September 2024,"('N/A', 'N/A')"
Anurag Yadav,3,12 September 2024,Nice,Josh Team,12 September 2024,1 person found this review helpful
Mohit Vikraal,5,12 September 2024,Excellent 👌👌👌👌👍👍,Josh Team,12 September 2024,"('N/A', 'N/A')"
PRINCE JHA,3,11 September 2024,All is well but followers following is very low,Josh Team,12 September 2024,3 people found this review helpful
Swagata Joneja,5,11 September 2024,Good but want more effect and crop facility,Josh Team,12 September 2024,"('N/A', 'N/A')"
eclipwze,5,11 September 2024,I love this app so much 💞,Josh Team,12 September 2024,"('N/A', 'N/A')"
ASHWANI KUMAR,5,11 September 2024,Nice app👌👌,Josh Team,12 September 2024,"('N/A', 'N/A')"
Jishan Ali,5,11 September 2024,JISHSN,Josh Team,12 September 2024,"('N/A', 'N/A')"
Debolina Dhar,5,11 September 2024,Good app,Josh Team,12 September 2024,"('N/A', 'N/A')"
Vineesh Singh,4,11 September 2024,Vineeshsingh,Josh Team,11 September 2024,"('N/A', 'N/A')"
Shailesh Kumar,5,11 September 2024,Nice,Josh Team,11 September 2024,"('N/A', 'N/A')"
Akash Adhikari,5,11 September 2024,Nice,Josh Team,11 September 2024,"('N/A', 'N/A')"
Swarup Dutta,5,11 September 2024,I am very happy.,Josh Team,11 September 2024,"('N/A', 'N/A')"
SATISH Bagde,5,11 September 2024,👍 nice,Josh Team,11 September 2024,"('N/A', 'N/A')"
Sameer Akhtar,5,11 September 2024,Nice app,Josh Team,11 September 2024,"('N/A', 'N/A')"
Bijaya Gouda,5,11 September 2024,Good,Josh Team,11 September 2024,"('N/A', 'N/A')"
Ajay Ray,5,11 September 2024,Ajay Raj 8726,Josh Team,11 September 2024,"('N/A', 'N/A')"
Sulekha Marik,5,10 September 2024,So so good app and my followers 2030,Josh Team,11 September 2024,"('N/A', 'N/A')"
Nasim Alam,1,10 September 2024,Yash super hit videos app,Josh Team,11 September 2024,"('N/A', 'N/A')"
Santoshkumar. Paswan,1,10 September 2024,Good,Josh Team,11 September 2024,"('N/A', 'N/A')"
Sintu Mahato,5,10 September 2024,Nice,Josh Team,11 September 2024,"('N/A', 'N/A')"
Kailash Jha,5,10 September 2024,Nice,Josh Team,11 September 2024,"('N/A', 'N/A')"
Mohamed Niyaz,5,10 September 2024,Superb app,Josh Team,10 September 2024,"('N/A', 'N/A')"
Banti Verma,5,10 September 2024,all good Nothing to say,Josh Team,10 September 2024,"('N/A', 'N/A')"
Rangder Mafiya,5,10 September 2024,Good 👍🏻,Josh Team,10 September 2024,"('N/A', 'N/A')"
YOGANAND SRINIVAS,5,10 September 2024,Good,Josh Team,10 September 2024,"('N/A', 'N/A')"
Ad Anand Razz,4,9 September 2024,Very nice,Josh Team,10 September 2024,"('N/A', 'N/A')"
Sumanth Rai Rai,5,9 September 2024,Wow super Josh,Josh Team,10 September 2024,1 person found this review helpful
M lacharam M lacharam,5,9 September 2024,Fecbookfecbook fecbook,Josh Team,10 September 2024,1 person found this review helpful
Mohammad Basha,5,9 September 2024,Nice good 😊😊😊,Josh Team,10 September 2024,"('N/A', 'N/A')"
Sangappa sherikar,5,9 September 2024,It. Is so funny,Josh Team,9 September 2024,"('N/A', 'N/A')"
Pukkalla Dharmaraju,5,9 September 2024,Supar,Josh Team,9 September 2024,"('N/A', 'N/A')"
Mahendra Baranwal,3,9 September 2024,Nice,Josh Team,9 September 2024,"('N/A', 'N/A')"
Varun Singh,5,9 September 2024,Very good aap,Josh Team,9 September 2024,"('N/A', 'N/A')"
Taufik Mohomadd,3,9 September 2024,Taufikmohomadd,Josh Team,9 September 2024,"('N/A', 'N/A')"
Hajrat official 24,5,9 September 2024,1.millon Followers,Josh Team,9 September 2024,"('N/A', 'N/A')"
Komal Kumari,5,9 September 2024,Best app,Josh Team,9 September 2024,"('N/A', 'N/A')"
Israr Mohd,5,9 September 2024,Very good,Josh Team,9 September 2024,"('N/A', 'N/A')"
muthu ramam,4,9 September 2024,Aba,Josh Team,9 September 2024,"('N/A', 'N/A')"
jassi gammers,5,8 September 2024,The chat update of the app is great and nothing else 😍😊,Josh Team,9 September 2024,6 people found this review helpful
Funky Siso,5,8 September 2024,Nice,Josh Team,9 September 2024,"('N/A', 'N/A')"
Nazia Faroque,4,8 September 2024,The best way to pass time but I opened my channel and I didn't get response 😭😭😭😡😡😡,Josh Team,8 September 2024,14 people found this review helpful
Rehana Khatun,2,8 September 2024,Fine,Josh Team,8 September 2024,"('N/A', 'N/A')"
PRABHJOT SINGH,5,8 September 2024,Good,Josh Team,8 September 2024,"('N/A', 'N/A')"
Sahil sidd,5,8 September 2024,ar army f,Josh Team,8 September 2024,"('N/A', 'N/A')"
CHARAN (Charan),5,8 September 2024,Super blockbuster 🔥🔥🔥🔥 love 😘🙏✊🔥❤️,Josh Team,8 September 2024,"('N/A', 'N/A')"
SULTAN MIRZA,5,8 September 2024,Great AAP,Josh Team,8 September 2024,"('N/A', 'N/A')"
kannan automobile,5,7 September 2024,Good,Josh Team,8 September 2024,"('N/A', 'N/A')"
Basheer Ahmed,5,7 September 2024,Super app josh,Josh Team,8 September 2024,"('N/A', 'N/A')"
Sudhir Kumar,5,7 September 2024,Jypal,Josh Team,8 September 2024,"('N/A', 'N/A')"
Ruhul Hoque,5,7 September 2024,Interesting,Josh Team,8 September 2024,"('N/A', 'N/A')"
Laxmi Narayan Kumar,5,7 September 2024,मुझे बहुत ज्यादा पसंद आया जोर से,Josh Team,8 September 2024,"('N/A', 'N/A')"
asupramani asupramani,5,7 September 2024,a supramani,Josh Team,8 September 2024,"('N/A', 'N/A')"
kumar simha,5,7 September 2024,Goooooood,Josh Team,7 September 2024,"('N/A', 'N/A')"
shivakumar G G,4,6 September 2024,Good,Josh Team,7 September 2024,"('N/A', 'N/A')"
SACHIN YOGI,5,6 September 2024,Good,Josh Team,7 September 2024,"('N/A', 'N/A')"
B kumar Santosh,5,6 September 2024,Madhaba,Josh Team,7 September 2024,"('N/A', 'N/A')"
Swapan Lal Mukherjee,4,6 September 2024,I can't download my reels from josh why this happen ing,Josh Team,7 September 2024,"('N/A', 'N/A')"
K Srinivadu,1,6 September 2024,Anadas,Josh Team,7 September 2024,"('N/A', 'N/A')"
PIYUSH KUMAR KHARWAR,5,6 September 2024,Best hai,Josh Team,7 September 2024,"('N/A', 'N/A')"
Pervaiz Ahmed,4,6 September 2024,Great apps for entertainment,Josh Team,6 September 2024,"('N/A', 'N/A')"
Suresh N,5,6 September 2024,Nice,Josh Team,6 September 2024,"('N/A', 'N/A')"
Suman Soni,5,5 September 2024,Awesome 👌 👏 👍 😍 💖,Josh Team,6 September 2024,"('N/A', 'N/A')"
Shaik Khasim,5,5 September 2024,Full entertainment happy enjoying,Josh Team,6 September 2024,"('N/A', 'N/A')"
Sonu Kushwaha,4,5 September 2024,All ok,Josh Team,6 September 2024,"('N/A', 'N/A')"
Modi KaFan,5,5 September 2024,बहुत बहुत बढ़िया टाइमपास के लिए बहुत अच्छा प्लेटफार्म है 75,Josh Team,5 September 2024,"('N/A', 'N/A')"
Aditya Kumar,3,5 September 2024,average,Josh Team,5 September 2024,"('N/A', 'N/A')"
Sachin Gunwante,1,5 September 2024,Bad,Josh Team,5 September 2024,"('N/A', 'N/A')"
Patan Ameer khan,5,5 September 2024,Omg Josh,Josh Team,5 September 2024,"('N/A', 'N/A')"
Vinoth Vinoth,5,5 September 2024,Nice,Josh Team,5 September 2024,"('N/A', 'N/A')"
Saurabh Singh,5,4 September 2024,Nice,Josh Team,5 September 2024,"('N/A', 'N/A')"
ASAD KHAN,5,4 September 2024,I LOVE VERY VERY MUCH ALL VIDEOS THANKS APP JOSH FOR CHANGES OF MY MIND 😘😘😘😘😘😘😘❤,Josh Team,5 September 2024,"('N/A', 'N/A')"
Suraj shada,5,4 September 2024,sujit,Josh Team,5 September 2024,"('N/A', 'N/A')"
Sakthi Murugan,3,4 September 2024,Nice to good,Josh Team,5 September 2024,"('N/A', 'N/A')"
web titel,2,4 September 2024,I am huge fan of josh app I waiting for marketing link add features,Josh Team,5 September 2024,4 people found this review helpful
Venky,5,4 September 2024,👌👌 Super App,Josh Team,5 September 2024,"('N/A', 'N/A')"
rahul m,5,4 September 2024,Nice aap,Josh Team,4 September 2024,"('N/A', 'N/A')"
Mohammed Ahmed Ullah,4,4 September 2024,Nice,Josh Team,4 September 2024,"('N/A', 'N/A')"
akshith Padalwar,1,4 September 2024,West,Josh Team,4 September 2024,"('N/A', 'N/A')"
Mausam Kumar,5,3 September 2024,Mausam Raj ♥️,Josh Team,4 September 2024,"('N/A', 'N/A')"
P Ramkumar,5,3 September 2024,Good,Josh Team,4 September 2024,"('N/A', 'N/A')"
Dhansingh Dadal,5,3 September 2024,Wow,Josh Team,4 September 2024,"('N/A', 'N/A')"
Krishna Sharma,4,3 September 2024,Ssz ok Thanks nhuhhg I,Josh Team,4 September 2024,"('N/A', 'N/A')"
sagar s,5,3 September 2024,Vvv good,Josh Team,3 September 2024,"('N/A', 'N/A')"
Zaid Sid,5,3 September 2024,Josh App is best,Josh Team,3 September 2024,"('N/A', 'N/A')"
Davinder Kumar,5,3 September 2024,I am using last 3year but no response like,Josh Team,3 September 2024,"('N/A', 'N/A')"
arjun badole,5,2 September 2024,अर्जुन,Josh Team,3 September 2024,"('N/A', 'N/A')"
Kajalrockstar,1,2 September 2024,"My id is freezed Hello dear Josh team I have 7000 follower on my josh id and my josh account is freezed .I didn't uploading on my josh Id views and likes are not coming on on it they you should check my id once and you correct the mistake I have on my Id ,I will do this in future.I will not you can unfreeze my josh account. (Thank you) ( My josh id name is 433035)",Josh Team,3 September 2024,"('N/A', 'N/A')"
Raihan Mondal,5,2 September 2024,Best,Josh Team,2 September 2024,"('N/A', 'N/A')"
Sana Shaikh,5,2 September 2024,nice,Josh Team,2 September 2024,"('N/A', 'N/A')"
Dindigul Balaji,5,2 September 2024,Super josh support please 🙏,Josh Team,2 September 2024,"('N/A', 'N/A')"
Sofikul Hasan,5,1 September 2024,শফিউল হাসান,Josh Team,1 September 2024,"('N/A', 'N/A')"
Actor Cherry,5,1 September 2024,My id name actor cherry...I hav alredy 1 million view ..but now views is very low ....ples improv my videos and views ...I love josh,Josh Team,1 September 2024,"('N/A', 'N/A')"
Vikas Singh,5,1 September 2024,Nice 👍,Josh Team,1 September 2024,"('N/A', 'N/A')"
Aish Khan,5,1 September 2024,Aishkhan,Josh Team,1 September 2024,"('N/A', 'N/A')"
Sanjay Kumar Sanjay Kumar,5,1 September 2024,Sanj you yaar ❤️ lo que,Josh Team,1 September 2024,"('N/A', 'N/A')"
Aakansha Singh,5,1 September 2024,I need followers but did not getting wh should I do,Josh Team,1 September 2024,"('N/A', 'N/A')"
Afjal Ali,5,1 September 2024,Shupar josh,Josh Team,1 September 2024,"('N/A', 'N/A')"
Mayank Sharma,5,1 September 2024,Josh can you please help me and viral them pls,Josh Team,1 September 2024,"('N/A', 'N/A')"
Kaveri Bhale,5,1 September 2024,Very very good experience/ Josh app is the best app,Josh Team,1 September 2024,15 people found this review helpful
DEVKARAN MEHAR,5,1 September 2024,Very nice,Josh Team,1 September 2024,"('N/A', 'N/A')"
Mohit Sahu,4,1 September 2024,Bahu mast app hai📰💙📰🏏💜😮,Josh Team,1 September 2024,"('N/A', 'N/A')"
Harshit Gujjar,5,1 September 2024,Nice,Josh Team,1 September 2024,"('N/A', 'N/A')"
Shakib Khan,5,31 August 2024,good appp super,Josh Team,1 September 2024,"('N/A', 'N/A')"
SUJIT mandal,5,31 August 2024,Beautiful performance and easy to use,Josh Team,1 September 2024,22 people found this review helpful
Malli M,5,31 August 2024,Super,Josh Team,31 August 2024,"('N/A', 'N/A')"
Anand Anand,5,31 August 2024,⭐ super 🌹🙏🌹,Josh Team,31 August 2024,"('N/A', 'N/A')"
ASHOK GOUR,5,31 August 2024,Exilence,Josh Team,31 August 2024,"('N/A', 'N/A')"
दिपक गिरी,5,31 August 2024,Nicely,Josh Team,31 August 2024,"('N/A', 'N/A')"
TM Mafia,4,31 August 2024,Amazing 😍,Josh Team,31 August 2024,"('N/A', 'N/A')"
Maheshkumar Reddy,5,30 August 2024,Nice app,Josh Team,31 August 2024,"('N/A', 'N/A')"
Swarup Pakrey,5,30 August 2024,Everything is good in joss app but it would be great to have photo posting service like facebook instragram and live trimming service voice call video call story.,Josh Team,31 August 2024,"1,081 people found this review helpful"
Kuldeep Singh,5,30 August 2024,Kuldeep thakur,Josh Team,30 August 2024,"('N/A', 'N/A')"
Deepak Darji,5,30 August 2024,😄😆,Josh Team,30 August 2024,"('N/A', 'N/A')"
Rabi Kumar Singh,5,30 August 2024,Wow josh app is good to create video make viral,Josh Team,30 August 2024,"('N/A', 'N/A')"
ZabirKhan Official,5,30 August 2024,Nice,Josh Team,30 August 2024,"('N/A', 'N/A')"
Aslam Ansari,5,30 August 2024,Very good,Josh Team,30 August 2024,"('N/A', 'N/A')"
Abir sader,5,30 August 2024,Nice app tis very nice app,Josh Team,30 August 2024,"('N/A', 'N/A')"
prakash anchal,4,30 August 2024,Comedy dance @prakash7star,Josh Team,30 August 2024,"('N/A', 'N/A')"
S s s Entertainment,5,29 August 2024,very good platform,Josh Team,30 August 2024,"('N/A', 'N/A')"
Vikash Kumar,5,29 August 2024,On,Josh Team,30 August 2024,"('N/A', 'N/A')"
Dharmendra Yadav,5,29 August 2024,Super 😘🥰,Josh Team,30 August 2024,"('N/A', 'N/A')"
Md Rahul,5,29 August 2024,Nice,Josh Team,30 August 2024,"('N/A', 'N/A')"
Jeevanantham K,5,29 August 2024,Greet,Josh Team,30 August 2024,"('N/A', 'N/A')"
Aslam Shaikh,5,29 August 2024,Ek number,Josh Team,30 August 2024,"('N/A', 'N/A')"
Nidhi Ekka,5,29 August 2024,Very very good 👍👍,Josh Team,30 August 2024,"('N/A', 'N/A')"
Bharat Chavan,5,29 August 2024,Amazing josh app 💝💝💝,Josh Team,29 August 2024,"('N/A', 'N/A')"
Kumari Niddhi,5,29 August 2024,Good,Josh Team,29 August 2024,"('N/A', 'N/A')"
Dhiraj Yadav official,5,28 August 2024,👍👍👍👍👍,Josh Team,29 August 2024,"('N/A', 'N/A')"
Anandh Anandh,5,28 August 2024,Ok good,Josh Team,29 August 2024,"('N/A', 'N/A')"
Vandana Shrsevas,5,28 August 2024,Nice app,Josh Team,29 August 2024,"('N/A', 'N/A')"
Sonam Devi,5,28 August 2024,Super fast,Josh Team,29 August 2024,"('N/A', 'N/A')"
Niladri Biswas,1,28 August 2024,Worst app I have been seen,Josh Team,28 August 2024,2 people found this review helpful
Rajiv Rajiv,5,28 August 2024,Very smooth and excellent,Josh Team,28 August 2024,"('N/A', 'N/A')"
Mamanduru Subramanyam,5,28 August 2024,Ok,Josh Team,28 August 2024,"('N/A', 'N/A')"
Kartik Jagtap,5,28 August 2024,I wish my account will soon be monitized,Josh Team,28 August 2024,"('N/A', 'N/A')"
Kamlesh Dev,1,28 August 2024,Sign,Josh Team,28 August 2024,"('N/A', 'N/A')"
sushilraj martha,5,28 August 2024,Excelent,Josh Team,28 August 2024,"('N/A', 'N/A')"
Zora jxxt,1,28 August 2024,Don't use,Josh Team,28 August 2024,"('N/A', 'N/A')"
Umairkhan Umairkhan,5,28 August 2024,Umai,Josh Team,28 August 2024,"('N/A', 'N/A')"
Jyotish love,5,28 August 2024,Josh puri Time ko Thanks,Josh Team,28 August 2024,"('N/A', 'N/A')"
Ashutosh Banerjee,4,28 August 2024,Nicee,Josh Team,28 August 2024,"('N/A', 'N/A')"
Kyamuna Sahani,5,27 August 2024,Very good,Josh Team,28 August 2024,"('N/A', 'N/A')"
Prem chandra Vishwakarma,5,27 August 2024,Very good aap,Josh Team,28 August 2024,"('N/A', 'N/A')"
dgg Rav,5,27 August 2024,Super,Josh Team,28 August 2024,"('N/A', 'N/A')"
Ansh Sharma,1,27 August 2024,This app is khatara,Josh Team,28 August 2024,"('N/A', 'N/A')"
Vishal Singh,5,27 August 2024,nice but paise Kam doge mujhe mai itne din se reels bana rha hu,Josh Team,28 August 2024,"('N/A', 'N/A')"
Aditya Yerwal,5,27 August 2024,Onderfull aap ❤️🤗,Josh Team,28 August 2024,"('N/A', 'N/A')"
Ravinder Kumar,5,27 August 2024,oss.,Josh Team,27 August 2024,"('N/A', 'N/A')"
army boy,5,27 August 2024,nice app,Josh Team,27 August 2024,"('N/A', 'N/A')"
Pritesh Lancer,1,27 August 2024,Most of the video is black out,Josh Team,27 August 2024,"('N/A', 'N/A')"
Jose Antony,5,27 August 2024,Super 😍,Josh Team,27 August 2024,"('N/A', 'N/A')"
RMR crazy channel yadav,5,27 August 2024,I was contact josh in email please focus my problem,Josh Team,27 August 2024,"('N/A', 'N/A')"
Sanjay Paswan,5,27 August 2024,Yaa,Josh Team,27 August 2024,"('N/A', 'N/A')"
Supriya Biswas,5,27 August 2024,It's very amazing,Josh Team,27 August 2024,"('N/A', 'N/A')"
Altaf Raja,5,26 August 2024,Nice app full support every one,Josh Team,27 August 2024,1 person found this review helpful
Rajender Jangra,4,26 August 2024,Nice,Josh Team,27 August 2024,"('N/A', 'N/A')"
Ritika Electronics,5,26 August 2024,Good sarvis,Josh Team,27 August 2024,"('N/A', 'N/A')"
Hari Babu,5,26 August 2024,Goodgood,Josh Team,26 August 2024,"('N/A', 'N/A')"
Kiran Sangle,5,26 August 2024,Very nice,Josh Team,26 August 2024,"('N/A', 'N/A')"
Raghupati Naidu Dhanimireddy,5,26 August 2024,Nice,Josh Team,26 August 2024,"('N/A', 'N/A')"
Syed Arif,5,26 August 2024,Good,Josh Team,26 August 2024,"('N/A', 'N/A')"
Kunal Kumar,5,26 August 2024,Best,Josh Team,26 August 2024,"('N/A', 'N/A')"
Priya Kumari Kumari,5,26 August 2024,This is good 😍,Josh Team,26 August 2024,"('N/A', 'N/A')"
Mohan Padhiyar,5,26 August 2024,Thank you very much,Josh Team,26 August 2024,"('N/A', 'N/A')"
Anuj Kumar,5,26 August 2024,Bas humko star bana do bus,Josh Team,26 August 2024,"('N/A', 'N/A')"
Jorte Artur,5,25 August 2024,Jortel artur,Josh Team,26 August 2024,"('N/A', 'N/A')"
Deepak Singh,5,25 August 2024,Vgood,Josh Team,26 August 2024,"('N/A', 'N/A')"
Egana kumar,2,25 August 2024,𝔼𝕘𝕒𝕟𝕒 𝕜𝕦𝕞𝕒𝕣.,Josh Team,25 August 2024,"('N/A', 'N/A')"
Piyush Nayak,5,25 August 2024,acha,Josh Team,25 August 2024,"('N/A', 'N/A')"
Preet Lamba,5,25 August 2024,Great,Josh Team,25 August 2024,"('N/A', 'N/A')"
Vishal nishad Raj,5,25 August 2024,Good,Josh Team,25 August 2024,"('N/A', 'N/A')"
Sunil Rawat,5,24 August 2024,Good josh aap,Josh Team,25 August 2024,"('N/A', 'N/A')"
Laskhaman More,5,24 August 2024,Laskhaman ❤️,Josh Team,25 August 2024,"('N/A', 'N/A')"
ashwani gagai,5,24 August 2024,Good,Josh Team,25 August 2024,"('N/A', 'N/A')"
Ashu Pathan,5,24 August 2024,Like,Josh Team,24 August 2024,"('N/A', 'N/A')"
Bharti Maher,4,24 August 2024,Great app,Josh Team,24 August 2024,"('N/A', 'N/A')"
Lucky Bhai,5,24 August 2024,Fantastic 😍,Josh Team,24 August 2024,"('N/A', 'N/A')"
Rishi Kumar,5,23 August 2024,Rishu,Josh Team,24 August 2024,"('N/A', 'N/A')"
Sarika Singh,4,23 August 2024,5-6 month seMere fans nhi bad rhe isliye 1 star km hai wrna pure star hote. Meri id che ke krk fans badao ok 👌thanks,Josh Team,24 August 2024,"('N/A', 'N/A')"
pratap panda,5,23 August 2024,Good to see clarity vedio,Josh Team,24 August 2024,"('N/A', 'N/A')"
Aditya,5,23 August 2024,Nice app,Josh Team,24 August 2024,"('N/A', 'N/A')"
Anubala Rai,5,23 August 2024,Nice,Josh Team,24 August 2024,"('N/A', 'N/A')"
Olpi Das,5,23 August 2024,Josh app is very good app,Josh Team,24 August 2024,"('N/A', 'N/A')"
Review master PRASHANT #,5,23 August 2024,Nice 👍👍👍,Josh Team,23 August 2024,"('N/A', 'N/A')"
Naveen kumar Raj,5,23 August 2024,Gjb app hai,Josh Team,23 August 2024,1 person found this review helpful
Shekhar Bhise,5,23 August 2024,Actually Super App For Creators Videos...One issue after Video uploaded quality was decrease..,Josh Team,23 August 2024,280 people found this review helpful
Komal Bhardwaj kasganj,5,23 August 2024,This is very good app,Josh Team,23 August 2024,"('N/A', 'N/A')"
Laxmi Devi,2,23 August 2024,मेरा नाम लक्ष्मी ioqpyprrur,Josh Team,23 August 2024,"('N/A', 'N/A')"
Rosaleen Mom,2,23 August 2024,"from yesterday i used this app i post my photo but, why i cannot see who look my photo",Josh Team,23 August 2024,"('N/A', 'N/A')"
Jaydevsinh Gohil J. Gohil,3,22 August 2024,I am gohil j b namaste 🙏 sir why not josh sapper to be honest and make sure 😉,Josh Team,23 August 2024,"('N/A', 'N/A')"
Raaazi_ Kasroad,5,22 August 2024,❤️,Josh Team,22 August 2024,"('N/A', 'N/A')"
aggarwalraj 1977,1,22 August 2024,Not genuine profile,Josh Team,22 August 2024,"('N/A', 'N/A')"
Bharat sinh Jadeja,5,22 August 2024,Josh ist a best app for us,Josh Team,22 August 2024,"('N/A', 'N/A')"
Emmareddy Peerareddy,4,22 August 2024,Nice,Josh Team,22 August 2024,"('N/A', 'N/A')"
Dipali Mahanta,5,22 August 2024,Very very good,Josh Team,22 August 2024,"('N/A', 'N/A')"
Chinta Devi,4,22 August 2024,Not bad..... I like this app,Josh Team,22 August 2024,"('N/A', 'N/A')"
RUPESH BENDRE,5,21 August 2024,Very good 👍👍😊😊😊,Josh Team,22 August 2024,"('N/A', 'N/A')"
Md Riyaz Alam,5,21 August 2024,Supr,Josh Team,22 August 2024,"('N/A', 'N/A')"
Vgan Duraidmk,5,21 August 2024,Vganduraidmk,Josh Team,21 August 2024,"('N/A', 'N/A')"
Virat agni Kirsh,5,21 August 2024,❤️❤️❤️❤️❤️💖💖💖💖♥️♥️👍,Josh Team,21 August 2024,"('N/A', 'N/A')"
Pappu Gupta,5,21 August 2024,Best application,Josh Team,21 August 2024,"('N/A', 'N/A')"
Gopal Sankhat,3,21 August 2024,kya isme vo dikhta hai 🤔 jo insta me dikhta hai aaj kal,Josh Team,21 August 2024,"('N/A', 'N/A')"
Milind Chavan,1,21 August 2024,Very nice good job baby,Josh Team,21 August 2024,"('N/A', 'N/A')"
Sujal Mehta,5,21 August 2024,Good App for funny videos but my Creator pro not work,Josh Team,21 August 2024,"('N/A', 'N/A')"
Deen Mohammed,5,21 August 2024,Really,Josh Team,21 August 2024,"('N/A', 'N/A')"
Try something New,1,21 August 2024,Very low quality features. Third class application.,Josh Team,21 August 2024,"('N/A', 'N/A')"
Ayan Khan,5,21 August 2024,❤❤❤,Josh Team,21 August 2024,"('N/A', 'N/A')"
Ashwani Kumar,5,21 August 2024,वैरी नाइस एप,Josh Team,21 August 2024,"('N/A', 'N/A')"
Akula Siddhartha reddy,5,21 August 2024,This app supar.update. very good. But data jeldhi katham horahahu.,Josh Team,21 August 2024,1 person found this review helpful
Thavaselvan ptphse,5,20 August 2024,Lovely app❤️🌹🍫,Josh Team,21 August 2024,"('N/A', 'N/A')"
Mukesh Kumar,5,20 August 2024,Been using this app for a long time and liked it.,Josh Team,21 August 2024,"('N/A', 'N/A')"
Bong Laura,5,20 August 2024,Very good,Josh Team,20 August 2024,"('N/A', 'N/A')"
Manoj Redas,5,20 August 2024,Super,Josh Team,20 August 2024,"('N/A', 'N/A')"
Manish Khan90,4,19 August 2024,Application bilkul rail hai,Josh Team,20 August 2024,"('N/A', 'N/A')"
Prakash Kumar,5,19 August 2024,Prakash px2vm,Josh Team,20 August 2024,"('N/A', 'N/A')"
Naveen kumar,3,19 August 2024,Super ok i like only put 3.4 stars 👌🏻😀,Josh Team,20 August 2024,"('N/A', 'N/A')"
paras kumar,5,19 August 2024,Nice,Josh Team,19 August 2024,"('N/A', 'N/A')"
dev pathak,1,19 August 2024,nice 👍,Josh Team,19 August 2024,"('N/A', 'N/A')"
akhilesh Yadav,5,19 August 2024,Super ❤,Josh Team,19 August 2024,"('N/A', 'N/A')"
Faiz Khans,1,19 August 2024,Very bat application for,Josh Team,19 August 2024,"('N/A', 'N/A')"
saranya Durai,5,18 August 2024,Super,Josh Team,19 August 2024,"('N/A', 'N/A')"
Anil S,5,18 August 2024,Very nice,Josh Team,18 August 2024,"('N/A', 'N/A')"
Utkarsh Awashti,5,18 August 2024,Gfhfgggfggg bn vnvg th th h y t u ytyy yt channel Getty yt h YG a good day h YG yt yt ut YG yt ut ytyy yt u u u u u u u u that I gir hoy to r bi to r the library t shirt for girls and the other day I think the other side my work schedule a time when a time in a time when Bangladesh was Bangabandhu was elected members and the winter soldier in this email in the other one I think it,Josh Team,18 August 2024,"('N/A', 'N/A')"
MAHENDRA SINGH,3,18 August 2024,Thank you,Josh Team,18 August 2024,"('N/A', 'N/A')"
Kamla Khati,5,18 August 2024,Can I make money from it,Josh Team,18 August 2024,"('N/A', 'N/A')"
Jabir Husain,5,18 August 2024,Very nice work aaps,Josh Team,18 August 2024,"('N/A', 'N/A')"
Ashad Khan,5,18 August 2024,This app is very good hi to be in hindi full movie download in hindi song lyrics in hindi full episode chalat ba full movie 🍿🍿 in the group in english to hindi full 🌕🌕🌕 and women's and your family a very happy new year and your family a good products to be in your life and my friends group y you have to do in your friends group photo bhej de hai mujhe bhi bahut acchi nahin Ho song in the group in english with a e song lyrics of the song is the song is the same to you and your h no no no no,Josh Team,18 August 2024,"('N/A', 'N/A')"
Satheesh Babu,5,18 August 2024,Good,Josh Team,18 August 2024,"('N/A', 'N/A')"
Raj Singh,1,18 August 2024,Worst,Josh Team,18 August 2024,"('N/A', 'N/A')"
Sarabi Das,5,18 August 2024,Good 👍,Josh Team,18 August 2024,"('N/A', 'N/A')"
Sardar Basha,5,17 August 2024,Good interface application,Josh Team,18 August 2024,"('N/A', 'N/A')"
Sakshi Priya,5,17 August 2024,Very nice,Josh Team,18 August 2024,"('N/A', 'N/A')"
Pravin Gaude,5,17 August 2024,Good to good,Josh Team,18 August 2024,"('N/A', 'N/A')"
Amit yadav,5,17 August 2024,Very good app,Josh Team,18 August 2024,"('N/A', 'N/A')"
Preprem sai Sai,4,17 August 2024,Good,Josh Team,18 August 2024,"('N/A', 'N/A')"
Patel Nilay,4,17 August 2024,Very good,Josh Team,18 August 2024,"('N/A', 'N/A')"
ASHA SINGH,5,17 August 2024,Wonderful performance ! ❤,Josh Team,17 August 2024,"('N/A', 'N/A')"
RM AKASH,5,17 August 2024,make it a little viral,Josh Team,17 August 2024,"('N/A', 'N/A')"
Satish chavan Satish chavan,5,17 August 2024,Super enjoyed love it app,Josh Team,17 August 2024,"('N/A', 'N/A')"
NAGA greatmns,5,16 August 2024,𝘍𝘢𝘯𝘵𝘢𝘴𝘵𝘪𝘤 𝘈𝘗𝘗.𝘐 𝘓𝘐𝘒𝘌 𝘛𝘏𝘐𝘚 𝘈𝘗𝘗 𝘛𝘖𝘖 𝘔𝘜𝘊𝘏🤗,Josh Team,17 August 2024,1 person found this review helpful
Sakir Hassan Ansari,5,16 August 2024,Ex client,Josh Team,17 August 2024,"('N/A', 'N/A')"
Chandan mahananda,5,16 August 2024,👍👍,Josh Team,17 August 2024,"('N/A', 'N/A')"
anurag kumar,1,16 August 2024,Hi everyone this application is fake and Chinese app don't download this fake app don't waste your time in this fake app because no earning in this app please be aware of frauds,Josh Team,17 August 2024,26 people found this review helpful
Ayan Khan,5,16 August 2024,"Ayan,Khan",Josh Team,17 August 2024,"('N/A', 'N/A')"
Rajesh Kamble,5,16 August 2024,Nice entertainment,Josh Team,17 August 2024,"('N/A', 'N/A')"
Aruna Moral,1,16 August 2024,Ok,Josh Team,17 August 2024,"('N/A', 'N/A')"
ASHOKSINH VAGHELA,5,16 August 2024,Ashok sinh,Josh Team,16 August 2024,"('N/A', 'N/A')"
Avitkumar Yadav,2,16 August 2024,डीजे,Josh Team,16 August 2024,"('N/A', 'N/A')"
Kumari Anita,5,16 August 2024,Sahuan ji,Josh Team,16 August 2024,"('N/A', 'N/A')"
Vishuu,2,16 August 2024,NICE APP FOR VIDEO BUT SOME VIDEOS ARE MISSING FROM PROFILE PLEASE GIVE ATTENTION TO THEM,Josh Team,16 August 2024,1 person found this review helpful
Arivu azhagan,5,15 August 2024,I use and watch more and also share my happiness and sad .. I like and love more josh app.,Josh Team,16 August 2024,56 people found this review helpful
Mukesh Kumar (Guru gorakh nath darbar),5,15 August 2024,Very good app,Josh Team,15 August 2024,"('N/A', 'N/A')"
MANU KUMAR S,1,15 August 2024,Now its working very bd..ഇപ്പോൾ ഇതിന്റെ പ്രവർത്തനം വളരെ മോശം രീതിയിൽ...,Josh Team,15 August 2024,"('N/A', 'N/A')"
Sharik Ahmad,5,15 August 2024,Josh aap very beautiful,Josh Team,15 August 2024,"('N/A', 'N/A')"
RAKESH KUMAR,5,15 August 2024,gangwani,Josh Team,15 August 2024,"('N/A', 'N/A')"
Abdesh Kumar sharma,5,15 August 2024,Very nice,Josh Team,15 August 2024,"('N/A', 'N/A')"
Sachin Surve,4,14 August 2024,josh app improve my skills,Josh Team,15 August 2024,"('N/A', 'N/A')"
Mr /MNR,5,14 August 2024,na lanti disbeld ki chala usefull i love josh,Josh Team,15 August 2024,"('N/A', 'N/A')"
Satyaveer khatana,5,14 August 2024,Nice,Josh Team,15 August 2024,"('N/A', 'N/A')"
abid ali,5,14 August 2024,Best,Josh Team,15 August 2024,"('N/A', 'N/A')"
Geeta Pathak,5,14 August 2024,Good,Josh Team,15 August 2024,"('N/A', 'N/A')"
Sandy Tamu,5,14 August 2024,GoodApp,Josh Team,15 August 2024,"('N/A', 'N/A')"
Vilkis Zoya,5,14 August 2024,Itrestae app ❤️❤️❤️,Josh Team,14 August 2024,"('N/A', 'N/A')"
Jahid,5,14 August 2024,Nice,Josh Team,14 August 2024,"('N/A', 'N/A')"
Tanveer Sayyed,5,14 August 2024,Nice app,Josh Team,14 August 2024,"('N/A', 'N/A')"
Champalal Devara Jain,5,14 August 2024,Good,Josh Team,14 August 2024,"('N/A', 'N/A')"
Faizan Khan,3,14 August 2024,I like it ❤️,Josh Team,14 August 2024,"('N/A', 'N/A')"
Deepak singh,5,13 August 2024,Yas,Josh Team,14 August 2024,"('N/A', 'N/A')"
Rajendra Dwivedi,5,13 August 2024,Good,Josh Team,14 August 2024,"('N/A', 'N/A')"
MD AKASH,5,13 August 2024,Good,Josh Team,14 August 2024,"('N/A', 'N/A')"
Sahil Sahil,5,13 August 2024,🤩🤩🤩🤩🤩,Josh Team,14 August 2024,"('N/A', 'N/A')"
Sanjeev Jain,5,13 August 2024,Wow,Josh Team,14 August 2024,"('N/A', 'N/A')"
vijay kumar sharma,4,13 August 2024,ok,Josh Team,13 August 2024,"('N/A', 'N/A')"
mirza .72,5,13 August 2024,👍💖,Josh Team,13 August 2024,1 person found this review helpful
Kewal krishan,5,13 August 2024,very very nice app,Josh Team,13 August 2024,"('N/A', 'N/A')"
Careing ABHISHEK,5,13 August 2024,Nice,Josh Team,13 August 2024,"('N/A', 'N/A')"
Anand Shaw,5,13 August 2024,Kolkata. Sub,Josh Team,13 August 2024,"('N/A', 'N/A')"
Akshay Kumbhakar,5,12 August 2024,nice,Josh Team,13 August 2024,"('N/A', 'N/A')"
Surendra Kumar,5,12 August 2024,Nice,Josh Team,13 August 2024,"('N/A', 'N/A')"
Imran M,5,12 August 2024,Please download josh app very nice application,Josh Team,13 August 2024,"('N/A', 'N/A')"
Rock Boy,5,12 August 2024,Mast,Josh Team,12 August 2024,"('N/A', 'N/A')"
Vikram Chouhan,5,12 August 2024,Super,Josh Team,12 August 2024,"('N/A', 'N/A')"
Monu Kumar,5,12 August 2024,Sonu,Josh Team,12 August 2024,"('N/A', 'N/A')"
FAISAL KHURSHED,1,12 August 2024,This app is very bad,Josh Team,12 August 2024,"('N/A', 'N/A')"
Ravikant Chaudhari,5,12 August 2024,Good app,Josh Team,12 August 2024,"('N/A', 'N/A')"
santosh Sagar,5,12 August 2024,Super🥰❤️❤️🌹🌹🌹,Josh Team,12 August 2024,"('N/A', 'N/A')"
2712badboy Firdous,5,12 August 2024,Nice app,Josh Team,12 August 2024,"('N/A', 'N/A')"
Paramjeet Patel,4,12 August 2024,good,Josh Team,12 August 2024,"('N/A', 'N/A')"
Md imran Akram,5,12 August 2024,bahut achcha app hai,Josh Team,12 August 2024,"('N/A', 'N/A')"
Anil chandel Chandel,5,12 August 2024,Acha hai 😊,Josh Team,12 August 2024,"('N/A', 'N/A')"
Dhiraj Jaiswal,5,12 August 2024,Super,Josh Team,12 August 2024,"('N/A', 'N/A')"
Bikash Kumar,5,12 August 2024,Wow super,Josh Team,12 August 2024,"('N/A', 'N/A')"
VIKASH KUMAR SINGH,5,12 August 2024,This is avery nice,Josh Team,12 August 2024,"('N/A', 'N/A')"
Dipak Kumar,5,11 August 2024,Dipak kumar 🌹👍🌹💯🌹🌟🌹,Josh Team,12 August 2024,"('N/A', 'N/A')"
Abdul Kalam 786,5,11 August 2024,India🇮🇳 ka sab se best application for josh. But ab bahut problems ho rha hai josh app par copyright bahut deta hai videos ko jab ki yaha koi copyright nahi ana chahiye fir bhi bahut sari video ko ye copyright karde rahe hai bahut sari video ko jis ki ki ginti hi nahi hai ⭐⭐⭐⭐⭐⭐⭐⭐⭐⭐⭐⭐⭐,Josh Team,12 August 2024,"('N/A', 'N/A')"
Nanuram Menariya,5,11 August 2024,Urhnb Uhio,Josh Team,12 August 2024,"('N/A', 'N/A')"
Sujoy,3,11 August 2024,"App is Good. Nice Experience. But one Problem this app not safe for Below 18 Age Childrens because Josh Official Add ""Tango"" In there app and Tango is a adult App like in Tango Meny Prostitute Showing there Nude and Provide Paid based Service. And its not suitable for everyone. But otherwise UI is great.",Josh Team,12 August 2024,4 people found this review helpful
SP Vlog shorts,5,11 August 2024,"I like Josh super vedio and virul post help tag ,,👍👌",Josh Team,11 August 2024,"('N/A', 'N/A')"
Pandav Kumar,4,11 August 2024,Good,Josh Team,11 August 2024,"('N/A', 'N/A')"
Sumitkumar “Sumitkumar” Deva yadav,5,11 August 2024,Sumitkumar,Josh Team,11 August 2024,"('N/A', 'N/A')"
Sandeep Tiwari,5,11 August 2024,Good,Josh Team,11 August 2024,"('N/A', 'N/A')"
Yogesh Gogade,4,11 August 2024,Good,Josh Team,11 August 2024,"('N/A', 'N/A')"
"MOHIDUL, ISLAM",5,11 August 2024,Nice,Josh Team,11 August 2024,"('N/A', 'N/A')"
mk lyf,5,10 August 2024,Nicely optimized & user friendly,Josh Team,11 August 2024,"('N/A', 'N/A')"
Ram27 Anand83,4,10 August 2024,Over moderate videos comes. Dont showing allow all videos.🙏otherwise i gave u 5 ✨.,Josh Team,11 August 2024,43 people found this review helpful
Mahummad Naushad,5,10 August 2024,Good 👍,Josh Team,11 August 2024,"('N/A', 'N/A')"
Shivam Verma,5,10 August 2024,Nice,Josh Team,11 August 2024,"('N/A', 'N/A')"
Krushna Bagul,5,10 August 2024,Krishna 😍😍😍😍😎😎✌🏻✌🏻✌🏻😎😎😎😎😎😎😎🧡🧡🥰🥰🥰,Josh Team,11 August 2024,"('N/A', 'N/A')"
ASHISH YADAV,5,10 August 2024,Excellent performance of this & team Josh,Josh Team,11 August 2024,"('N/A', 'N/A')"
Amit Shukla,5,10 August 2024,Nice,Josh Team,10 August 2024,"('N/A', 'N/A')"
Raghavendra Satya,5,10 August 2024,"One Word, Just Awesome App ❤️😍",Josh Team,10 August 2024,"('N/A', 'N/A')"
Mohammad Rofee Rofee,5,10 August 2024,Nice app nice work super top views like etc etc,Josh Team,10 August 2024,14 people found this review helpful
Sahil Gangwani,4,9 August 2024,Super.,Josh Team,10 August 2024,"('N/A', 'N/A')"
Shreekant Servaia,5,9 August 2024,Good,Josh Team,10 August 2024,"('N/A', 'N/A')"
Baban Dange,3,9 August 2024,We can post anything of other channel,Josh Team,10 August 2024,"('N/A', 'N/A')"
Deepak Kumar,5,9 August 2024,Nice,Josh Team,10 August 2024,"('N/A', 'N/A')"
Kishansingh Rajpurohit,5,9 August 2024,Rate of this App ⭐⭐⭐⭐,Josh Team,10 August 2024,"('N/A', 'N/A')"
Sevak Ram,5,9 August 2024,Sevakji,Josh Team,10 August 2024,"('N/A', 'N/A')"
Muslim Alam,5,9 August 2024,OP,Josh Team,9 August 2024,"('N/A', 'N/A')"
Saiyada Zawed,2,9 August 2024,Beautiful,Josh Team,9 August 2024,"('N/A', 'N/A')"
Ramesh Suthar,1,9 August 2024,Ab mujhe josh app ki jarurat nahin bahut bahut dhanyavad 🙏,Josh Team,9 August 2024,"('N/A', 'N/A')"
RajendraPrasad N,4,9 August 2024,App,Josh Team,9 August 2024,"('N/A', 'N/A')"
Technical Imran,5,9 August 2024,Great 👍,Josh Team,9 August 2024,"('N/A', 'N/A')"
Inderjeet Dhaliwal,5,9 August 2024,🤟EASY TO USE N EXCELLENT EXPERIENCE ON STARTING🤟BEST OF LUCK JOSH TEAM🤟,Josh Team,9 August 2024,"('N/A', 'N/A')"
Nitesh Bhojaya,5,9 August 2024,Nice app,Josh Team,9 August 2024,"('N/A', 'N/A')"
Ayush Maurya,4,9 August 2024,Very nice 👍,Josh Team,9 August 2024,"('N/A', 'N/A')"
Dhanu Raj,5,8 August 2024,Dhanu Raj 👑,Josh Team,9 August 2024,"('N/A', 'N/A')"
Gagandeep Singh,2,8 August 2024,Not entertaining videos,Josh Team,9 August 2024,"('N/A', 'N/A')"
Jeevan Thakur,5,8 August 2024,Best app,Josh Team,9 August 2024,"('N/A', 'N/A')"
Abhinaya,4,8 August 2024,Hi comments,Josh Team,8 August 2024,"('N/A', 'N/A')"
Nagaraj Iatur,5,8 August 2024,Nice app,Josh Team,8 August 2024,"('N/A', 'N/A')"
Prakash kumar manat Ravi sss katara,5,8 August 2024,Supar 😍,Josh Team,8 August 2024,"('N/A', 'N/A')"
Masum Khan,4,8 August 2024,Very Good,Josh Team,8 August 2024,"('N/A', 'N/A')"
Allahrakhi Malek,1,8 August 2024,Josh Ratethisapp,Josh Team,8 August 2024,"('N/A', 'N/A')"
Avinash V,5,7 August 2024,Nice,Josh Team,8 August 2024,"('N/A', 'N/A')"
Oye ___anu___,5,7 August 2024,Ajay kumar,Josh Team,8 August 2024,"('N/A', 'N/A')"
Anil Kankal,5,7 August 2024,Very గుడ్,Josh Team,8 August 2024,"('N/A', 'N/A')"
DHARMENDRA DOGRA,5,7 August 2024,Good app,Josh Team,8 August 2024,"('N/A', 'N/A')"
Ramji patel,4,7 August 2024,Good,Josh Team,7 August 2024,"('N/A', 'N/A')"
Ansh King,1,7 August 2024,👿,Josh Team,7 August 2024,"('N/A', 'N/A')"
Anath Bandhu,5,7 August 2024,Good service,Josh Team,7 August 2024,"('N/A', 'N/A')"
Shaktimaan Yadav,5,7 August 2024,"Rakesh yadav 13,500",Josh Team,7 August 2024,"('N/A', 'N/A')"
Himanshu Kumar,5,6 August 2024,Very good,Josh Team,7 August 2024,"('N/A', 'N/A')"
Sworgam Sreeku,3,6 August 2024,Gift go,Josh Team,6 August 2024,"('N/A', 'N/A')"
Rishikesh Kumar,5,6 August 2024,Rishi Kumar 🎦🎦,Josh Team,6 August 2024,"('N/A', 'N/A')"
Aryan Raj,4,6 August 2024,Good,Josh Team,6 August 2024,"('N/A', 'N/A')"
Aruchamy Siva,5,6 August 2024,Vey nice,Josh Team,6 August 2024,"('N/A', 'N/A')"
technical Asrafali,5,6 August 2024,Nice,Josh Team,6 August 2024,"('N/A', 'N/A')"
Avanish Kumar,5,5 August 2024,Very well app,Josh Team,6 August 2024,"('N/A', 'N/A')"
Kashyap Raj,3,5 August 2024,Great,Josh Team,6 August 2024,"('N/A', 'N/A')"
Chandan,5,5 August 2024,YouTube chandan ktr video free,Josh Team,5 August 2024,"('N/A', 'N/A')"
Arul Stalin,5,5 August 2024,Good,Josh Team,5 August 2024,"('N/A', 'N/A')"
xhetry suraj,5,5 August 2024,Pahele Bahut Achcha Tha Lekin abhi Na Views Na Follow kuch bhi nhi Aata hai,Josh Team,5 August 2024,"('N/A', 'N/A')"
Rahul Yadav,5,5 August 2024,Nice 👍🏻👍🏻,Josh Team,5 August 2024,"('N/A', 'N/A')"
Gurmeet Singh,4,5 August 2024,"🙃🥳🙃😙😙😙😙😙😗😗ਦੱਦਮਦੱਦੱਲੱਦਦੱਦਮਦਲਦਦਮਲਲਦਮਦਮਦਦਦਦਦਮਦਦਦਮਦਦਮਦਦਲਝਦਜਦਲਦਦਦਦਟਦਦਦਦਮਦਦਦਦਦਦਜਜ,ਦਜਜਦਮਮਜ,ਜੀ,ਜਜਮਦਦਦਮਜਦਦਦਮਜਦਮਦਦਦਮਦਦਮਲਦਲਦਦਦਮਦਦਦੱਜਦਮਦਮਦਦਮਦਦਦਦਦਦਮਦਦਦਦਦਮਦੱਦਦਦਦਦਜਦਦਜਦਦਮਲਦਾਦਲਲਦ,ਦਲਲਦੲਦਦਦਦਿਮਿਦਦਦੱਦਦਸਦਦਦੱਦਦੱਦਦਦਮਦਦਦੱਟਮਦਦਦਮਦਦਮਲਦਦ",Josh Team,5 August 2024,"('N/A', 'N/A')"
Arun Roy,5,5 August 2024,Very good app,Josh Team,5 August 2024,"('N/A', 'N/A')"
AEW AND WWE VIDEO,4,5 August 2024,Nice app,Josh Team,5 August 2024,"('N/A', 'N/A')"
Binod kumarb binod,5,4 August 2024,Ajeet Yadav,Josh Team,5 August 2024,"('N/A', 'N/A')"
Sy SACHIN,5,4 August 2024,Satyam,Josh Team,5 August 2024,"('N/A', 'N/A')"
FULL MASTI,1,4 August 2024,Useless app don't install,Josh Team,5 August 2024,"('N/A', 'N/A')"
Immi Ob,5,4 August 2024,No words to describe just awesome app🤣🤣🤣,Josh Team,4 August 2024,1 person found this review helpful
Ratish Ratish,5,4 August 2024,Very good,Josh Team,4 August 2024,"('N/A', 'N/A')"
Satyam Bajpai,5,4 August 2024,Best App. Intrested....,Josh Team,4 August 2024,"('N/A', 'N/A')"
Mohd Akbar,5,4 August 2024,Ａｓｓａｌａｍｕ Ａｌａｉｋｕｍ 👳🏻‍♀️🥀🥰😎 * * * * * वेलकम टू मीय चैनल सब्सक्राइब युटुबूब पर फेसबुक पर पेज फोटो 🥀लाइक शेयर कमेंट कॉमेडी शायरी हिंदी शायरी हमें इच्छाएं को सब्सक्राइब करो जिसको साड़ीवीडियो देखनी है वह 🥰हमारे चैनल पर शायरी वीडियो देखें👳🏻‍♀️😎 ** * * * ********************************************* 😁😁😂😛 Ŵ㉫しඋ✿๓㉫ †✿ ๓ƴ උħAǸǸ㉫し 🥀＄uʙ＄උrÏʙ㉫ ƴ✿u†uʙ㉫r ƒAඋ㉫ʙ✿✿ĸŴ㉫😛しඋ✿๓㉫ †✿ ๓ƴ උħAǸǸ㉫し ＄uʙ＄උrÏʙ㉫ 😎✿u†uʙ㉫ p㉫r ƒAඋ㉫ʙ✿✿ĸ p㉫r pAＧ㉫ 😂✿しし✿Ŵ しÏǸ㉫ ＄ħAr㉫ උ✿๓๓㉫Ǹ† 👍 Abubakar choudhry 710 🥀🥰👳🏻‍♀️😂😁👳,Josh Team,4 August 2024,"('N/A', 'N/A')"
naseemakram akram,5,4 August 2024,Very nice App,Josh Team,4 August 2024,"('N/A', 'N/A')"
krishna sarkar,5,4 August 2024,Nice,Josh Team,4 August 2024,"('N/A', 'N/A')"
Ramesh Vasala,5,3 August 2024,Good app,Josh Team,4 August 2024,"('N/A', 'N/A')"
Tasama Shaikh,5,3 August 2024,7 seven star ⭐⭐⭐⭐⭐⭐⭐,Josh Team,4 August 2024,"('N/A', 'N/A')"
Shree K,5,3 August 2024,It's nice 👍🏻,Josh Team,4 August 2024,"('N/A', 'N/A')"
Amir Bavarsad,5,3 August 2024,عالی خیلی خوب بود,Josh Team,4 August 2024,"('N/A', 'N/A')"
Mohammad Ali,5,3 August 2024,Good app,Josh Team,4 August 2024,"('N/A', 'N/A')"
Ahad Khan,1,3 August 2024,Good,Josh Team,3 August 2024,"('N/A', 'N/A')"
Rahul Chavda,5,3 August 2024,5 yarsh bro,Josh Team,3 August 2024,"('N/A', 'N/A')"
HANSH BARDHAN,5,3 August 2024,Excellent 👌👍,Josh Team,3 August 2024,"('N/A', 'N/A')"
Mohammed Khan,4,3 August 2024,Kafi achha app hai acchi creator bahut hai,Josh Team,3 August 2024,"('N/A', 'N/A')"
Ahmad Siddiqui,2,3 August 2024,Wa AA we wa Aw AA so what,Josh Team,3 August 2024,"('N/A', 'N/A')"
Kanhaiya Kumar Singh,4,3 August 2024,Nice,Josh Team,3 August 2024,"('N/A', 'N/A')"
Md Afzal,4,3 August 2024,Very nice app but some time we see nudes reel and pictures this is not good,Josh Team,3 August 2024,32 people found this review helpful
Nandhakumar S,5,3 August 2024,Super da,Josh Team,3 August 2024,"('N/A', 'N/A')"
Jawahar lal Gupta,5,2 August 2024,Really josh hi josh,Josh Team,2 August 2024,"('N/A', 'N/A')"
Sulekha Mahato,5,2 August 2024,Amazing 😍😍,Josh Team,2 August 2024,"('N/A', 'N/A')"
Rehana,4,2 August 2024,बोहत अच्छा लगता हैं,Josh Team,2 August 2024,"('N/A', 'N/A')"
Arpit Yadav (Raju),5,2 August 2024,Super,Josh Team,2 August 2024,"('N/A', 'N/A')"
Rubel Hossain,5,1 August 2024,🥶🥶🥶,Josh Team,2 August 2024,"('N/A', 'N/A')"
Bk Singh,5,1 August 2024,Very lovely videos without adevertise many many thanks,Josh Team,2 August 2024,23 people found this review helpful
Shiv Kumar,5,1 August 2024,Nice,Josh Team,1 August 2024,"('N/A', 'N/A')"
Topon Das,5,1 August 2024,Op,Josh Team,1 August 2024,"('N/A', 'N/A')"
siddiq khan,1,1 August 2024,✨💖🥰,Josh Team,1 August 2024,"('N/A', 'N/A')"
Pandey Ji,1,1 August 2024,Please Josh Ko chhod kar tik tok banaaiye bhale Josh ko ban na Karen lekin tik tok Bana dijiye 😭😭😭🙏🙏,Josh Team,1 August 2024,"('N/A', 'N/A')"
Vipul Singh,4,1 August 2024,Nice app,Josh Team,1 August 2024,"('N/A', 'N/A')"
Anavii Anavii,5,31 July 2024,Super posts reals good app,Josh Team,1 August 2024,"('N/A', 'N/A')"
Sumita Santra,1,31 July 2024,Not good,Josh Team,1 August 2024,"('N/A', 'N/A')"
SK Nasiruddin,5,31 July 2024,Good post good vi,Josh Team,1 August 2024,"('N/A', 'N/A')"
Shivanna B,4,31 July 2024,Good experience,Josh Team,1 August 2024,"('N/A', 'N/A')"
jagadish patchigolla,5,31 July 2024,I like very much,Josh Team,1 August 2024,"('N/A', 'N/A')"
entertainment unlimited,5,31 July 2024,Very happy,Josh Team,1 August 2024,"('N/A', 'N/A')"
Sunil Kumar,5,31 July 2024,Nice 👍🙂,Josh Team,31 July 2024,"('N/A', 'N/A')"
Gourav kant,5,31 July 2024,Pooja,Josh Team,31 July 2024,"('N/A', 'N/A')"
Krupaal Satghar,1,31 July 2024,"Issue with moderated videos, if Josh has moderated any of my video, I should know the reason for the same. Or atleast let me see what video it is, so I can think of what could be the issue be. The app just blocks the video even for me, so I don't even understand what video is been moderated... The positioning of the text in the video is also a bit arrey. . 31st July24 Since there is no response to my mail, I think I should create some space in my mobile by deleting Josh ...",Josh Team,31 July 2024,91 people found this review helpful
Sharvan Sharma,1,31 July 2024,Bad,Josh Team,31 July 2024,"('N/A', 'N/A')"
Ajay Arora,5,31 July 2024,Very lovely App,Josh Team,31 July 2024,"('N/A', 'N/A')"
VIP RAJPAL MEENA,5,31 July 2024,buuy,Josh Team,31 July 2024,"('N/A', 'N/A')"
Anurag Bungla,5,30 July 2024,Nice app now 🙏🙏🙏🙏🙏in 🙏🙏🙏my life,Josh Team,31 July 2024,"('N/A', 'N/A')"
Abdur Rahman,5,30 July 2024,very nice apps,Josh Team,31 July 2024,"('N/A', 'N/A')"
BIBHUTI MAHALA,5,30 July 2024,Favorite Josh App,Josh Team,31 July 2024,"('N/A', 'N/A')"
Akbar Akbar,5,30 July 2024,Nice app 👍,Josh Team,30 July 2024,"('N/A', 'N/A')"
Ritesh Kumar,1,30 July 2024,Sujitkumar,Josh Team,30 July 2024,"('N/A', 'N/A')"
Arpita Ghosh,5,30 July 2024,Wonderful App,Josh Team,30 July 2024,"('N/A', 'N/A')"
Ranjit Prajapati,5,30 July 2024,Super,Josh Team,30 July 2024,"('N/A', 'N/A')"
Vishvajeet singh Solanki,5,30 July 2024,Beat,Josh Team,30 July 2024,"('N/A', 'N/A')"
Krishna Arts,5,29 July 2024,Super சூப்பரா இருக்கு,Josh Team,30 July 2024,"('N/A', 'N/A')"
Ramesh Bhansali,5,29 July 2024,👍👍👍👍👍,Josh Team,30 July 2024,"('N/A', 'N/A')"
Rakesh Kumar,5,29 July 2024,Good,Josh Team,30 July 2024,"('N/A', 'N/A')"
Munaf Limra,5,29 July 2024,Very good &best,Josh Team,30 July 2024,"('N/A', 'N/A')"
Riya Paswan,4,29 July 2024,Gti ut,Josh Team,30 July 2024,"('N/A', 'N/A')"
Ravi Jadhav,5,29 July 2024,Good app✅✅,Josh Team,30 July 2024,"('N/A', 'N/A')"
Yash Choudhary,5,29 July 2024,Very good app i'am so happy 🥳,Josh Team,29 July 2024,"('N/A', 'N/A')"
Vicky vicky,5,29 July 2024,L L Play Plp pm,Josh Team,29 July 2024,"('N/A', 'N/A')"
Savaliya Hiren,5,28 July 2024,This application is awesome,Josh Team,29 July 2024,"('N/A', 'N/A')"
gagan singh,5,28 July 2024,Gagansingh,Josh Team,29 July 2024,"('N/A', 'N/A')"
Sukhdev Sabharwal,5,28 July 2024,Jay hind ki Jay ambe gauri shankar,Josh Team,29 July 2024,"('N/A', 'N/A')"
Sk Noor,5,28 July 2024,Very good,Josh Team,29 July 2024,"('N/A', 'N/A')"
voyage esan,1,28 July 2024,Why only few videos are visible and most of them are not. Only black screen for most videos. Tried few reinstallation and updates. Nothing better. The old version was far better than the current ones. Uninstalling it.,Josh Team,28 July 2024,"1,343 people found this review helpful"
Dhiraj Kumar Dhiraj Kumar,5,28 July 2024,Dheeraj Kumar,Josh Team,28 July 2024,"('N/A', 'N/A')"
Vansh Patel,4,28 July 2024,Best app ever,Josh Team,28 July 2024,"('N/A', 'N/A')"
Ashok,5,28 July 2024,Nice 👌👌👏 super ⭐⭐⭐🌟⭐🌟🌟🌟🌟🌟🌟⭐🌟🌟🌟🌟🌟🌟⭐⭐⭐⭐⭐⭐⭐⭐⭐⭐👌👌👌👌👌,Josh Team,28 July 2024,"('N/A', 'N/A')"
Jogendra Choudhury,5,27 July 2024,Very good,Josh Team,28 July 2024,"('N/A', 'N/A')"
Jeho B,5,27 July 2024,Love u josh keep it up.,Josh Team,28 July 2024,"('N/A', 'N/A')"
Tamanna bi,5,27 July 2024,Nice 👍,Josh Team,27 July 2024,"('N/A', 'N/A')"
Ramesh Ramu,4,27 July 2024,Supar app,Josh Team,27 July 2024,"('N/A', 'N/A')"
Md Niyaz,5,27 July 2024,Md Danesh,Josh Team,27 July 2024,"('N/A', 'N/A')"
Simran Namdev,2,27 July 2024,Thik hai,Josh Team,27 July 2024,"('N/A', 'N/A')"
Thaneshwar kumar Kushwaha,4,27 July 2024,Best app,Josh Team,27 July 2024,"('N/A', 'N/A')"
MAWAI STAR CHANNEL (MAWAI STAR CHANNEL),4,27 July 2024,Good,Josh Team,27 July 2024,"('N/A', 'N/A')"
pargi rakeshbhai,1,26 July 2024,Rakesh Bhai Ratan bhai,Josh Team,26 July 2024,"('N/A', 'N/A')"
Salem khan,5,26 July 2024,Very good app,Josh Team,26 July 2024,"('N/A', 'N/A')"
Gaurav Kumar,4,26 July 2024,Good👍,Josh Team,26 July 2024,"('N/A', 'N/A')"
Status guru PK,5,26 July 2024,Nice app,Josh Team,26 July 2024,"('N/A', 'N/A')"
Bhumika Dave,5,25 July 2024,Good,Josh Team,26 July 2024,"('N/A', 'N/A')"
Vishal Singh,5,25 July 2024,Super 👌 👍 😍 🥰 😘,Josh Team,26 July 2024,"('N/A', 'N/A')"
Bhagyshree Patil,4,25 July 2024,Very nice,Josh Team,26 July 2024,"('N/A', 'N/A')"
Imran Khan Pipratal,5,25 July 2024,Allhamduilla 💕🥰💕🥰,Josh Team,26 July 2024,"('N/A', 'N/A')"
Saifbinsohail786 Chaush,5,25 July 2024,This is very nice app,Josh Team,25 July 2024,"('N/A', 'N/A')"
Saravanan Govindasamy,4,25 July 2024,Super,Josh Team,25 July 2024,"('N/A', 'N/A')"
Mass Tamilan,5,25 July 2024,It is very interesting real video,Josh Team,25 July 2024,"('N/A', 'N/A')"
Dharmendra Kumar,4,25 July 2024,Gk. Uh hi n 🥰. Iuinnkg h sw,Josh Team,25 July 2024,"('N/A', 'N/A')"
Mohd Anwar,5,25 July 2024,Good,Josh Team,25 July 2024,"('N/A', 'N/A')"
Sudha Devi,3,25 July 2024,HiààA,Josh Team,25 July 2024,"('N/A', 'N/A')"
Abdul Momen,4,25 July 2024,Good app user.,Josh Team,25 July 2024,"('N/A', 'N/A')"
Jitendra Shing,5,25 July 2024,बहुत बहुत अच्छा लगा है,Josh Team,25 July 2024,"('N/A', 'N/A')"
Shivam Gautam,5,24 July 2024,Social very good Unity beautiful f,Josh Team,25 July 2024,"('N/A', 'N/A')"
Rounak Singh Rajput,5,24 July 2024,Mast,Josh Team,25 July 2024,"('N/A', 'N/A')"
Sailaja Kolluri,3,24 July 2024,Good,Josh Team,24 July 2024,"('N/A', 'N/A')"
Patel Shilpa,4,24 July 2024,Good app,Josh Team,24 July 2024,"('N/A', 'N/A')"
Ajoy Mardi,4,24 July 2024,Op app,Josh Team,24 July 2024,"('N/A', 'N/A')"
Ankush Verma,4,23 July 2024,जैसा था अच्छा ही था जोश,Josh Team,23 July 2024,1 person found this review helpful
Madhu Here style,5,23 July 2024,🌟🌟,Josh Team,23 July 2024,1 person found this review helpful
Nasir Khan,1,23 July 2024,Amezing,Josh Team,23 July 2024,1 person found this review helpful
Bhojpuri Dhamal,5,23 July 2024,Cool,Josh Team,23 July 2024,1 person found this review helpful
Mangal Hembram,5,23 July 2024,Very nice app,Josh Team,23 July 2024,"('N/A', 'N/A')"
Shivatripathi tripathi,5,23 July 2024,Very good app for every one,Josh Team,23 July 2024,"('N/A', 'N/A')"
Hasam Khan,5,22 July 2024,Superb platform for new creators,Josh Team,23 July 2024,"('N/A', 'N/A')"
Rasika Kadam,3,22 July 2024,Hello I can't open with my josh id.. there is no option for login Id... Direct new account with mob no..fb Google...,Josh Team,23 July 2024,14 people found this review helpful
Kumar Ashok,5,22 July 2024,Exilent aap,Josh Team,23 July 2024,"('N/A', 'N/A')"
Ashoka dhami,5,22 July 2024,Good days,Josh Team,23 July 2024,"('N/A', 'N/A')"
Vinay Tiwari,5,22 July 2024,You are best application,Josh Team,22 July 2024,"('N/A', 'N/A')"
officials. naki,5,22 July 2024,Like and share,Josh Team,22 July 2024,"('N/A', 'N/A')"
955560 suraj,3,22 July 2024,Pupar,Josh Team,22 July 2024,"('N/A', 'N/A')"
Zoya Khan,5,22 July 2024,Good,Josh Team,22 July 2024,"('N/A', 'N/A')"
MDurairaj MDurairaj,5,22 July 2024,Super apps,Josh Team,22 July 2024,"('N/A', 'N/A')"
Rinku Singh,1,22 July 2024,Manmohan,Josh Team,22 July 2024,"('N/A', 'N/A')"
sathish Ramamurthy,5,21 July 2024,Good,Josh Team,22 July 2024,"('N/A', 'N/A')"
Vikki,5,21 July 2024,Vigesh kumar,Josh Team,22 July 2024,"('N/A', 'N/A')"
Prakash Dharmadhikari,4,21 July 2024,Nice,Josh Team,22 July 2024,"('N/A', 'N/A')"
Arijit Roy,3,21 July 2024,Good,Josh Team,21 July 2024,"('N/A', 'N/A')"
Sean Canry,5,21 July 2024,Marvelous,Josh Team,21 July 2024,"('N/A', 'N/A')"
Riya Kumar,5,21 July 2024,Download,Josh Team,21 July 2024,"('N/A', 'N/A')"
Gautam Bhai,5,21 July 2024,nice 👍👍👍👍,Josh Team,21 July 2024,"('N/A', 'N/A')"
Premchand Majhi,5,21 July 2024,Premchandmajhi,Josh Team,21 July 2024,"('N/A', 'N/A')"
Aamir Khan,1,20 July 2024,This app is very good,Josh Team,21 July 2024,"('N/A', 'N/A')"
Santosh Kumar,5,20 July 2024,Love 💞,Josh Team,21 July 2024,"('N/A', 'N/A')"
Ayan Md,5,20 July 2024,Getut,Josh Team,21 July 2024,"('N/A', 'N/A')"
Asha Chaudhry,5,20 July 2024,Nice and Good app. Great app it has every thing to make video and wow,Josh Team,21 July 2024,"('N/A', 'N/A')"
SHALU KASHYAP,5,20 July 2024,Nice app nd good for video creator,Josh Team,21 July 2024,"('N/A', 'N/A')"
Sridhar Kumar,5,20 July 2024,Gud app,Josh Team,21 July 2024,"('N/A', 'N/A')"
Imdad Ai,5,20 July 2024,Nice hoat josh app,Josh Team,21 July 2024,"('N/A', 'N/A')"
Sugan Sugan,5,20 July 2024,Badiyaa hai to salo,Josh Team,21 July 2024,"('N/A', 'N/A')"
nagaraju pedapati,5,20 July 2024,Very very Nice app,Josh Team,21 July 2024,"('N/A', 'N/A')"
Krishna Kumawat,5,20 July 2024,Excellent,Josh Team,21 July 2024,"('N/A', 'N/A')"
Chandra Sekhar,5,20 July 2024,Super,Josh Team,20 July 2024,"('N/A', 'N/A')"
ramcharan ran,5,20 July 2024,Nice,Josh Team,20 July 2024,"('N/A', 'N/A')"
MOHIT KUMAR,4,20 July 2024,Good social media app,Josh Team,20 July 2024,"('N/A', 'N/A')"
Nivetha Baskar,5,20 July 2024,Good,Josh Team,20 July 2024,"('N/A', 'N/A')"
Jakir Khan,5,20 July 2024,Good,Josh Team,20 July 2024,"('N/A', 'N/A')"
Traveling World India (Uma),5,20 July 2024,Just for fun nic,Josh Team,20 July 2024,"('N/A', 'N/A')"
Kanithi Jagadeesh,2,20 July 2024,Whact videos reputed,Josh Team,20 July 2024,"('N/A', 'N/A')"
Brijpal Singh,5,19 July 2024,Super,Josh Team,19 July 2024,"('N/A', 'N/A')"
Faizi Oberoi,5,19 July 2024,Excellent,Josh Team,19 July 2024,"('N/A', 'N/A')"
Maa tujhe Salam YouTube channel,4,19 July 2024,Osm,Josh Team,19 July 2024,"('N/A', 'N/A')"
rahul parmar,3,19 July 2024,Nice 💥,Josh Team,19 July 2024,"('N/A', 'N/A')"
KBS _100M,5,19 July 2024,All the best 👍 app Josh,Josh Team,19 July 2024,"('N/A', 'N/A')"
Shivmohan Dwivedi,5,19 July 2024,Very nice,Josh Team,19 July 2024,"('N/A', 'N/A')"
mohd sabbir,5,19 July 2024,Super,Josh Team,19 July 2024,"('N/A', 'N/A')"
Ayan Thakor,5,19 July 2024,That josh very nice app the Dawonlond aeny time solt very josh app 😘,Josh Team,19 July 2024,"('N/A', 'N/A')"
Maki Gouri,5,19 July 2024,Good,Josh Team,19 July 2024,"('N/A', 'N/A')"
Latha reddy Reddy,5,19 July 2024,Video aploding slowly,Josh Team,19 July 2024,"('N/A', 'N/A')"
Sk Noos,5,18 July 2024,Op,Josh Team,19 July 2024,"('N/A', 'N/A')"
Sheetal Navani,2,18 July 2024,Sir kitne dino se viewers aur followers nahi aa rahe hai like bhi bohot Kam aa rahe hai isliye ab bilkul reels bananeka Mann nahi karta please mere followers likes view badha dijiye pehle ki tarah...🙏,Josh Team,18 July 2024,"('N/A', 'N/A')"
sathish yovaan6875,5,18 July 2024,Awesome,Josh Team,18 July 2024,"('N/A', 'N/A')"
ABDULLA,4,18 July 2024,Good josh,Josh Team,18 July 2024,"('N/A', 'N/A')"
Md Faiyaz,5,18 July 2024,Bahut achcha haijosh aap,Josh Team,18 July 2024,"('N/A', 'N/A')"
Narayana Rao,5,18 July 2024,Good,Josh Team,18 July 2024,"('N/A', 'N/A')"
Niharika Yadav,4,17 July 2024,Better,Josh Team,18 July 2024,"('N/A', 'N/A')"
Anil chavan,5,17 July 2024,I'm so like you,Josh Team,18 July 2024,"('N/A', 'N/A')"
iyyappan iyyappan,4,17 July 2024,it's time passing app,Josh Team,18 July 2024,"('N/A', 'N/A')"
Mantu Rishiidev,4,17 July 2024,Cc .,Josh Team,17 July 2024,"('N/A', 'N/A')"
Ameer Batcha,5,17 July 2024,Super,Josh Team,17 July 2024,"('N/A', 'N/A')"
Chris Perelo,3,17 July 2024,My video gets moderated always if this is the case no one will use this app This is the second time this is happening Wanted to use the app but app never allow to use This is very bad,Josh Team,17 July 2024,129 people found this review helpful
mahesh kumar,4,17 July 2024,Good,Josh Team,17 July 2024,"('N/A', 'N/A')"
Kundan Kumar,5,17 July 2024,Josh app useful hai,Josh Team,17 July 2024,"('N/A', 'N/A')"
Manish Gaikwad,5,17 July 2024,Awesome,Josh Team,17 July 2024,"('N/A', 'N/A')"
Jaybharat Kumar,4,17 July 2024,Views not support,Josh Team,17 July 2024,"('N/A', 'N/A')"
Sujeet Ram,5,17 July 2024,Good video👌 and great josh app Plls☝🤝 installed open and registration and watch .the video 📹😃😃😃😃😃😃😘😘😘😘😇😇😇😇😉😎😎❤❤❤❤❤❤💯💯💯💯👌👌👌👌👌,Josh Team,17 July 2024,"('N/A', 'N/A')"
SUNIL BALA,1,17 July 2024,4K Video Update Please,Josh Team,17 July 2024,"('N/A', 'N/A')"
Pentapati Parvathi,5,17 July 2024,Super,Josh Team,17 July 2024,"('N/A', 'N/A')"
Anil Budhiraja,2,17 July 2024,1z s.w .,Josh Team,17 July 2024,"('N/A', 'N/A')"
Kalpesh Makwana,1,17 July 2024,Nice app,Josh Team,17 July 2024,"('N/A', 'N/A')"
aakash,5,16 July 2024,Best experience I've ever had but I need support from team Josh,Josh Team,17 July 2024,7 people found this review helpful
Karan 1212,5,16 July 2024,Plz old tic toc,Josh Team,16 July 2024,"('N/A', 'N/A')"
srishti surya,5,16 July 2024,Bahut hi achhi app hai video creator ke liye 💯,Josh Team,16 July 2024,"('N/A', 'N/A')"
Raja ji Rahul,5,16 July 2024,Good,Josh Team,16 July 2024,"('N/A', 'N/A')"
Sebu Alam,5,16 July 2024,Better apps,Josh Team,16 July 2024,"('N/A', 'N/A')"
Vishal Rao,5,16 July 2024,🥰🥰🥰😍😍❤‍🔥❤‍🔥 super app,Josh Team,16 July 2024,"('N/A', 'N/A')"
Ayushi Kapasiya,5,16 July 2024,Good,Josh Team,16 July 2024,"('N/A', 'N/A')"
Mr ishwar,5,15 July 2024,Good 👍,Josh Team,16 July 2024,"('N/A', 'N/A')"
JYOTINDRA BHAYA,5,15 July 2024,👍👌,Josh Team,16 July 2024,"('N/A', 'N/A')"
HARSHA VARDHAN,1,15 July 2024,It's taking too much time to upload a video and my creation videos also getting moderated.,Josh Team,16 July 2024,208 people found this review helpful
Aradhna Singh,5,15 July 2024,Super,Josh Team,16 July 2024,"('N/A', 'N/A')"
Vikash Kumar,5,15 July 2024,Hi Vikash,Josh Team,16 July 2024,"('N/A', 'N/A')"
Ritesh Kanojiya,5,15 July 2024,Very nice 👍,Josh Team,15 July 2024,"('N/A', 'N/A')"
Sonu Kumar,5,15 July 2024,Nice aap,Josh Team,15 July 2024,"('N/A', 'N/A')"
Avinash Barnwal,5,15 July 2024,Superb very nice 👍,Josh Team,15 July 2024,"('N/A', 'N/A')"
Vinayak 02 GANESH,5,15 July 2024,Good forward 👌👌👌👌👌❤️nice application good good werry good ❤️❤️❤️❤️❤️❤️❤️❤️❤️❤️❤️❤️❤️❤️❤️❤️❤️❤️🌹🌹🌹🌹🙏🙏🌹🌹🌹🌹🌹🌹🌹🌹🌹🙏🙏🙏🌹🌹🌹🌹🌹🌹🌹🙏🌹🌹🌹,Josh Team,15 July 2024,"('N/A', 'N/A')"
Prashant Tomar,1,15 July 2024,It's very bad app,Josh Team,15 July 2024,"('N/A', 'N/A')"
dorababu Arjun,5,14 July 2024,Nice 👍,Josh Team,15 July 2024,"('N/A', 'N/A')"
Nitin andhale,5,14 July 2024,Nice,Josh Team,15 July 2024,"('N/A', 'N/A')"
Pradeep. D,1,14 July 2024,PradeepD,Josh Team,15 July 2024,"('N/A', 'N/A')"
Aasif Alam,5,14 July 2024,Okay guys,Josh Team,15 July 2024,"('N/A', 'N/A')"
Sahar Mazumder,5,14 July 2024,Good,Josh Team,15 July 2024,"('N/A', 'N/A')"
A Google user,5,14 July 2024,It is great,Josh Team,15 July 2024,"('N/A', 'N/A')"
SARUKH KHAN,5,14 July 2024,Wow,Josh Team,15 July 2024,"('N/A', 'N/A')"
Nancy Rawat,2,14 July 2024,Josh delete my whole videos delete kar de raha hai please meri Shari video mujhe wapas chahiye bahut mushkil se sab edit kar ke video banai thi yaar,Josh Team,15 July 2024,"('N/A', 'N/A')"
Geeta Verma,4,14 July 2024,best,Josh Team,15 July 2024,"('N/A', 'N/A')"
Devanran Kumar,5,14 July 2024,Devanran kumar raj,Josh Team,15 July 2024,"('N/A', 'N/A')"
Naveen Kumar,5,14 July 2024,Is there an update like YouTube??,Josh Team,15 July 2024,"('N/A', 'N/A')"
Sakshi Singh,5,14 July 2024,Excellent,Josh Team,14 July 2024,"('N/A', 'N/A')"
Sobat Singh,5,14 July 2024,Good application,Josh Team,14 July 2024,"('N/A', 'N/A')"
Kuchana Ramu,5,14 July 2024,Nice App,Josh Team,14 July 2024,"('N/A', 'N/A')"
laiq khan,5,14 July 2024,No third party share privacy,Josh Team,14 July 2024,"('N/A', 'N/A')"
Sumit Rajput,5,14 July 2024,Bahut badhiya app hai Josh,Josh Team,14 July 2024,"('N/A', 'N/A')"
Arul A,5,14 July 2024,Very good,Josh Team,14 July 2024,"('N/A', 'N/A')"
j j j,5,14 July 2024,Hi thanks Josh 🙌✌️👏👌👍,Josh Team,14 July 2024,"('N/A', 'N/A')"
Debaprasad Mondal,5,14 July 2024,Super,Josh Team,14 July 2024,"('N/A', 'N/A')"
johnlin moses,5,14 July 2024,Excellent app,Josh Team,14 July 2024,"('N/A', 'N/A')"
Bablu Ji,5,13 July 2024,Bablu yadav,Josh Team,14 July 2024,"('N/A', 'N/A')"
Bhanu pratap Singh,5,13 July 2024,Good platform,Josh Team,14 July 2024,"('N/A', 'N/A')"
Kng Rajesh,5,13 July 2024,Excellent,Josh Team,13 July 2024,"('N/A', 'N/A')"
Sanjeev Pandey,5,13 July 2024,Best app,Josh Team,13 July 2024,"('N/A', 'N/A')"
MOHD AZHAR,5,13 July 2024,Nice,Josh Team,13 July 2024,"('N/A', 'N/A')"
Md. Jubed,5,13 July 2024,Very good application. Very nice to use.,Josh Team,13 July 2024,95 people found this review helpful
Raj Goswami,5,13 July 2024,Nice App,Josh Team,13 July 2024,"('N/A', 'N/A')"
लकि सेट,1,13 July 2024,Nice,Josh Team,13 July 2024,"('N/A', 'N/A')"
Mdshahid md,5,13 July 2024,Good 👍,Josh Team,13 July 2024,"('N/A', 'N/A')"
Yash shatalawar,5,13 July 2024,Good 👍,Josh Team,13 July 2024,"('N/A', 'N/A')"
SUBHASH DEVIKAR,4,12 July 2024,Trying as experience,Josh Team,13 July 2024,"('N/A', 'N/A')"
Tirth Dabhi,5,12 July 2024,Good,Josh Team,13 July 2024,"('N/A', 'N/A')"
marimuthu sundarapandiyam,5,12 July 2024,Super!video and audio quality,Josh Team,13 July 2024,4 people found this review helpful
Ad Thakur,5,12 July 2024,Can you reply me with Jai Jai Shri Ram ❤️‍🔥,Josh Team,12 July 2024,"('N/A', 'N/A')"
FASIAL FASIAL,5,12 July 2024,good,Josh Team,12 July 2024,"('N/A', 'N/A')"
A Google user,5,12 July 2024,My Best App,Josh Team,12 July 2024,"('N/A', 'N/A')"
Banti Rajput,5,12 July 2024,Good 😊,Josh Team,12 July 2024,"('N/A', 'N/A')"
Chaaras ravisha,5,12 July 2024,🤍🤍,Josh Team,12 July 2024,"('N/A', 'N/A')"
Haji Mujawar,5,12 July 2024,Hajimujawar,Josh Team,12 July 2024,"('N/A', 'N/A')"
Shivam Kumar sudarshan,5,12 July 2024,Perfect app,Josh Team,12 July 2024,"('N/A', 'N/A')"
Santosh Kumar,4,11 July 2024,Super aap,Josh Team,12 July 2024,"('N/A', 'N/A')"
Ankit Jha,5,11 July 2024,Very nice app,Josh Team,12 July 2024,"('N/A', 'N/A')"
Jyoti Malik,2,11 July 2024,Rtucg,Josh Team,12 July 2024,"('N/A', 'N/A')"
DILSHAD SHAIKH,5,11 July 2024,BAD👎 NOT PRBLM SOLVE,Josh Team,11 July 2024,"('N/A', 'N/A')"
Kallu Kumasagi,5,11 July 2024,Benki app,Josh Team,11 July 2024,"('N/A', 'N/A')"
amit rathor,3,11 July 2024,पैसे तो नही आयेगे मस्ती के लिए अच्छा है ये ऐप,Josh Team,11 July 2024,"('N/A', 'N/A')"
Neha Verma,3,11 July 2024,Ads bhut ati h baki achi h,Josh Team,11 July 2024,"('N/A', 'N/A')"
Rabi Dhara,5,11 July 2024,Super,Josh Team,11 July 2024,"('N/A', 'N/A')"
Anas Fans,5,11 July 2024,Awesome 🔥,Josh Team,11 July 2024,"('N/A', 'N/A')"
S M STUDIO,5,10 July 2024,Top,Josh Team,11 July 2024,"('N/A', 'N/A')"
Tarun Metaliya,5,10 July 2024,"Good 👍 customer service support, I am receiving my small payment 😊🙏",Josh Team,11 July 2024,"('N/A', 'N/A')"
subhash kumar,5,10 July 2024,Very good platform for earning without some special video moment..,Josh Team,11 July 2024,36 people found this review helpful
Sachi Sachi,5,10 July 2024,Super,Josh Team,11 July 2024,"('N/A', 'N/A')"
ramdas Gatikapode,5,10 July 2024,", Ok",Josh Team,10 July 2024,"('N/A', 'N/A')"
Kamal Kumar,5,10 July 2024,Not sure,Josh Team,10 July 2024,"('N/A', 'N/A')"
Anil Singh,4,10 July 2024,🥳,Josh Team,10 July 2024,"('N/A', 'N/A')"
RAGHUNATH ISHWAR,5,10 July 2024,¢LA$$yY,Josh Team,10 July 2024,"('N/A', 'N/A')"
riyaz nisha,5,10 July 2024,Super,Josh Team,10 July 2024,"('N/A', 'N/A')"
Sagar Sagar,5,10 July 2024,op aap,Josh Team,10 July 2024,"('N/A', 'N/A')"
Jagsir Singh,5,9 July 2024,Nice,Josh Team,10 July 2024,"('N/A', 'N/A')"
Shanawaz Anware,5,9 July 2024,Super ⭐⭐⭐⭐⭐,Josh Team,10 July 2024,"('N/A', 'N/A')"
Sherrylle Abawa,5,9 July 2024,It usually great application,Josh Team,9 July 2024,"('N/A', 'N/A')"
Jai Ganesh,5,9 July 2024,we does not missed a tiktok now here it is as a Josh now cheers guys 🌷🌹🌸🌼🌻❤👍👌👏,Josh Team,9 July 2024,"('N/A', 'N/A')"
podala chiranjeevi,5,9 July 2024,Good,Josh Team,9 July 2024,"('N/A', 'N/A')"
Sakib,5,9 July 2024,Nice 👍,Josh Team,9 July 2024,"('N/A', 'N/A')"
Asad Ali,5,8 July 2024,Better than perfect,Josh Team,9 July 2024,"('N/A', 'N/A')"
Mohd Aashkar,5,8 July 2024,Best app,Josh Team,9 July 2024,"('N/A', 'N/A')"
Raghav Kaushal,5,8 July 2024,Awesome👍,Josh Team,9 July 2024,"('N/A', 'N/A')"
AAP CKR,5,8 July 2024,Good,Josh Team,9 July 2024,"('N/A', 'N/A')"
Maya Nadioo,5,8 July 2024,Exceptional experience,Josh Team,9 July 2024,"('N/A', 'N/A')"
Hardevbhai Bhura Bhai,2,8 July 2024,રદ કરોજરદ કરો એડમીન નથી કે,Josh Team,9 July 2024,"('N/A', 'N/A')"
One Hair,5,8 July 2024,YouTube Channel Name ~ @kakaanmol,Josh Team,9 July 2024,"('N/A', 'N/A')"
Pavan santhosh Adabala,5,8 July 2024,Good helpful,Josh Team,9 July 2024,"('N/A', 'N/A')"
preeti kukreti7,5,8 July 2024,My favorite,Josh Team,8 July 2024,"('N/A', 'N/A')"
Palash Chatterjee,5,8 July 2024,Ok,Josh Team,8 July 2024,"('N/A', 'N/A')"
Tony C Gowda,4,8 July 2024,This app is very impressive it will work as multiple role 1. This app will give us entertainment 2. We can get good friends and money also,Josh Team,8 July 2024,58 people found this review helpful
Pardhum Das,5,8 July 2024,Nice AAP,Josh Team,8 July 2024,"('N/A', 'N/A')"
VIVEK RAWAT GAMING (RAWAT),5,8 July 2024,Nice but my view is slow growth 📈,Josh Team,8 July 2024,"('N/A', 'N/A')"
Mr_Samee_yaar,1,8 July 2024,"Josh team main would like to say something to you, I have been troubled for many days that Josh account login is not there, there is a symbol which keeps on loading and no further process is visible, it appears immediately. ￼",Josh Team,8 July 2024,137 people found this review helpful
Ramu Bondava,1,7 July 2024,Nice,Josh Team,7 July 2024,"('N/A', 'N/A')"
harpal gurjar,5,7 July 2024,Nice work,Josh Team,7 July 2024,"('N/A', 'N/A')"
Eswaran Eswaran,5,7 July 2024,Good,Josh Team,7 July 2024,"('N/A', 'N/A')"
Bharat Malviya,5,6 July 2024,Nice aap in public uses,Josh Team,7 July 2024,"('N/A', 'N/A')"
Cyrus Irani,5,6 July 2024,its better now sure make it interesting with girls tik toks n husband wife knoke-jhoke. thnku 🙏🙏🙏👍👍👍,Josh Team,7 July 2024,129 people found this review helpful
jafar ansari,5,6 July 2024,Nice social media,Josh Team,7 July 2024,"('N/A', 'N/A')"
Manoj Paikray,4,6 July 2024,Good,Josh Team,7 July 2024,"('N/A', 'N/A')"
TIGER ZONE,5,6 July 2024,Nice app.,Josh Team,7 July 2024,"('N/A', 'N/A')"
Surja patel,5,6 July 2024,This is a very great app,Josh Team,6 July 2024,"('N/A', 'N/A')"
Neeraj Kumar,5,6 July 2024,This platform very helpfull and very enjoyement i use this app,Josh Team,6 July 2024,3 people found this review helpful
Amit Kumar,5,6 July 2024,Good 👍,Josh Team,6 July 2024,"('N/A', 'N/A')"
Kiran Thakor,5,6 July 2024,Very good app enjoy the app,Josh Team,6 July 2024,"('N/A', 'N/A')"
Degt Dyur,5,6 July 2024,Bast app,Josh Team,6 July 2024,"('N/A', 'N/A')"
Kanhaiya Singh,5,5 July 2024,❤️😎😇😊🥰,Josh Team,6 July 2024,"('N/A', 'N/A')"
Shyam Krishna,1,5 July 2024,Waste just installed and recorded a video.. Cant upload beyond 20 seconds.. My time wasted.. And crop portion has audio sync issue,Josh Team,6 July 2024,2 people found this review helpful
Kamal Choudhary,1,5 July 2024,Creator pro not active,Josh Team,6 July 2024,"('N/A', 'N/A')"
pravin kambale,5,5 July 2024,Easy and good to skip,Josh Team,6 July 2024,2 people found this review helpful
Hetal Vachhani,5,5 July 2024,Best app,Josh Team,6 July 2024,"('N/A', 'N/A')"
Sajen Seikh,5,5 July 2024,Wooooow🥰😘😘,Josh Team,5 July 2024,"('N/A', 'N/A')"
Minakshi Jaiswal,5,5 July 2024,Hii josh I am minakshi jaiswal,Josh Team,5 July 2024,"('N/A', 'N/A')"
Veena H,4,5 July 2024,It's too good,Josh Team,5 July 2024,"('N/A', 'N/A')"
Krishan Kumar,5,5 July 2024,Very nice this aap,Josh Team,5 July 2024,"('N/A', 'N/A')"
purushottam meena,5,5 July 2024,Nice app nice 🙂🙂🙂🙂🙂🙂🙂🙂,Josh Team,5 July 2024,"('N/A', 'N/A')"
Riya Kitty,5,5 July 2024,Bsun Hii,Josh Team,5 July 2024,"('N/A', 'N/A')"
Abdula Ansari,5,4 July 2024,nice👍,Josh Team,5 July 2024,"('N/A', 'N/A')"
Funky boy Boy,5,4 July 2024,Like,Josh Team,5 July 2024,"('N/A', 'N/A')"
Tejas Kharde,5,4 July 2024,Best app 🫶❤️,Josh Team,5 July 2024,"('N/A', 'N/A')"
Ckm ck,5,4 July 2024,Best time relax long time very good,Josh Team,4 July 2024,"('N/A', 'N/A')"
Ameer Basha,5,4 July 2024,Excellent,Josh Team,4 July 2024,"('N/A', 'N/A')"
Rahul Rai,5,4 July 2024,No diamond,Josh Team,4 July 2024,"('N/A', 'N/A')"
Krishna Roy,5,4 July 2024,Very good,Josh Team,4 July 2024,"('N/A', 'N/A')"
Mansuri Karishma,5,4 July 2024,Very very good 👍👍,Josh Team,4 July 2024,"('N/A', 'N/A')"
Chirravuriparabrahmam Murali,4,4 July 2024,Good,Josh Team,4 July 2024,"('N/A', 'N/A')"
lavi singh,5,4 July 2024,Good,Josh Team,4 July 2024,"('N/A', 'N/A')"
Moiz Ansari,4,4 July 2024,Monu gupta,Josh Team,4 July 2024,"('N/A', 'N/A')"
bhandari ravi027,5,4 July 2024,Super app very nice good platform lot of people therefore talent Josh helping thank you very much,Josh Team,4 July 2024,629 people found this review helpful
Jai Sree,5,4 July 2024,Nice,Josh Team,4 July 2024,"('N/A', 'N/A')"
Shah Sikandar,5,4 July 2024,Op,Josh Team,4 July 2024,"('N/A', 'N/A')"
Azeem khan,2,4 July 2024,Creative app,Josh Team,4 July 2024,"('N/A', 'N/A')"
priyansh patel,5,3 July 2024,Good,Josh Team,4 July 2024,"('N/A', 'N/A')"
Rakshita Nagdeve,5,3 July 2024,very nice app👌🏻👌🏻👌🏻👌🏻👌🏻,Josh Team,4 July 2024,"('N/A', 'N/A')"
Chanu Valmiki,5,3 July 2024,Good,Josh Team,4 July 2024,"('N/A', 'N/A')"
om prakash yadav aditya yadav,5,3 July 2024,Nice app,Josh Team,4 July 2024,"('N/A', 'N/A')"
Maheshbhai Talpada,5,3 July 2024,Nice app yaar,Josh Team,4 July 2024,"('N/A', 'N/A')"
Brijesh yadav yadav,5,3 July 2024,brijeshyadav,Josh Team,4 July 2024,"('N/A', 'N/A')"
Bhanu Vishwakarma,5,3 July 2024,Best,Josh Team,4 July 2024,"('N/A', 'N/A')"
Ashish Chawariya,5,3 July 2024,Nice app,Josh Team,3 July 2024,"('N/A', 'N/A')"
Gitu Badoni,5,3 July 2024,Nice,Josh Team,3 July 2024,"('N/A', 'N/A')"
Umakant Dapkar,5,3 July 2024,🫶♥️,Josh Team,3 July 2024,"('N/A', 'N/A')"
Kundan Kumar,5,3 July 2024,So cute 🥰🥰,Josh Team,3 July 2024,"('N/A', 'N/A')"
fwhjk Dhrj,5,3 July 2024,Sk noor,Josh Team,3 July 2024,"('N/A', 'N/A')"
Hanzla Gd,5,2 July 2024,Owsam,Josh Team,3 July 2024,"('N/A', 'N/A')"
Divya shahi,5,2 July 2024,Nice,Josh Team,3 July 2024,"('N/A', 'N/A')"
Vijay,4,2 July 2024,Good apps,Josh Team,3 July 2024,"('N/A', 'N/A')"
Durganand thakur (AVD Durga cute),5,2 July 2024,nice,Josh Team,2 July 2024,"('N/A', 'N/A')"
Nilu,5,2 July 2024,THIS App Is So Much Good.,Josh Team,2 July 2024,"('N/A', 'N/A')"
rakmotali,5,2 July 2024,Done,Josh Team,2 July 2024,"('N/A', 'N/A')"
Naresh Dewasi,5,1 July 2024,Super is,Josh Team,2 July 2024,"('N/A', 'N/A')"
N.S.Mastufa Kamal Sarkar,5,1 July 2024,Super app,Josh Team,2 July 2024,"('N/A', 'N/A')"
S. K. Sahani,5,1 July 2024,Very useful app,Josh Team,2 July 2024,"('N/A', 'N/A')"
Madhu Sharma,5,1 July 2024,Amezing views I got,Josh Team,2 July 2024,"('N/A', 'N/A')"
mayuri777 chauhan,5,1 July 2024,"🙂 Very Nice, excellent",Josh Team,1 July 2024,"('N/A', 'N/A')"
Beauty Das,5,1 July 2024,My josh very very nice and I'm intereste for ever and ever 💝💝 my hard,Josh Team,1 July 2024,"('N/A', 'N/A')"
Yusuf Khan,3,1 July 2024,Tr ki wr@,Josh Team,1 July 2024,"('N/A', 'N/A')"
Anushka Sharma,5,1 July 2024,Nice josh aap,Josh Team,1 July 2024,"('N/A', 'N/A')"
Rohit Yadav,5,1 July 2024,Nice,Josh Team,1 July 2024,"('N/A', 'N/A')"
Hamza Malik,5,1 July 2024,HAMZAMAlik,Josh Team,1 July 2024,"('N/A', 'N/A')"
Pintu kumar Kumar,1,1 July 2024,Ghatiya bakwas ekdam ghatiya chi🤧👎👎👎😨,Josh Team,1 July 2024,"('N/A', 'N/A')"
Muskan Muskan,4,1 July 2024,It's nice,Josh Team,1 July 2024,"('N/A', 'N/A')"
Rakesh Sri vastav,5,1 July 2024,Good,Josh Team,2 July 2024,"('N/A', 'N/A')"
Sunita Patel,5,1 July 2024,This is very good app me post video to go trending thanks,Josh Team,1 July 2024,"('N/A', 'N/A')"
Soni Kumari,2,30 June 2024,Good,Josh Team,1 July 2024,"('N/A', 'N/A')"
Sonia Vinod kumar,4,30 June 2024,NYC app,Josh Team,1 July 2024,"('N/A', 'N/A')"
Bhure Kumar,5,30 June 2024,KULDEEP,Josh Team,1 July 2024,"('N/A', 'N/A')"
Vikramsingh Thakur,5,30 June 2024,Very good good,Josh Team,2 July 2024,"('N/A', 'N/A')"
Aafrinhusain Aafrinhusain,5,30 June 2024,Ashad,Josh Team,1 July 2024,"('N/A', 'N/A')"
The Fun Panti,5,30 June 2024,Today millions of people know me because of the josh thank you so much dear Josh team 🙏🏻🙏🏻🙏🏻🙏🏻🙏🏻🙏🏻,Josh Team,1 July 2024,"('N/A', 'N/A')"
Hamida Khatun,5,30 June 2024,Delet,Josh Team,1 July 2024,"('N/A', 'N/A')"
Nitin Kumar,5,30 June 2024,Best aap,Josh Team,1 July 2024,"('N/A', 'N/A')"
monark bhdiyadra,2,30 June 2024,👍,Josh Team,30 June 2024,"('N/A', 'N/A')"
Bewra No1,5,30 June 2024,Great application 👍👍👍👍,Josh Team,30 June 2024,"('N/A', 'N/A')"
Ashish Mathew,5,30 June 2024,Good,Josh Team,30 June 2024,"('N/A', 'N/A')"
Balwan singh,5,30 June 2024,Very good platform 👍,Josh Team,30 June 2024,"('N/A', 'N/A')"
Official Tarun,5,30 June 2024,Plz Help me,Josh Team,30 June 2024,"('N/A', 'N/A')"
Ansari,5,30 June 2024,Best app,Josh Team,30 June 2024,"('N/A', 'N/A')"
Samiulla Khan Samiulla,5,30 June 2024,It enjoy monument able .Josh. . In every one . Kalaker life. ....that is called organial KALAKAR. Showing life JOSH..i love it.,Josh Team,30 June 2024,"('N/A', 'N/A')"
Akash Kumar,4,30 June 2024,Very good application,Josh Team,30 June 2024,"('N/A', 'N/A')"
Rahman Khan786,5,30 June 2024,Love it,Josh Team,30 June 2024,"('N/A', 'N/A')"
Anita Devi,5,30 June 2024,लाइव चालू,Josh Team,30 June 2024,"('N/A', 'N/A')"
Nandu Singh,5,30 June 2024,Good,Josh Team,30 June 2024,"('N/A', 'N/A')"
Munmi Munmi,1,30 June 2024,🤢🤢🤢🤢🤢😂,Josh Team,30 June 2024,"('N/A', 'N/A')"
Abhishek Kumar Mukhiya,5,29 June 2024,Super,Josh Team,30 June 2024,"('N/A', 'N/A')"
Padmapvgd PadduPvg,5,29 June 2024,I love Josh,Josh Team,30 June 2024,"('N/A', 'N/A')"
Dwarika kasaudhan,5,29 June 2024,Wow,Josh Team,30 June 2024,"('N/A', 'N/A')"
Guddu Yadav,5,29 June 2024,"गुड्डू, कुमार यादव बना गाया g",Josh Team,30 June 2024,"('N/A', 'N/A')"
Vishesh Batham,5,29 June 2024,I am full enjoy this app,Josh Team,30 June 2024,"('N/A', 'N/A')"
Gautam Kumar,3,29 June 2024,⁰999 ₩,Josh Team,30 June 2024,"('N/A', 'N/A')"
Ajju Bhai,5,29 June 2024,Josh his the great,Josh Team,30 June 2024,"('N/A', 'N/A')"
Paramjit Kaur,5,29 June 2024,Best app,Josh Team,29 June 2024,"('N/A', 'N/A')"
Md Tahir Ghosi,4,29 June 2024,Knninsu,Josh Team,29 June 2024,"('N/A', 'N/A')"
Aasif Khan,5,29 June 2024,Video video share like comment follow Asif Khan 👍,Josh Team,29 June 2024,"('N/A', 'N/A')"
Dhairya Chauhan,1,29 June 2024,Ghatiya app,Josh Team,29 June 2024,"('N/A', 'N/A')"
Anuj Singh,5,29 June 2024,Nice app,Josh Team,29 June 2024,"('N/A', 'N/A')"
Vicky Kd,4,29 June 2024,Nice app,Josh Team,29 June 2024,"('N/A', 'N/A')"
T Sudhakaran Nair,4,29 June 2024,Very interesting,Josh Team,29 June 2024,"('N/A', 'N/A')"
Rithik K,5,28 June 2024,Thala rithik,Josh Team,29 June 2024,"('N/A', 'N/A')"
Kare Priyanka,1,28 June 2024,"There is no multiple languages videos of telugu, English trending videos and all develop it more",Josh Team,29 June 2024,25 people found this review helpful
Ashish Verma,5,28 June 2024,Awesome app,Josh Team,29 June 2024,"('N/A', 'N/A')"
santosh kumar,5,28 June 2024,Nice,Josh Team,29 June 2024,"('N/A', 'N/A')"
Goka Madhu,5,28 June 2024,Excellent,Josh Team,29 June 2024,"('N/A', 'N/A')"
Narayan Bhanudas Chavann,5,28 June 2024,Very useful & Entermental Josh app .,Josh Team,29 June 2024,1 person found this review helpful
Bishnupada Bishnupada,5,28 June 2024,Good 👍,Josh Team,29 June 2024,"('N/A', 'N/A')"
Mukund kumar Jha,5,28 June 2024,Fantastic app for entertainment,Josh Team,29 June 2024,"('N/A', 'N/A')"
Faizan Khan,5,28 June 2024,I love josh app,Josh Team,28 June 2024,"('N/A', 'N/A')"
Mohd Aalim,5,28 June 2024,Ok,Josh Team,28 June 2024,"('N/A', 'N/A')"
Vivek Shakya,5,28 June 2024,very good app for download,Josh Team,28 June 2024,"('N/A', 'N/A')"
neelufar neelufar,5,28 June 2024,nice app👍❤,Josh Team,28 June 2024,"('N/A', 'N/A')"
PREMA CHANDA DAS,5,27 June 2024,Good,Josh Team,28 June 2024,"('N/A', 'N/A')"
mdwajier khan,5,27 June 2024,Super app like online comment share,Josh Team,28 June 2024,"('N/A', 'N/A')"
Latha Shree,5,27 June 2024,This is really nice and sweet app,Josh Team,28 June 2024,"('N/A', 'N/A')"
Pushpalatha Asha,4,27 June 2024,Good,Josh Team,28 June 2024,"('N/A', 'N/A')"
NAGENDRA THUMMALA,5,27 June 2024,Balaji,Josh Team,27 June 2024,"('N/A', 'N/A')"
Neha Thanki,5,27 June 2024,Awesome app...,Josh Team,27 June 2024,"('N/A', 'N/A')"
Pradeep Nikam,5,27 June 2024,Good 👍😊,Josh Team,27 June 2024,"('N/A', 'N/A')"
Rupak Rajput,5,27 June 2024,Good video platform,Josh Team,27 June 2024,"('N/A', 'N/A')"
Sahid Khan,5,27 June 2024,Good,Josh Team,27 June 2024,"('N/A', 'N/A')"
Sunil Mishra,4,27 June 2024,"प्यार कभी कम नहीं करना कोई सितम कर लेना ,मर जाएंगे आशिक वरना ---!",Josh Team,27 June 2024,"('N/A', 'N/A')"
Raj Yadav,5,27 June 2024,"This is very good from you, please do it and enjoy the video",Josh Team,27 June 2024,57 people found this review helpful
Rakesh Kumar,5,26 June 2024,Op,Josh Team,27 June 2024,"('N/A', 'N/A')"
Dara yalamanda,1,26 June 2024,RathnababU,Josh Team,27 June 2024,"('N/A', 'N/A')"
Sourav Das,4,26 June 2024,Exclusive,Josh Team,27 June 2024,"('N/A', 'N/A')"
Sonu Kumar,5,26 June 2024,Excellent,Josh Team,26 June 2024,"('N/A', 'N/A')"
deepakjadme Jadme,5,26 June 2024,Experience good,Josh Team,26 June 2024,"('N/A', 'N/A')"
Soniya Pathre,5,26 June 2024,Very good app,Josh Team,26 June 2024,"('N/A', 'N/A')"
Rupa bhardwaj,5,26 June 2024,Very nice,Josh Team,26 June 2024,"('N/A', 'N/A')"
Harsh Jaiswal,4,26 June 2024,Good,Josh Team,26 June 2024,"('N/A', 'N/A')"
UMAR Patel,5,25 June 2024,Good,Josh Team,26 June 2024,"('N/A', 'N/A')"
Khalid. Shafiq Shafiq,5,25 June 2024,Fine,Josh Team,26 June 2024,"('N/A', 'N/A')"
Fatima Khan,5,25 June 2024,Outstanding,Josh Team,26 June 2024,"('N/A', 'N/A')"
Saniya Ks,5,25 June 2024,Very good app,Josh Team,25 June 2024,"('N/A', 'N/A')"
Abdul Ali,5,25 June 2024,So nice video,Josh Team,25 June 2024,"('N/A', 'N/A')"
Ashashekar shekar,5,25 June 2024,I love to be a josh user ❤️,Josh Team,25 June 2024,"('N/A', 'N/A')"
Srinivas rao Ryali,5,25 June 2024,🤣🤣🤣🤣🤣🤣🤣,Josh Team,25 June 2024,"('N/A', 'N/A')"
Vishambhar Yadav,5,25 June 2024,Vishambhar Yadav 8081,Josh Team,25 June 2024,"('N/A', 'N/A')"
Fun Creation,1,25 June 2024,not good for use,Josh Team,25 June 2024,"('N/A', 'N/A')"
Shaik Munsoor Mustafa Ali,5,25 June 2024,mushu,Josh Team,25 June 2024,"('N/A', 'N/A')"
Appala Raju Aleti,5,25 June 2024,Good,Josh Team,25 June 2024,"('N/A', 'N/A')"
Sartaj Ansari,2,24 June 2024,I love josh,Josh Team,25 June 2024,"('N/A', 'N/A')"
Ateeq Ahmed,5,24 June 2024,Very nice 👍👍🙂🙂,Josh Team,25 June 2024,"('N/A', 'N/A')"
Suhana Mondal,5,24 June 2024,Nice,Josh Team,25 June 2024,"('N/A', 'N/A')"
Chitan Khilari,1,24 June 2024,Chietan,Josh Team,24 June 2024,"('N/A', 'N/A')"
Nivetha Champak,5,24 June 2024,Good,Josh Team,24 June 2024,"('N/A', 'N/A')"
Dewang Bhavsar,5,24 June 2024,❤❤❤❤❤❤❤❤❤,Josh Team,24 June 2024,"('N/A', 'N/A')"
Prins Kumar,3,24 June 2024,Very use full,Josh Team,24 June 2024,"('N/A', 'N/A')"
SHADOW GAMER,4,24 June 2024,Awesome 👍,Josh Team,24 June 2024,"('N/A', 'N/A')"
Pinku Deka,5,24 June 2024,Nice,Josh Team,24 June 2024,"('N/A', 'N/A')"
technical amit,5,24 June 2024,Thi is averry nice jok app. I hope a free short vedio enjoyed.,Josh Team,24 June 2024,"('N/A', 'N/A')"
Mohammed Asghar Ali,5,24 June 2024,Very nice Josh app,Josh Team,24 June 2024,"('N/A', 'N/A')"
MD iltaf Ansari,4,23 June 2024,Goog app,Josh Team,24 June 2024,"('N/A', 'N/A')"
Chinna Faizul,1,23 June 2024,In a new update y likes are not showing on top,Josh Team,24 June 2024,74 people found this review helpful
phone call channel,4,23 June 2024,Awesome,Josh Team,24 June 2024,"('N/A', 'N/A')"
Bharat bhai Thakor,5,23 June 2024,Super,Josh Team,24 June 2024,"('N/A', 'N/A')"
Raj Kumar,3,23 June 2024,Gautam Shubham Kumar and sanny guddu nitish saurabh Manish,Josh Team,24 June 2024,"('N/A', 'N/A')"
Shaik Anas,5,23 June 2024,Josh is very good and Lovely to be the first time in the first time in ♥️♥️♥️,Josh Team,24 June 2024,"('N/A', 'N/A')"
Dilip Kumar Yadav,5,23 June 2024,Dilip yadav,Josh Team,24 June 2024,"('N/A', 'N/A')"
Rinku Kumar,5,23 June 2024,Very Very good 👍,Josh Team,24 June 2024,"('N/A', 'N/A')"
Surtana Uikey,5,23 June 2024,Download,Josh Team,23 June 2024,"('N/A', 'N/A')"
Munna Yadav,5,23 June 2024,Kavita yadav,Josh Team,23 June 2024,"('N/A', 'N/A')"
Yesubabu Medikonda,5,23 June 2024,Good 👍,Josh Team,23 June 2024,"('N/A', 'N/A')"
Gutom Barman,2,23 June 2024,Dipankar Barman,Josh Team,23 June 2024,"('N/A', 'N/A')"
Soumen Mullick,5,23 June 2024,Very good app,Josh Team,23 June 2024,"('N/A', 'N/A')"
Ansh Prajapati,5,23 June 2024,Indian Best app...💖💯 No.1__indian_app_💯💯,Josh Team,23 June 2024,"('N/A', 'N/A')"
Mahesh Chouhan,5,23 June 2024,Mast app hai ❤️🫶,Josh Team,23 June 2024,"('N/A', 'N/A')"
Pushkar Goel,5,23 June 2024,Very nice 👍🙂,Josh Team,23 June 2024,"('N/A', 'N/A')"
IST_DeEpAk- -SaHu,5,23 June 2024,Very nice app to josh,Josh Team,23 June 2024,"('N/A', 'N/A')"
M. P. Govindan nair,5,23 June 2024,Good,Josh Team,23 June 2024,"('N/A', 'N/A')"
AasMohd Gour17,5,22 June 2024,Aas Mohd Gour17,Josh Team,23 June 2024,"('N/A', 'N/A')"
Abhinaya,5,22 June 2024,Hi 👋 with live 😍,Josh Team,23 June 2024,"('N/A', 'N/A')"
Virat Suthar,5,22 June 2024,Nice aap superb 👍,Josh Team,23 June 2024,"('N/A', 'N/A')"
Shiva Singh,5,22 June 2024,5 str,Josh Team,23 June 2024,"('N/A', 'N/A')"
Ahemad Shaikh,5,22 June 2024,Love,Josh Team,22 June 2024,"('N/A', 'N/A')"
SYED AbuThahir,5,22 June 2024,Super,Josh Team,22 June 2024,"('N/A', 'N/A')"
Krishna Adhane,2,22 June 2024,कृणा। रमेश। आधानो,Josh Team,22 June 2024,"('N/A', 'N/A')"
Mohd mustakeem,5,22 June 2024,Follower Nahin Badle Mere,Josh Team,22 June 2024,"('N/A', 'N/A')"
Chandran B,5,22 June 2024,സുപർ😂😂😂😂,Josh Team,22 June 2024,"('N/A', 'N/A')"
Manga V,5,21 June 2024,nice pic of my life and the winter Soldier trailer in Hindi translation and the winter ❄️ the same as well as well and I am,Josh Team,22 June 2024,"('N/A', 'N/A')"
Siddhant Singh,5,21 June 2024,Op app 👍😁💕😘,Josh Team,22 June 2024,"('N/A', 'N/A')"
Gurbari Bariha,3,21 June 2024,Anita bariha 🥰🥰🥰🥰,Josh Team,22 June 2024,"('N/A', 'N/A')"
Irfan Ansari,5,21 June 2024,Nice,Josh Team,22 June 2024,"('N/A', 'N/A')"
Ramakrishna Koruprolu,4,21 June 2024,Nice videos Full enjoy,Josh Team,22 June 2024,"('N/A', 'N/A')"
Pyareshwar Singh,5,21 June 2024,in a meeting at your earliest response from you and I am a student in your country in which I am a student in your country in which I am a student in your country in which I am fttt,Josh Team,22 June 2024,"('N/A', 'N/A')"
Santi devi sharma,5,21 June 2024,This is good app😇,Josh Team,22 June 2024,"('N/A', 'N/A')"
Sana Malik,1,21 June 2024,"Tooo bad never download this app. joyless, useless , time waster",Josh Team,22 June 2024,5 people found this review helpful
Madhav Tadvi,5,21 June 2024,MadhavTadvi,Josh Team,21 June 2024,"('N/A', 'N/A')"
Natik Kumar,2,21 June 2024,Hello friends ♥️♥️,Josh Team,21 June 2024,"('N/A', 'N/A')"
Sanjivaiah Ragi,4,21 June 2024,Very intresting app,Josh Team,21 June 2024,"('N/A', 'N/A')"
Ra wat Munturja,5,21 June 2024,Op Riley,Josh Team,21 June 2024,"('N/A', 'N/A')"
leaquatali khan,4,21 June 2024,Veru nice app for entertainment,Josh Team,21 June 2024,"('N/A', 'N/A')"
Ashu Khan,5,21 June 2024,The josh app is outstanding reels create app in India 🇮🇳❤️,Josh Team,21 June 2024,"('N/A', 'N/A')"
Niyati Verma,5,21 June 2024,1m completed ♥️🌹,Josh Team,21 June 2024,"('N/A', 'N/A')"
Jyotsna,5,21 June 2024,Super I like this josh,Josh Team,21 June 2024,"('N/A', 'N/A')"
Shivam Sharma,5,21 June 2024,Good,Josh Team,21 June 2024,"('N/A', 'N/A')"
Rahul Gour,5,21 June 2024,Super,Josh Team,21 June 2024,"('N/A', 'N/A')"
Nk Patel,5,21 June 2024,ଗୁଡ୍ but not for better,Josh Team,21 June 2024,"('N/A', 'N/A')"
kannan ratha,5,21 June 2024,Sathiya❤️❤️❤️,Josh Team,21 June 2024,"('N/A', 'N/A')"
asif abid,5,21 June 2024,Nice,Josh Team,21 June 2024,"('N/A', 'N/A')"
RAM JANAM,5,21 June 2024,Good,Josh Team,21 June 2024,"('N/A', 'N/A')"
RISKYRAKUL Rocky,5,20 June 2024,Grand sucess,Josh Team,21 June 2024,"('N/A', 'N/A')"
Geeta Parmar,4,20 June 2024,I use that app when my data is clear,Josh Team,21 June 2024,"('N/A', 'N/A')"
Philips Maple,5,20 June 2024,Noizz,Josh Team,20 June 2024,"('N/A', 'N/A')"
Nathuni Mahto,5,20 June 2024,हम यह कहता है की मेहनत करते हैं पेसा कही ए,Josh Team,20 June 2024,"('N/A', 'N/A')"
Pappu Khan,2,20 June 2024,Pappukhan,Josh Team,20 June 2024,"('N/A', 'N/A')"
anwar shaik,4,20 June 2024,Good entertainment Useful to those who want to learn Technical solutions,Josh Team,20 June 2024,33 people found this review helpful
Jatin Pawar,1,20 June 2024,😡,Josh Team,20 June 2024,"('N/A', 'N/A')"
Santosh Kumar,5,20 June 2024,Good,Josh Team,20 June 2024,"('N/A', 'N/A')"
Jishan Tyagi,5,20 June 2024,Josh is the best for earning app,Josh Team,20 June 2024,"('N/A', 'N/A')"
VVNS VADALI,4,19 June 2024,Good to view beautiful fedeos.,Josh Team,20 June 2024,1 person found this review helpful
Rofikul Assam,5,19 June 2024,good Josh,Josh Team,20 June 2024,"('N/A', 'N/A')"
Ruksar Khan,5,19 June 2024,Nice,Josh Team,20 June 2024,"('N/A', 'N/A')"
Tutun Sarkar,5,19 June 2024,Views not grow,Josh Team,20 June 2024,"('N/A', 'N/A')"
AKSHAY Makvana,5,19 June 2024,Best app,Josh Team,20 June 2024,"('N/A', 'N/A')"
Praveena T,5,19 June 2024,𝕹𝖎𝖈𝖊 𝖆𝖕𝖕 𝖋𝖔𝖗 𝖘𝖔𝖈𝖎𝖆𝖑 𝖓𝖊𝖙𝖜𝖔𝖗𝖐𝖎𝖓𝖌,Josh Team,20 June 2024,"('N/A', 'N/A')"
Krishna Yadav,1,19 June 2024,Worst app,Josh Team,20 June 2024,"('N/A', 'N/A')"
NABANKUR ROY,5,19 June 2024,Very good app,Josh Team,20 June 2024,"('N/A', 'N/A')"
Surendar tirukkovallur,5,19 June 2024,good,Josh Team,19 June 2024,"('N/A', 'N/A')"
Nirav Rabari,5,19 June 2024,Nice,Josh Team,19 June 2024,"('N/A', 'N/A')"
Akhilesh King,5,19 June 2024,Fadgcy,Josh Team,19 June 2024,"('N/A', 'N/A')"
Sandip Deewana Official,5,19 June 2024,Support Josh Family my Josh ID,Josh Team,19 June 2024,"('N/A', 'N/A')"
Ram Vishvakarma,1,19 June 2024,Ll oo lo lo oo lo ol Hmm GC,Josh Team,19 June 2024,"('N/A', 'N/A')"
Kunal Kunal,5,19 June 2024,Nice 👍,Josh Team,19 June 2024,"('N/A', 'N/A')"
mohd arbaz,4,19 June 2024,Creator diamond problem some creator,Josh Team,19 June 2024,"('N/A', 'N/A')"
Rohit Tribhuvan,5,18 June 2024,Good,Josh Team,19 June 2024,"('N/A', 'N/A')"
Amritpal Warring,5,18 June 2024,Good application,Josh Team,19 June 2024,"('N/A', 'N/A')"
Santosh Thakur,5,18 June 2024,Super se uper,Josh Team,19 June 2024,"('N/A', 'N/A')"
eknaya gandhi,5,18 June 2024,Very nice app,Josh Team,18 June 2024,"('N/A', 'N/A')"
KAJAL BHUNIA,5,18 June 2024,Voice alo,Josh Team,18 June 2024,"('N/A', 'N/A')"
Mj Munna Raj,4,18 June 2024,Please Follow Up Karo,Josh Team,18 June 2024,"('N/A', 'N/A')"
Sk Intercept,5,18 June 2024,Ieyeifeirie UWHWIGDJFYC 5AM AND SIST AND SIST WERE THE MOST COMMON IN HER COUNTRY IN THE FIRST ROUND IN THE FIRST HALF AND THE SECOND WAS A SECOND IN HER CAREER WITH A TOTAL DOUBLE AND THE SECOND HALF IN A 7PM WIN IN HUDDY WAS A GOOD PLAYER AND SISTER 6TH 7IN 6855AND 5YFHFHHEJW OF THE SEASON SHE,Josh Team,18 June 2024,"('N/A', 'N/A')"
Deepak Kd,5,18 June 2024,1 billion bike,Josh Team,18 June 2024,"('N/A', 'N/A')"
Arvind Khatod,1,18 June 2024,Time use,Josh Team,18 June 2024,"('N/A', 'N/A')"
RAJASTHAN ROYALS UJJENIYA,5,18 June 2024,Best social media app,Josh Team,18 June 2024,"('N/A', 'N/A')"
s s,5,17 June 2024,Good,Josh Team,18 June 2024,"('N/A', 'N/A')"
Kumar Rajan,4,17 June 2024,Good,Josh Team,18 June 2024,"('N/A', 'N/A')"
RSM Constructions,5,17 June 2024,Wow,Josh Team,18 June 2024,"('N/A', 'N/A')"
Naveen Kumar,5,17 June 2024,Good app,Josh Team,18 June 2024,"('N/A', 'N/A')"
Vanshika Sharma,5,17 June 2024,Ok report,Josh Team,18 June 2024,"('N/A', 'N/A')"
Saranya,5,17 June 2024,Good content share this app,Josh Team,18 June 2024,"('N/A', 'N/A')"
Neha Sharma,5,17 June 2024,Kishan kumar,Josh Team,18 June 2024,"('N/A', 'N/A')"
Samirafan VVR,5,17 June 2024,Excellent,Josh Team,18 June 2024,"('N/A', 'N/A')"
JANAK CHAUDHARY,5,17 June 2024,"It's very comfortable aap, I like it 😁",Josh Team,18 June 2024,"('N/A', 'N/A')"
Ayush Singh,5,17 June 2024,very easy verry good app.,Josh Team,17 June 2024,5 people found this review helpful
rangilaraja 007,5,17 June 2024,Very nice 👍 app,Josh Team,17 June 2024,"('N/A', 'N/A')"
Msreeni Vasulu,5,17 June 2024,Good,Josh Team,17 June 2024,"('N/A', 'N/A')"
sreenath palemere,5,16 June 2024,Good,Josh Team,17 June 2024,"('N/A', 'N/A')"
Veeru Waghmare,5,16 June 2024,👌👌👌👌,Josh Team,17 June 2024,"('N/A', 'N/A')"
Salman Hussain,5,16 June 2024,All time features about documents for supported Josh this side apps development services,Josh Team,17 June 2024,4 people found this review helpful
Sudha Singh,5,16 June 2024,This app is very good,Josh Team,17 June 2024,"('N/A', 'N/A')"
Mr. Last Minute,4,16 June 2024,Good,Josh Team,16 June 2024,"('N/A', 'N/A')"
md rizwanan,5,16 June 2024,Goood,Josh Team,16 June 2024,"('N/A', 'N/A')"
Maninder Maninder,5,16 June 2024,Good.,Josh Team,16 June 2024,"('N/A', 'N/A')"
amit gamer,5,16 June 2024,Good app but josh blocked my profile,Josh Team,16 June 2024,1 person found this review helpful
MD Shahzad,5,16 June 2024,This app is a very amazing,Josh Team,16 June 2024,"('N/A', 'N/A')"
Madhav Singh saab RAJPUT,5,16 June 2024,Pehle josh se call aaya tha earning ke bare me or fir bola gya ki bad me call krenge but abhi tak nhi aaya earning ke baare me kuchh to hota nhi h bs time paas,Josh Team,16 June 2024,"('N/A', 'N/A')"
Jassi Vip,5,16 June 2024,Nice,Josh Team,16 June 2024,"('N/A', 'N/A')"
devansh Agarwal,5,15 June 2024,Nice application 😎 amazing video are they or many many thing are available 👍 for enjoyment,Josh Team,16 June 2024,35 people found this review helpful
Gopi Gopi,4,15 June 2024,₹பளளேஎf¢ஃஎப்?¶{{¹ =_றொறோவோவுவௌ ழௌழௌ Xx2ப்ளீஸ் { ₹,Josh Team,16 June 2024,"('N/A', 'N/A')"
Dheeraj Kumar Jha,4,15 June 2024,Super Josh nise experience,Josh Team,16 June 2024,"('N/A', 'N/A')"
Risita Dey,5,15 June 2024,Op,Josh Team,16 June 2024,"('N/A', 'N/A')"
Mr Vipin,5,15 June 2024,Super,Josh Team,16 June 2024,"('N/A', 'N/A')"
komal chaudhary,2,15 June 2024,View is not available 😔,Josh Team,16 June 2024,"('N/A', 'N/A')"
Irshad Ahammed,4,15 June 2024,Beautiful,Josh Team,16 June 2024,"('N/A', 'N/A')"
Sathees Jayapalan,5,15 June 2024,👍,Josh Team,16 June 2024,"('N/A', 'N/A')"
Sonu Yadav,5,15 June 2024,It use very few data,Josh Team,15 June 2024,"('N/A', 'N/A')"
Chiku Nohiya,5,15 June 2024,I am super star in josh,Josh Team,15 June 2024,"('N/A', 'N/A')"
Sampeule Zanme,4,15 June 2024,Nice 👍,Josh Team,15 June 2024,"('N/A', 'N/A')"
Rohit Kumar,5,15 June 2024,Good,Josh Team,15 June 2024,"('N/A', 'N/A')"
Shakir Bin Ali,5,15 June 2024,👍👍👍app,Josh Team,15 June 2024,"('N/A', 'N/A')"
murugesan rangasamy,4,14 June 2024,Super,Josh Team,15 June 2024,"('N/A', 'N/A')"
Shemaroo Tv,5,14 June 2024,Nice Application,Josh Team,15 June 2024,"('N/A', 'N/A')"
Ranjit Kumar,5,14 June 2024,Ranjitkumar,Josh Team,15 June 2024,"('N/A', 'N/A')"
Nataraj Santhiya,5,14 June 2024,Super,Josh Team,15 June 2024,"('N/A', 'N/A')"
Aryan Meshram,5,14 June 2024,Please my channel monitiez and,Josh Team,15 June 2024,"('N/A', 'N/A')"
Rajesh Raji,5,14 June 2024,Very prosperous,Josh Team,15 June 2024,"('N/A', 'N/A')"
Bablu Rajput,4,14 June 2024,Manish,Josh Team,14 June 2024,"('N/A', 'N/A')"
Emmadi Mallesh,5,14 June 2024,Super,Josh Team,14 June 2024,"('N/A', 'N/A')"
Adesh Kumar,5,14 June 2024,Best video app,Josh Team,14 June 2024,"('N/A', 'N/A')"
Jeshwanth Royal,5,14 June 2024,Good,Josh Team,14 June 2024,"('N/A', 'N/A')"
Farukh khan Khan,5,14 June 2024,😍😍😍🤑🤑💸💸💸,Josh Team,14 June 2024,"('N/A', 'N/A')"
Naba kumar Nath,1,14 June 2024,Don't use this type of app guys,Josh Team,14 June 2024,"('N/A', 'N/A')"
MAGENTHIRAN. M,5,14 June 2024,Good app,Josh Team,14 June 2024,"('N/A', 'N/A')"
M Murugesan,5,13 June 2024,Nice very nice josh comedy,Josh Team,14 June 2024,"('N/A', 'N/A')"
MUHAMMED ISTIYAK,5,13 June 2024,Very nice josh 👌,Josh Team,14 June 2024,"('N/A', 'N/A')"
Singam Sathish,5,13 June 2024,Super App Running,Josh Team,14 June 2024,"('N/A', 'N/A')"
Rakesh Kumar Sharma,5,13 June 2024,I earn 40 to 50 rs from this app by uploarding videos,Josh Team,14 June 2024,"('N/A', 'N/A')"
MD AKIB Khan,5,13 June 2024,Please help me,Josh Team,14 June 2024,"('N/A', 'N/A')"
Israfil Mallick,5,13 June 2024,I am interested in app,Josh Team,14 June 2024,"('N/A', 'N/A')"
Vipin S Yadav,5,13 June 2024,Jabardast,Josh Team,14 June 2024,"('N/A', 'N/A')"
Abhi Super Tech,4,13 June 2024,Good,Josh Team,14 June 2024,"('N/A', 'N/A')"
Kalipada Roy,5,13 June 2024,I love Jose,Josh Team,13 June 2024,"('N/A', 'N/A')"
Lipika Goswami,5,13 June 2024,Nice josh video 🌹🌹❤️,Josh Team,13 June 2024,"('N/A', 'N/A')"
Anmol Kumar,5,13 June 2024,Vary nice video and vary nice app,Josh Team,13 June 2024,"('N/A', 'N/A')"
Sujit Naidu,5,13 June 2024,𝓝𝓲𝓬𝓮 apply,Josh Team,13 June 2024,"('N/A', 'N/A')"
Chi nna,3,13 June 2024,This app good app,Josh Team,13 June 2024,"('N/A', 'N/A')"
Kumar Rajaraja2002,5,13 June 2024,Super,Josh Team,13 June 2024,"('N/A', 'N/A')"
Gurmeet Salgotra,5,13 June 2024,Nice application,Josh Team,13 June 2024,"('N/A', 'N/A')"
IB Subba,3,13 June 2024,0 hi k7,Josh Team,13 June 2024,"('N/A', 'N/A')"
Murali krishna Illuri,5,13 June 2024,❤️❤️❤️❤️,Josh Team,13 June 2024,"('N/A', 'N/A')"
Amit Rajput,5,13 June 2024,Lover,Josh Team,13 June 2024,"('N/A', 'N/A')"
Jyoti Mayekar,5,13 June 2024,Josh app very nice😘,Josh Team,13 June 2024,"('N/A', 'N/A')"
khusdial Parsad,4,13 June 2024,Cñx,Josh Team,13 June 2024,"('N/A', 'N/A')"
Chandra Prakash,5,12 June 2024,Lovali app,Josh Team,13 June 2024,"('N/A', 'N/A')"
Sonu Kumar,5,12 June 2024,Love you Josh,Josh Team,13 June 2024,"('N/A', 'N/A')"
chandra kiran,5,12 June 2024,Very good,Josh Team,13 June 2024,"('N/A', 'N/A')"
Mahesh M14,5,12 June 2024,Exalent app,Josh Team,13 June 2024,"('N/A', 'N/A')"
Shivaji More,1,12 June 2024,ShivajiBhipmaoMore,Josh Team,13 June 2024,"('N/A', 'N/A')"
Md Abdullah,1,12 June 2024,)]p✘◑<>,Josh Team,12 June 2024,"('N/A', 'N/A')"
suresh s,5,12 June 2024,Good,Josh Team,12 June 2024,"('N/A', 'N/A')"
Anas salmani 867,5,12 June 2024,Very nice app,Josh Team,12 June 2024,"('N/A', 'N/A')"
Raja Ali Khan,5,12 June 2024,Vary vary niec app,Josh Team,12 June 2024,"('N/A', 'N/A')"
Kismat banu,5,12 June 2024,Please 5K follower karva do Josh app aapka aap mere channel ko support karvao aur mere channel per 5k follower karva do aapka,Josh Team,12 June 2024,"('N/A', 'N/A')"
Subrahmanyam Madduri,1,12 June 2024,It's a film actors app,Josh Team,12 June 2024,"('N/A', 'N/A')"
Sukhbindar singh Sukhbindar singh,5,12 June 2024,Ja hi,Josh Team,12 June 2024,"('N/A', 'N/A')"
ASHISH MEHRA,4,11 June 2024,Nice app,Josh Team,12 June 2024,"('N/A', 'N/A')"
Ratul Bhaladhare,5,11 June 2024,Good one,Josh Team,12 June 2024,"('N/A', 'N/A')"
Abdul Belal,5,11 June 2024,পারদেওনা পুর,Josh Team,12 June 2024,"('N/A', 'N/A')"
Ajju Dhanaj,4,11 June 2024,Hu W,Josh Team,12 June 2024,"('N/A', 'N/A')"
Sam R Lahuri Music,5,11 June 2024,Amazing,Josh Team,12 June 2024,"('N/A', 'N/A')"
Joinbi Joinbi,5,11 June 2024,Nice,Josh Team,11 June 2024,"('N/A', 'N/A')"
Peddiraju Andey,5,11 June 2024,Nice,Josh Team,11 June 2024,"('N/A', 'N/A')"
Hello Hello,5,11 June 2024,Pls Make My Video Viral My I'd @RexoniCDeviL,Josh Team,11 June 2024,"('N/A', 'N/A')"
Jagadeesh,5,11 June 2024,Super,Josh Team,11 June 2024,"('N/A', 'N/A')"
Mathari Swamy,4,11 June 2024,హాయ్ ఫ్రెండ్స్ గుడ్ మార్నింగ్,Josh Team,11 June 2024,"('N/A', 'N/A')"
Haribhau Bade,5,11 June 2024,Waw,Josh Team,11 June 2024,"('N/A', 'N/A')"
Shivam saw,5,11 June 2024,Nice app beautiful video amazing 😍,Josh Team,11 June 2024,"('N/A', 'N/A')"
Sanjayprajapati Sanjayprajapati,5,10 June 2024,Wah josh wah,Josh Team,11 June 2024,"('N/A', 'N/A')"
gulshan sahni,5,10 June 2024,Nice,Josh Team,11 June 2024,"('N/A', 'N/A')"
Akram Shaik,5,10 June 2024,Best,Josh Team,11 June 2024,"('N/A', 'N/A')"
Ramesh Ramesh,5,10 June 2024,Fine,Josh Team,11 June 2024,"('N/A', 'N/A')"
Rahat Islam,5,10 June 2024,Excellent,Josh Team,11 June 2024,"('N/A', 'N/A')"
Arika Krishna,5,10 June 2024,Naic,Josh Team,10 June 2024,"('N/A', 'N/A')"
Meera Prajapati,1,10 June 2024,It is good for watch short but the video I make that is moderated so now I am thinking it is not good because of moderated,Josh Team,10 June 2024,38 people found this review helpful
BASAVARAJ KBL,5,10 June 2024,Super workout sir,Josh Team,10 June 2024,"('N/A', 'N/A')"
kempa mandya,5,10 June 2024,Great app josh,Josh Team,10 June 2024,"('N/A', 'N/A')"
GopalaPille,4,10 June 2024,Good,Josh Team,10 June 2024,"('N/A', 'N/A')"
RASHI Dewangan (Main),5,9 June 2024,I like this josh app .,Josh Team,10 June 2024,1 person found this review helpful
Abhishek Vaishnav,5,9 June 2024,Good,Josh Team,10 June 2024,"('N/A', 'N/A')"
Magic human setti,5,9 June 2024,Good,Josh Team,10 June 2024,"('N/A', 'N/A')"
Handy_handy 0007gamer,5,9 June 2024,Nice,Josh Team,10 June 2024,"('N/A', 'N/A')"
Hazira Khatun,5,9 June 2024,NO 1 Earning app. Thanks Josh team.,Josh Team,10 June 2024,"('N/A', 'N/A')"
Sajal Srivastava,5,9 June 2024,👌,Josh Team,10 June 2024,"('N/A', 'N/A')"
AJAY AKHAND,5,9 June 2024,Friend's is a good app 👍☺️,Josh Team,10 June 2024,"('N/A', 'N/A')"
Nilesh Bhole,5,9 June 2024,This is brilliant app,Josh Team,9 June 2024,"('N/A', 'N/A')"
PRESIDENT SANTOSH KUMAR,5,9 June 2024,like that's app Jose,Josh Team,9 June 2024,"('N/A', 'N/A')"
Santosh Sahu,5,9 June 2024,Nice,Josh Team,9 June 2024,"('N/A', 'N/A')"
Binita Singh,5,9 June 2024,Very nice picture and happy 😁😁😊😊,Josh Team,9 June 2024,"('N/A', 'N/A')"
Nurul Amin,5,9 June 2024,Nurul. amin,Josh Team,9 June 2024,"('N/A', 'N/A')"
Babita Katheriya,5,9 June 2024,Bed,Josh Team,9 June 2024,"('N/A', 'N/A')"
princs,5,9 June 2024,Nice 👍,Josh Team,9 June 2024,"('N/A', 'N/A')"
Mobina P,5,9 June 2024,Good but views not high,Josh Team,9 June 2024,"('N/A', 'N/A')"
Nandha Kumar,5,9 June 2024,Super entertainment.,Josh Team,9 June 2024,"('N/A', 'N/A')"
Aryan Khan,5,8 June 2024,Nice app,Josh Team,9 June 2024,"('N/A', 'N/A')"
Lala Chaudhary,4,8 June 2024,good,Josh Team,9 June 2024,"('N/A', 'N/A')"
Saravanan RADISAN,4,8 June 2024,Good,Josh Team,9 June 2024,"('N/A', 'N/A')"
Manjeet Gupta,5,8 June 2024,Nice to meet you Josh app,Josh Team,9 June 2024,"('N/A', 'N/A')"
Guddu Kumar,5,8 June 2024,Guddu kumar 🙏🙏🙏,Josh Team,9 June 2024,"('N/A', 'N/A')"
Nageswara Rao,4,8 June 2024,"H Zi2, bro and. S l zwxs😏 l.",Josh Team,9 June 2024,"('N/A', 'N/A')"
Mohammed Shafeeq,5,8 June 2024,Good,Josh Team,8 June 2024,"('N/A', 'N/A')"
banti saini,5,8 June 2024,good josh activity the best app 💞🙏,Josh Team,8 June 2024,"('N/A', 'N/A')"
Madhu Vsp,4,8 June 2024,👍,Josh Team,8 June 2024,"('N/A', 'N/A')"
Zaffar Mirza,1,8 June 2024,Views not growing &followers what happen to my I'd plzz growth my I'd 😥😥,Josh Team,8 June 2024,"('N/A', 'N/A')"
Riyo Official,5,8 June 2024,Bhai mara follow var nahi bad rahi par acha lagta hai Josh aap sab dovlode karo,Josh Team,8 June 2024,"('N/A', 'N/A')"
Kundan Raj,5,8 June 2024,Nice,Josh Team,8 June 2024,"('N/A', 'N/A')"
Shoram Akhtar,3,8 June 2024,Everybody have 100+k followers my only 2k so i don't need that now. With google id,Josh Team,8 June 2024,"('N/A', 'N/A')"
Pranab Saini,5,8 June 2024,Wow so nice and very nice 🙂🙂🙂👍👍👍,Josh Team,8 June 2024,"('N/A', 'N/A')"
AMIT KUMAR,5,8 June 2024,Nice app,Josh Team,8 June 2024,"('N/A', 'N/A')"
Nawaz Mohammed,1,7 June 2024,Not even 1% of tiktok,Josh Team,8 June 2024,"('N/A', 'N/A')"
Alok Alok,5,7 June 2024,😘🥰,Josh Team,8 June 2024,"('N/A', 'N/A')"
Khurshid Alam,5,7 June 2024,kkkk and style,Josh Team,8 June 2024,"('N/A', 'N/A')"
Babu Redy,5,7 June 2024,Good app Better experience in josh,Josh Team,8 June 2024,"('N/A', 'N/A')"
Hemanta Mahanta,5,7 June 2024,Bs suman,Josh Team,8 June 2024,"('N/A', 'N/A')"
Ahmad khan,5,7 June 2024,Nice,Josh Team,8 June 2024,"('N/A', 'N/A')"
Rishabh Kumar,5,7 June 2024,Increase my follow up to 2m,Josh Team,8 June 2024,"('N/A', 'N/A')"
Fayaz Payya,1,7 June 2024,Does this app help for markating?,Josh Team,7 June 2024,"('N/A', 'N/A')"
officer Ajay gamer,5,7 June 2024,Very much,Josh Team,7 June 2024,"('N/A', 'N/A')"
Shaik Nizamuddin,5,6 June 2024,Excellent aap,Josh Team,7 June 2024,"('N/A', 'N/A')"
Balram mewade Balram mewade,5,6 June 2024,🥰🥰🥰,Josh Team,7 June 2024,"('N/A', 'N/A')"
Som Singh,5,6 June 2024,Very nice app,Josh Team,7 June 2024,"('N/A', 'N/A')"
Gautam Raikar,5,6 June 2024,Good and entertaining,Josh Team,6 June 2024,"('N/A', 'N/A')"
Nitish Kumar KUSHWAHA,5,6 June 2024,Subscribe mein Bhojpuri song YouTube,Josh Team,6 June 2024,"('N/A', 'N/A')"
Deepa Sharma,5,6 June 2024,West,Josh Team,6 June 2024,"('N/A', 'N/A')"
Joe Melkish,5,6 June 2024,Good app,Josh Team,6 June 2024,"('N/A', 'N/A')"
Ram Vinay,5,6 June 2024,Priti Kumari 123 456,Josh Team,6 June 2024,"('N/A', 'N/A')"
Indrajeet Satpute,5,6 June 2024,Beat App,Josh Team,6 June 2024,"('N/A', 'N/A')"
अमित कुमार पाटस्कर,5,6 June 2024,Mast app hai,Josh Team,6 June 2024,"('N/A', 'N/A')"
Bala Chandrika Lella,5,6 June 2024,Nice entertainment,Josh Team,6 June 2024,"('N/A', 'N/A')"
Malavika Pandu,5,6 June 2024,Good,Josh Team,6 June 2024,"('N/A', 'N/A')"
Tushar Sarkar,5,6 June 2024,Super Application,Josh Team,6 June 2024,"('N/A', 'N/A')"
Nisarga KS Nisarga KS,5,6 June 2024,Nice,Josh Team,6 June 2024,"('N/A', 'N/A')"
Fahed saifi,5,5 June 2024,Nice,Josh Team,6 June 2024,"('N/A', 'N/A')"
Dantani Sujal,5,5 June 2024,Sujai,Josh Team,6 June 2024,"('N/A', 'N/A')"
my target,5,5 June 2024,Very nice 👍👍,Josh Team,6 June 2024,"('N/A', 'N/A')"
Tanvee Alam,5,5 June 2024,Too good👍👍👍👍👍👍👍👍,Josh Team,6 June 2024,"('N/A', 'N/A')"
Ânkúsh Nâyâk,5,5 June 2024,Nice,Josh Team,6 June 2024,"('N/A', 'N/A')"
Hari Krishnan,5,5 June 2024,Nice app,Josh Team,6 June 2024,"('N/A', 'N/A')"
Sunny Sohal,5,5 June 2024,Great app,Josh Team,5 June 2024,"('N/A', 'N/A')"
TANISH VINAYKIYA,5,5 June 2024,BEST,Josh Team,5 June 2024,"('N/A', 'N/A')"
Anowar Hosain,5,5 June 2024,নতুন কালেকশন ও সাপ্তাহিক আপডেট পেতে যোগাযোগ করুন 🖥️আনোয়ার কম্পিউটার🖥️ বটতলী বাজার ☎️☎️০১৭৮৫-৭০৮৫৮৫🎸,Josh Team,5 June 2024,"('N/A', 'N/A')"
Rajjak Sk,5,5 June 2024,Wow,Josh Team,5 June 2024,"('N/A', 'N/A')"
Suneetha Maharana,5,5 June 2024,It is nice,Josh Team,5 June 2024,"('N/A', 'N/A')"
On Durgesh,5,5 June 2024,So,Josh Team,5 June 2024,"('N/A', 'N/A')"
Ravi Shankar,5,4 June 2024,Very good,Josh Team,5 June 2024,"('N/A', 'N/A')"
Nishant Kumar,5,4 June 2024,Anmol,Josh Team,4 June 2024,"('N/A', 'N/A')"
Mukku Magic,5,4 June 2024,Nice,Josh Team,4 June 2024,"('N/A', 'N/A')"
Thota Bhagya,5,4 June 2024,తిన్నావా. మోహన,Josh Team,4 June 2024,"('N/A', 'N/A')"
SALMAN _KHAN_S,1,4 June 2024,Josh.app.fraud 🤥 Play Store please delete app Josh very loser app,Josh Team,4 June 2024,"('N/A', 'N/A')"
Sumanchhadi Chhadi,5,4 June 2024,Sonu chhadi,Josh Team,4 June 2024,"('N/A', 'N/A')"
Surjo Karmakar,5,4 June 2024,Fantastic app,Josh Team,4 June 2024,"('N/A', 'N/A')"
Shaik Amzadh,5,3 June 2024,Good yap,Josh Team,4 June 2024,"('N/A', 'N/A')"
Dharmendra Sharma,5,3 June 2024,Nice 👍👍,Josh Team,4 June 2024,"('N/A', 'N/A')"
Ishrafil Ansari,5,3 June 2024,Ft jonno se kidhar,Josh Team,4 June 2024,"('N/A', 'N/A')"
Parvati Nath,5,3 June 2024,Very nice app useful and fun this app 😍😍😍😍😍😍😍😍😍😍😍😍😍😍😍😍😍😍😍😍😍😍😍😍😍😍😍😍😍😍😍🙂🙂🙂🙂🙂🙂🙂🙂🙂,Josh Team,3 June 2024,"('N/A', 'N/A')"
Menarul Sk,5,3 June 2024,💔😔💔💔💔,Josh Team,3 June 2024,"('N/A', 'N/A')"
Samboji Kavitha,4,3 June 2024,Very Great,Josh Team,3 June 2024,"('N/A', 'N/A')"
Samir Nawab,5,3 June 2024,op app,Josh Team,3 June 2024,"('N/A', 'N/A')"
Salim Ahmed,4,2 June 2024,Best app,Josh Team,3 June 2024,"('N/A', 'N/A')"
Sunny Yadav,5,2 June 2024,Bike rider 11k,Josh Team,3 June 2024,"('N/A', 'N/A')"
Kulsum Shaikh,5,2 June 2024,Loved it,Josh Team,3 June 2024,"('N/A', 'N/A')"
Shivram Vishwakarma,5,2 June 2024,very nice 👍,Josh Team,3 June 2024,"('N/A', 'N/A')"
AHRAZ TYAGI,5,2 June 2024,Excellent,Josh Team,3 June 2024,"('N/A', 'N/A')"
Rohit Alvela,1,2 June 2024,Meri videos ko viral vide,Josh Team,2 June 2024,"('N/A', 'N/A')"
Adarsh Raj,5,2 June 2024,5 star,Josh Team,2 June 2024,"('N/A', 'N/A')"
M MEDIA GOLD,5,2 June 2024,Suppar,Josh Team,2 June 2024,"('N/A', 'N/A')"
Nithya Sanjeevi,5,2 June 2024,Very nice i like josh,Josh Team,2 June 2024,"('N/A', 'N/A')"
Zeeshan khan ETR,5,1 June 2024,Start my earning please,Josh Team,2 June 2024,"('N/A', 'N/A')"
sukhvinder singh,5,1 June 2024,It's so good 👍,Josh Team,2 June 2024,"('N/A', 'N/A')"
Mukesh Raj,5,1 June 2024,Jose hard 30k,Josh Team,2 June 2024,"('N/A', 'N/A')"
Sikander Singh,5,1 June 2024,Nice app,Josh Team,2 June 2024,"('N/A', 'N/A')"
Mohini Blogger,5,1 June 2024,Very good,Josh Team,2 June 2024,"('N/A', 'N/A')"
Jatin Thakur,5,1 June 2024,Jatin thakur shav,Josh Team,1 June 2024,"('N/A', 'N/A')"
Umesh Ingle,5,1 June 2024,Useless e🥲🙂,Josh Team,1 June 2024,"('N/A', 'N/A')"
Leela Ram,5,1 June 2024,Ramjee,Josh Team,1 June 2024,"('N/A', 'N/A')"
Bharat Prajapati,5,1 June 2024,Good,Josh Team,1 June 2024,"('N/A', 'N/A')"
PARITOSH SHAH,5,1 June 2024,Excellent,Josh Team,1 June 2024,"('N/A', 'N/A')"
Moumita Mukherjee,4,1 June 2024,👍 good,Josh Team,1 June 2024,"('N/A', 'N/A')"
Subhash Kumar,5,1 June 2024,Good app,Josh Team,1 June 2024,"('N/A', 'N/A')"
Minnu nalababu,5,1 June 2024,It is such a nice and wonderful app,Josh Team,1 June 2024,"('N/A', 'N/A')"
Meena Meena,5,1 June 2024,Bahut jyada accha aap ha,Josh Team,1 June 2024,"('N/A', 'N/A')"
Ashok .A,5,1 June 2024,Mass veralavel,Josh Team,1 June 2024,"('N/A', 'N/A')"
Prayag Raj,5,1 June 2024,👹👹👹👹👹,Josh Team,1 June 2024,"('N/A', 'N/A')"
shakib qureshi,5,1 June 2024,Nice 👍 good app,Josh Team,1 June 2024,"('N/A', 'N/A')"
Jeetu gihar,5,1 June 2024,My old id not active help mi,Josh Team,1 June 2024,"('N/A', 'N/A')"
Kajal Sharma,5,1 June 2024,This app is very helpful for making video and entertainment,Josh Team,1 June 2024,7 people found this review helpful
ayush Sharma,5,1 June 2024,Superb,Josh Team,1 June 2024,"('N/A', 'N/A')"
Ankesh Yadav bad boy,5,31 May 2024,Super ♥️,Josh Team,1 June 2024,"('N/A', 'N/A')"
Bijendra Sinha,1,31 May 2024,not good service,Josh Team,1 June 2024,"('N/A', 'N/A')"
Neha Mishra,5,31 May 2024,Good,Josh Team,1 June 2024,"('N/A', 'N/A')"
Krishna Kumar. R.B,5,31 May 2024,✌✌👍👍👍👍👍👍,Josh Team,1 June 2024,"('N/A', 'N/A')"
Mas Mageshraj,5,31 May 2024,Good,Josh Team,1 June 2024,"('N/A', 'N/A')"
Chanabashapp pavadasettara Pavadasettara,5,31 May 2024,Chanabashapp pavadasettara you can do it,Josh Team,31 May 2024,"('N/A', 'N/A')"
Shivanand Balagar,5,31 May 2024,"Best, app for build a future 🥰🥰",Josh Team,1 June 2024,2 people found this review helpful
H d Salian,5,31 May 2024,Jos greeat hai baba,Josh Team,31 May 2024,"('N/A', 'N/A')"
Naveen Kumar.M ([NK]),5,31 May 2024,Super app,Josh Team,31 May 2024,"('N/A', 'N/A')"
vejju venkteswararao,5,31 May 2024,Super,Josh Team,31 May 2024,"('N/A', 'N/A')"
Shabnam Baby,5,31 May 2024,"r drswed,al",Josh Team,31 May 2024,"('N/A', 'N/A')"
Fsgss sDg,5,31 May 2024,Nice 👍👍👍👍👍,Josh Team,31 May 2024,"('N/A', 'N/A')"
Rajesh Mourya,5,31 May 2024,Nice,Josh Team,31 May 2024,"('N/A', 'N/A')"
Lucky Gupta,5,31 May 2024,Nice Josh,Josh Team,31 May 2024,"('N/A', 'N/A')"
DV SUKANYA,5,31 May 2024,Good,Josh Team,31 May 2024,"('N/A', 'N/A')"
it's nnj “The Criticizer”,5,31 May 2024,Nice app. Been using for a while now and I watch videos daily...☺️,Josh Team,31 May 2024,5 people found this review helpful
Arfan Ali,5,31 May 2024,Very best app,Josh Team,31 May 2024,"('N/A', 'N/A')"
Meera sam Parmar,4,30 May 2024,nice😊,Josh Team,31 May 2024,"('N/A', 'N/A')"
Ranjeet Thakur,5,30 May 2024,Excellent,Josh Team,31 May 2024,"('N/A', 'N/A')"
Suhail Hassan,1,30 May 2024,Chapprio ka desh 👍🏻,Josh Team,31 May 2024,"('N/A', 'N/A')"
honeysri,4,30 May 2024,Super!,Josh Team,31 May 2024,"('N/A', 'N/A')"
Shubham Singh,5,30 May 2024,BIP,Josh Team,31 May 2024,"('N/A', 'N/A')"
Jitendra Kumar,5,30 May 2024,Best earning app,Josh Team,31 May 2024,"('N/A', 'N/A')"
P verma,5,30 May 2024,its is best app in the world,Josh Team,30 May 2024,"('N/A', 'N/A')"
Md Firoz,5,30 May 2024,Osm,Josh Team,30 May 2024,"('N/A', 'N/A')"
Harishchand Yadav,4,30 May 2024,Good,Josh Team,30 May 2024,"('N/A', 'N/A')"
Manoj Kumar,5,30 May 2024,Good,Josh Team,30 May 2024,"('N/A', 'N/A')"
Anurag Negi,1,30 May 2024,Apps good and all but why you removed the feature of seeing the most popular videos of one channel?? Please bring back that sorting feature 🙏❤️,Josh Team,30 May 2024,329 people found this review helpful
Avijit Gherui,1,30 May 2024,Madhumlta,Josh Team,30 May 2024,"('N/A', 'N/A')"
Suraj The underworld don,4,30 May 2024,Really good for you,Josh Team,30 May 2024,"('N/A', 'N/A')"
Swati Patil,5,30 May 2024,🙂❤️🙂,Josh Team,30 May 2024,"('N/A', 'N/A')"
amrat pal,5,29 May 2024,Amritpal Singh,Josh Team,30 May 2024,"('N/A', 'N/A')"
Rohit Kumar,5,29 May 2024,Very good,Josh Team,30 May 2024,"('N/A', 'N/A')"
Samiran Majumder,5,29 May 2024,Samiran Majumdar,Josh Team,30 May 2024,"('N/A', 'N/A')"
Shafaisal Shafaisal,5,29 May 2024,So nice,Josh Team,30 May 2024,"('N/A', 'N/A')"
Naughty ràjä,2,29 May 2024,My videos reached more than 200k Views And more than 25k like but I don't have any dimond 🥴,Josh Team,30 May 2024,1 person found this review helpful
P,5,29 May 2024,Nice to see josh likes 😊 Update 2024 heart ..,Josh Team,30 May 2024,"('N/A', 'N/A')"
Divya Mskajaniya,5,29 May 2024,Osm nic katai zahar,Josh Team,29 May 2024,"('N/A', 'N/A')"
Jagannath Jena,3,29 May 2024,Grgtogr the day in onkoo koo koo k.okokm,Josh Team,29 May 2024,"('N/A', 'N/A')"
Shatrughan Kumar,5,29 May 2024,Good,Josh Team,29 May 2024,"('N/A', 'N/A')"
Rawaj Raj,5,28 May 2024,You,Josh Team,29 May 2024,"('N/A', 'N/A')"
DEATH Less,1,28 May 2024,So boring,Josh Team,29 May 2024,"('N/A', 'N/A')"
Saif,5,28 May 2024,Excellent and very good sometime I am free it's very helpful for me and it's worked for me,Josh Team,29 May 2024,20 people found this review helpful
Daleep Khaira,5,28 May 2024,josh is a good app i love you josh,Josh Team,29 May 2024,"('N/A', 'N/A')"
Salma Sultana,4,28 May 2024,I love my josh app,Josh Team,29 May 2024,"('N/A', 'N/A')"
Mohd Sahil,5,28 May 2024,Viral,Josh Team,29 May 2024,"('N/A', 'N/A')"
Indrajeet Kushwaha,3,28 May 2024,"M F g4ttc is d""",Josh Team,29 May 2024,"('N/A', 'N/A')"
Siva Arumugam,4,28 May 2024,super,Josh Team,29 May 2024,"('N/A', 'N/A')"
RAJU GAMER FF,5,28 May 2024,Nice apps,Josh Team,28 May 2024,"('N/A', 'N/A')"
Sunny Sunny,4,28 May 2024,Josh I phone 15 pro Max,Josh Team,28 May 2024,"('N/A', 'N/A')"
Shikh Arip,2,28 May 2024,😥😥😳😳😳🙏🙏🙏🙏🙏🙏🙏🙏🙏🙏🙏🙏❌❌❌😫😫😫😫😫,Josh Team,28 May 2024,"('N/A', 'N/A')"
Mirza Hibzur,5,28 May 2024,Nice aap,Josh Team,28 May 2024,"('N/A', 'N/A')"
Shaik Jaffer,5,28 May 2024,Just fun,Josh Team,28 May 2024,"('N/A', 'N/A')"
Lokesh Mudgal,5,28 May 2024,Good,Josh Team,28 May 2024,"('N/A', 'N/A')"
Raghu Ravi,4,28 May 2024,Nice,Josh Team,28 May 2024,"('N/A', 'N/A')"
Shiva Bhuyan,5,28 May 2024,Sivabhuyan,Josh Team,28 May 2024,"('N/A', 'N/A')"
Gourav Kumar,5,27 May 2024,Bahut badhiya,Josh Team,28 May 2024,"('N/A', 'N/A')"
Sharmila Shar,4,27 May 2024,Good,Josh Team,28 May 2024,"('N/A', 'N/A')"
Varsha Mishra,5,27 May 2024,Very nice and amazing app thanku so much josh love you so much,Josh Team,28 May 2024,4 people found this review helpful
Ramji Dhurve,5,27 May 2024,Veri naish,Josh Team,28 May 2024,"('N/A', 'N/A')"
Suraj Kumar,5,27 May 2024,I see Josh app and I am feeling natural energy 😔💕 thanks Josh 🙏 app,Josh Team,28 May 2024,1 person found this review helpful
Rohit Katiyar,1,27 May 2024,Bekar app hai New Generation ko Barbaad karne wali app hai,Josh Team,28 May 2024,"('N/A', 'N/A')"
Sadik Hussain Ansari,5,27 May 2024,Good I like this,Josh Team,28 May 2024,"('N/A', 'N/A')"
Happy boys a1,5,27 May 2024,Better than others,Josh Team,28 May 2024,"('N/A', 'N/A')"
Mukesh M,5,27 May 2024,Nice,Josh Team,28 May 2024,"('N/A', 'N/A')"
Santosh Gaikwad,5,27 May 2024,Excellent,Josh Team,28 May 2024,"('N/A', 'N/A')"
Dindayal Prasad,2,27 May 2024,Good,Josh Team,27 May 2024,"('N/A', 'N/A')"
Pulakanti Dhinesh,5,27 May 2024,Super app,Josh Team,27 May 2024,"('N/A', 'N/A')"
Amalesh Debnath,5,27 May 2024,I love it ❤,Josh Team,27 May 2024,"('N/A', 'N/A')"
Rohit,5,27 May 2024,Best app I ever seen Bohot accha app hai Instagram se bhi jyada achha AP hai More good than instagram,Josh Team,27 May 2024,"('N/A', 'N/A')"
Nenu Ram,1,27 May 2024,Love,Josh Team,27 May 2024,"('N/A', 'N/A')"
Begum naseem,5,27 May 2024,Nice,Josh Team,27 May 2024,"('N/A', 'N/A')"
Parmar Manish,5,26 May 2024,Nice,Josh Team,27 May 2024,"('N/A', 'N/A')"
Kartik Tanty,5,26 May 2024,It is offline his data cota is finish but play rells,Josh Team,27 May 2024,"('N/A', 'N/A')"
Nisha Falwariya,4,26 May 2024,Good,Josh Team,26 May 2024,"('N/A', 'N/A')"
Rubina Shaikh,5,26 May 2024,very good app,Josh Team,26 May 2024,"('N/A', 'N/A')"
Arvind Kumar,5,26 May 2024,🙏🙏🙏,Josh Team,26 May 2024,"('N/A', 'N/A')"
ankush Kumar,5,26 May 2024,Good 👍,Josh Team,26 May 2024,"('N/A', 'N/A')"
Santi Guja,5,26 May 2024,Uenejru,Josh Team,26 May 2024,"('N/A', 'N/A')"
Nayum Ansari,5,26 May 2024,Jjiii,Josh Team,26 May 2024,"('N/A', 'N/A')"
Music Vitamin,5,26 May 2024,Very nice app,Josh Team,26 May 2024,"('N/A', 'N/A')"
Deepak1122,5,25 May 2024,Good apps,Josh Team,26 May 2024,"('N/A', 'N/A')"
Mohd Danish,1,25 May 2024,"A Z,zzwydz.💕we 🚌🚌🚌wi",Josh Team,26 May 2024,"('N/A', 'N/A')"
Pranaykumar Nagadasri,5,25 May 2024,excellent,Josh Team,26 May 2024,"('N/A', 'N/A')"
ST AB,5,25 May 2024,Very good,Josh Team,26 May 2024,"('N/A', 'N/A')"
Niraj Kumar,4,25 May 2024,Very nice AAP,Josh Team,26 May 2024,"('N/A', 'N/A')"
Suresh kumar,5,25 May 2024,Good,Josh Team,26 May 2024,"('N/A', 'N/A')"
Islam Uddin,5,25 May 2024,Faeem Bhai,Josh Team,26 May 2024,"('N/A', 'N/A')"
Parasappa Gondi,5,25 May 2024,ಸೂಪರ್,Josh Team,25 May 2024,"('N/A', 'N/A')"
Manisha Kumari,5,25 May 2024,Thnx for you Josh,Josh Team,25 May 2024,"('N/A', 'N/A')"
Harsh Kushwaha,5,25 May 2024,Badhiya,Josh Team,25 May 2024,"('N/A', 'N/A')"
Amal Amalraj,5,25 May 2024,❤️,Josh Team,25 May 2024,"('N/A', 'N/A')"
Eshwar kumar,1,25 May 2024,There in this app the waist videos about the girls in live very very very very very very very very very very very very very very very very very very very very bad,Josh Team,25 May 2024,"('N/A', 'N/A')"
Aman kumar Chaudhary,5,25 May 2024,Good,Josh Team,25 May 2024,"('N/A', 'N/A')"
Dheeraj Singh,5,25 May 2024,Nice 🙂,Josh Team,25 May 2024,"('N/A', 'N/A')"
Sowmya,5,25 May 2024,Super,Josh Team,25 May 2024,"('N/A', 'N/A')"
Aarti Govind Aarti Govind,5,24 May 2024,✔️✔️✔️✔️✔️,Josh Team,25 May 2024,"('N/A', 'N/A')"
Gulshan Rai Dutta,5,24 May 2024,Nice and entertaining,Josh Team,25 May 2024,"('N/A', 'N/A')"
Ramaudh Singh,5,24 May 2024,Excellent application for entertainment,Josh Team,25 May 2024,4 people found this review helpful
Suresh Duggi,1,24 May 2024,increase Jems Purchase Prices,Josh Team,25 May 2024,"('N/A', 'N/A')"
Bilal Shah,5,24 May 2024,Supar,Josh Team,24 May 2024,"('N/A', 'N/A')"
Sachin Gupta,4,24 May 2024,Nice 👍,Josh Team,24 May 2024,"('N/A', 'N/A')"
Nitin Wankhede,4,24 May 2024,Good,Josh Team,24 May 2024,"('N/A', 'N/A')"
Naga Nagaraja,5,24 May 2024,Good,Josh Team,24 May 2024,"('N/A', 'N/A')"
Anand pandya,3,24 May 2024,Very nice,Josh Team,24 May 2024,"('N/A', 'N/A')"
SUPRAMANI UTR,5,24 May 2024,Not Lage,Josh Team,24 May 2024,"('N/A', 'N/A')"
Sandeep Raj,4,24 May 2024,Nice,Josh Team,24 May 2024,"('N/A', 'N/A')"
Vinod Kumar,5,24 May 2024,Divyansh Kumar,Josh Team,24 May 2024,"('N/A', 'N/A')"
Jagannath Jagannath saha,5,23 May 2024,Jai shree Ram,Josh Team,24 May 2024,"('N/A', 'N/A')"
Saif Bhai,5,23 May 2024,Nice aaps,Josh Team,24 May 2024,"('N/A', 'N/A')"
Rohit Saxena,5,23 May 2024,Sachin Asd,Josh Team,24 May 2024,"('N/A', 'N/A')"
A ANBUMANI,5,23 May 2024,Awesome now more changes to josh.. super,Josh Team,24 May 2024,"('N/A', 'N/A')"
Ak its story fact,5,23 May 2024,Best earning app Josh,Josh Team,23 May 2024,"('N/A', 'N/A')"
PRITAM BASAK,5,23 May 2024,I like ❣️ you,Josh Team,23 May 2024,"('N/A', 'N/A')"
cricket pandith,1,23 May 2024,"worst app for short video. 1 star is least I can gave, otherwise this app deserve rating in minus. -10 star out of 5star",Josh Team,23 May 2024,30 people found this review helpful
ysh Parkash,5,23 May 2024,❤️,Josh Team,23 May 2024,"('N/A', 'N/A')"
Mahabir Goswami,1,23 May 2024,Very Bed update,Josh Team,23 May 2024,"('N/A', 'N/A')"
Reddy shekar,5,22 May 2024,Super one problem dimends coming not please my chanel dimends coming My chanel name village boys,Josh Team,23 May 2024,"('N/A', 'N/A')"
Mansoor Mohamed,5,22 May 2024,Bust,Josh Team,23 May 2024,"('N/A', 'N/A')"
komal Kumari,5,22 May 2024,👌🏻👌🏻,Josh Team,23 May 2024,"('N/A', 'N/A')"
Gogon Mech,5,22 May 2024,This app has no case.and this app was very good,Josh Team,23 May 2024,"('N/A', 'N/A')"
Thala Damo,4,22 May 2024,Super enjoying,Josh Team,22 May 2024,"('N/A', 'N/A')"
RAJASEKAHR Gujarathi,5,22 May 2024,మై జోస్ మై లైఫ్. Artist,Josh Team,22 May 2024,"('N/A', 'N/A')"
Ramar Lakshmi,5,22 May 2024,I like,Josh Team,22 May 2024,"('N/A', 'N/A')"
Karan Kandoriya,1,22 May 2024,Lot of issue,Josh Team,22 May 2024,"('N/A', 'N/A')"
Navamani Sundaramoorthy,5,22 May 2024,Nice,Josh Team,22 May 2024,"('N/A', 'N/A')"
Kajal Ali,5,22 May 2024,App is good,Josh Team,22 May 2024,"('N/A', 'N/A')"
Jcharlespaul P.bhaskerjeyaraj,5,22 May 2024,OK. Thanks,Josh Team,22 May 2024,"('N/A', 'N/A')"
Ramkesh Prajapati,5,22 May 2024,Bahut badhiya hai Bhai log,Josh Team,22 May 2024,"('N/A', 'N/A')"
Raj Kishor,5,21 May 2024,very nice,Josh Team,22 May 2024,"('N/A', 'N/A')"
Krishna kumar,5,21 May 2024,Good,Josh Team,21 May 2024,"('N/A', 'N/A')"
Krish na,4,21 May 2024,Good,Josh Team,21 May 2024,"('N/A', 'N/A')"
Mahendra Prasad Gupta,3,21 May 2024,Mahendra Prasad,Josh Team,21 May 2024,"('N/A', 'N/A')"
Rashid Alam,4,21 May 2024,Ok app,Josh Team,21 May 2024,"('N/A', 'N/A')"
Rajitha Mandala,3,21 May 2024,Very bad 👎👎👎👎👎👎👎👎👎🦹👎👎👎👎👎👎👎👎👎👎👎👎👎🦹🦹🦹👎🦹🦹🦹🦹🦹🦹🦹🦹🦹🦹🦹🦹🦹🦹🦹🦹🦹🦹🦹🦹🦹🦹🦹🦹,Josh Team,21 May 2024,"('N/A', 'N/A')"
Dambaru Senapati,5,21 May 2024,Live ❤️♥️♥️♥️lll,Josh Team,21 May 2024,"('N/A', 'N/A')"
Thair Jassim,5,20 May 2024,Good,Josh Team,21 May 2024,"('N/A', 'N/A')"
Sonu Raza,5,20 May 2024,Good,Josh Team,21 May 2024,"('N/A', 'N/A')"
Raja Hussain,5,20 May 2024,5 sal ka,Josh Team,21 May 2024,"('N/A', 'N/A')"
riya raj,5,20 May 2024,Nice,Josh Team,21 May 2024,"('N/A', 'N/A')"
Sumed Agrawal,1,20 May 2024,Video save to video disable option not given,Josh Team,21 May 2024,"('N/A', 'N/A')"
Sukumar Jana,5,20 May 2024,India very good mind-blowing app,Josh Team,21 May 2024,"('N/A', 'N/A')"
PRAGNESH VYAS,5,20 May 2024,application name is good Josh thats only matter for me,Josh Team,21 May 2024,"('N/A', 'N/A')"
Maddy Gautam,4,20 May 2024,Ab coin nhi mil Raha hai mere ko earning nhi ho Rahi hai like to mil Raha hai,Josh Team,21 May 2024,"('N/A', 'N/A')"
Raj roy Sharma,5,20 May 2024,Nice apo,Josh Team,21 May 2024,"('N/A', 'N/A')"
Sanku Das,5,20 May 2024,Josh app is very very good app excellent. My 3years 6month experience josh app me Very nice,Josh Team,20 May 2024,2 people found this review helpful
zeeshan . ali_07,5,20 May 2024,Nice app,Josh Team,20 May 2024,"('N/A', 'N/A')"
Aman Shah,5,20 May 2024,I like this app,Josh Team,20 May 2024,"('N/A', 'N/A')"
Nitesh Tripathi,3,20 May 2024,Very nice app.,Josh Team,20 May 2024,"('N/A', 'N/A')"
Neha Raikwar,4,20 May 2024,It's very good app and best videos app,Josh Team,20 May 2024,5 people found this review helpful
Shazim Husain,5,20 May 2024,Fabulous,Josh Team,20 May 2024,"('N/A', 'N/A')"
Debendra Odia,2,20 May 2024,Nice,Josh Team,20 May 2024,"('N/A', 'N/A')"
Sailesh Kumar,4,19 May 2024,Running properly,Josh Team,20 May 2024,"('N/A', 'N/A')"
samret samret,2,19 May 2024,Chandu,Josh Team,20 May 2024,"('N/A', 'N/A')"
Keerti Mssheelvantar,5,19 May 2024,I like it,Josh Team,20 May 2024,"('N/A', 'N/A')"
Shambh,5,19 May 2024,SHAMBHU MUKHIYA HI,Josh Team,19 May 2024,"('N/A', 'N/A')"
Nikita Sarkar,5,19 May 2024,Very nice app ❤️,Josh Team,19 May 2024,"('N/A', 'N/A')"
azarudeen Azarudeen,5,19 May 2024,Super,Josh Team,19 May 2024,"('N/A', 'N/A')"
Arun Roy,1,19 May 2024,Auehray,Josh Team,19 May 2024,"('N/A', 'N/A')"
Sanjay Sharma,5,19 May 2024,Bad,Josh Team,19 May 2024,"('N/A', 'N/A')"
rajnish ratnakar,5,19 May 2024,Mera pramotion karwa dijiye,Josh Team,19 May 2024,"('N/A', 'N/A')"
Payal Mm,5,18 May 2024,Nice achh laga aj,Josh Team,19 May 2024,"('N/A', 'N/A')"
Richa Bhatnagar,5,18 May 2024,Greatest aap,Josh Team,19 May 2024,"('N/A', 'N/A')"
MLN SARMA,5,18 May 2024,Excellent,Josh Team,19 May 2024,"('N/A', 'N/A')"
Your Sunshine,5,18 May 2024,Nice 🙂,Josh Team,18 May 2024,"('N/A', 'N/A')"
Ayush Goyal,1,18 May 2024,Bilkul hi bekar aap h Isse aacha to koi game khelo,Josh Team,18 May 2024,"('N/A', 'N/A')"
kinjal p barot,5,18 May 2024,☺️🫠,Josh Team,18 May 2024,"('N/A', 'N/A')"
Jyoti Pandey,5,18 May 2024,Best,Josh Team,18 May 2024,"('N/A', 'N/A')"
Nadeem Qureshi,1,18 May 2024,".X mar,xq f",Josh Team,18 May 2024,"('N/A', 'N/A')"
Abhishek bhai Abhishek,5,18 May 2024,Op,Josh Team,18 May 2024,"('N/A', 'N/A')"
Pratik Saha,5,17 May 2024,Super 😉🤩,Josh Team,18 May 2024,"('N/A', 'N/A')"
Nanda Nanda,5,17 May 2024,❤,Josh Team,18 May 2024,"('N/A', 'N/A')"
Raja__funny M,5,17 May 2024,Very good apk I'm using application and 1 years work so 150k diamond encourage Think you 🖤🙂,Josh Team,18 May 2024,"('N/A', 'N/A')"
Jayasree Arumugam,1,17 May 2024,No need,Josh Team,18 May 2024,"('N/A', 'N/A')"
Pintu Kumar Nuruddin Pur Pintu Kumar Nuruddin Pur (Pintu Kumar Nuruddin Pur),5,17 May 2024,Pintu Kumar Singh,Josh Team,18 May 2024,"('N/A', 'N/A')"
SHAIKH SAEED AHAMAD JAINULABEDDIN,5,17 May 2024,Amazing,Josh Team,18 May 2024,"('N/A', 'N/A')"
Ramkaran Meena,5,17 May 2024,Excellent 👌 app,Josh Team,18 May 2024,"('N/A', 'N/A')"
Md Rehan,5,17 May 2024,Nice app,Josh Team,18 May 2024,"('N/A', 'N/A')"
Chuman Prasad,5,17 May 2024,Good day song happy birthday party and chuman guns and chuman guns and chuman guns and chuman guns and chuman guns and chuman guns and chuman guns and chuman guns and chuman guns are the only one t shirt and the other day w,Josh Team,17 May 2024,"('N/A', 'N/A')"
Yeanky Dhiman,5,17 May 2024,Nice app,Josh Team,17 May 2024,"('N/A', 'N/A')"
Junad Laskar,5,17 May 2024,Junaid Ixr1 💕💕💓,Josh Team,17 May 2024,"('N/A', 'N/A')"
Seema Bairwa,5,17 May 2024,Good video,Josh Team,17 May 2024,"('N/A', 'N/A')"
Urmila Yadav,5,17 May 2024,Abhishek,Josh Team,17 May 2024,"('N/A', 'N/A')"
Anshu Varshney,5,16 May 2024,Good 👍,Josh Team,17 May 2024,"('N/A', 'N/A')"
Gopi Challa,5,16 May 2024,Plece gift me and support me,Josh Team,17 May 2024,"('N/A', 'N/A')"
Himmat Gameti,4,16 May 2024,Nice,Josh Team,17 May 2024,"('N/A', 'N/A')"
Itz Ronny,5,16 May 2024,Best app,Josh Team,17 May 2024,"('N/A', 'N/A')"
Kiran pacchi editing channel,5,16 May 2024,Nic,Josh Team,16 May 2024,"('N/A', 'N/A')"
Mahadeo Devkar,4,16 May 2024,Super josh app,Josh Team,16 May 2024,"('N/A', 'N/A')"
Lakshmi Narayan Behera,1,16 May 2024,Download failed,Josh Team,16 May 2024,"('N/A', 'N/A')"
Rohim da,5,16 May 2024,Good apps,Josh Team,16 May 2024,"('N/A', 'N/A')"
Manu Dhand,5,16 May 2024,Nice video,Josh Team,16 May 2024,"('N/A', 'N/A')"
Sajid Khan,4,16 May 2024,Bad,Josh Team,16 May 2024,"('N/A', 'N/A')"
Zahida Firdousi,3,16 May 2024,"Best platform and app, entertainment, funny... videos...for josh..❣️",Josh Team,16 May 2024,9 people found this review helpful
Neeharika Meena,5,16 May 2024,Small issue when uploaded vedio it's get moderate request review solve issue Every thing is good,Josh Team,16 May 2024,52 people found this review helpful
Monika Monika paul,5,16 May 2024,Nice aap,Josh Team,16 May 2024,"('N/A', 'N/A')"
Boss Prince,5,15 May 2024,It is good Josh my view and follower is fast gro,Josh Team,16 May 2024,6 people found this review helpful
Ashwini Reddy,5,15 May 2024,Exllent,Josh Team,16 May 2024,"('N/A', 'N/A')"
Omkar Tailor,3,15 May 2024,Super,Josh Team,16 May 2024,"('N/A', 'N/A')"
Raj Kumar,5,15 May 2024,Rajkumar,Josh Team,16 May 2024,"('N/A', 'N/A')"
Mani Mass,5,15 May 2024,Very good app,Josh Team,16 May 2024,"('N/A', 'N/A')"
Ratan Singh,5,15 May 2024,Superb josh app💫,Josh Team,16 May 2024,"('N/A', 'N/A')"
jafar khan,5,15 May 2024,Jafar,Josh Team,15 May 2024,"('N/A', 'N/A')"
Raja Raja,5,15 May 2024,Super,Josh Team,15 May 2024,"('N/A', 'N/A')"
Rajeev Ramani,4,15 May 2024,Ok,Josh Team,15 May 2024,"('N/A', 'N/A')"
Farman Ali,5,15 May 2024,Excellent,Josh Team,15 May 2024,"('N/A', 'N/A')"
Abhishek Kumar,4,15 May 2024,Good app,Josh Team,15 May 2024,9 people found this review helpful
Manoj Patil,5,15 May 2024,👍👍👍😍,Josh Team,15 May 2024,"('N/A', 'N/A')"
ER ABHAY RANA,5,15 May 2024,"Amazing app for fun and enjoy videos,",Josh Team,15 May 2024,5 people found this review helpful
Vasant Ramdas Magar,5,15 May 2024,Nice Josh,Josh Team,15 May 2024,"('N/A', 'N/A')"
Pippari Gangadhar,5,15 May 2024,My posts not viraled why before my posts 1 lakh above viwers 20k likes but now not coming,Josh Team,15 May 2024,15 people found this review helpful
Batting_ Raja (Batting_raja_1153),5,15 May 2024,Super app,Josh Team,15 May 2024,"('N/A', 'N/A')"
aman Yadav1929,5,15 May 2024,Dear josh My account m veiw nhi aa raha h Nhi veiw aa raha h plz account check Kar Jaya,Josh Team,15 May 2024,"('N/A', 'N/A')"
Mohammed Kareem,3,14 May 2024,Yas,Josh Team,15 May 2024,"('N/A', 'N/A')"
Sameer Rana,5,14 May 2024,Fantastic,Josh Team,15 May 2024,"('N/A', 'N/A')"
Surajyadav Surajkumaryadav,5,14 May 2024,Nice to aap,Josh Team,15 May 2024,"('N/A', 'N/A')"
The Sani Singh,2,14 May 2024,First I thought it was a good platform for small creator to grow and I know that i post videos everyday and it helps me a lot to grow now I have a 3.4k followers with 10k views in every post but after some times I was busy in my work so I don't posting videos and one day I posted a video then I see the views is not increasing then I realised my account is freezed so please Josh team if you are seeing this then please solve my problem it's a request from a small creator 💗 thank u,Josh Team,15 May 2024,2 people found this review helpful
Shahnwaz Dhunna,5,14 May 2024,Amezing,Josh Team,15 May 2024,"('N/A', 'N/A')"
Kamlesh Jat,5,14 May 2024,Good,Josh Team,15 May 2024,"('N/A', 'N/A')"
Gupta Sarvice Center,5,14 May 2024,Good,Josh Team,15 May 2024,"('N/A', 'N/A')"
Divyansh Raj KISHOR,3,14 May 2024,Good,Josh Team,14 May 2024,"('N/A', 'N/A')"
Koyel Barui,5,14 May 2024,Nice👏,Josh Team,14 May 2024,"('N/A', 'N/A')"
Maha kali puja Seva sansthan,4,14 May 2024,Very nice,Josh Team,14 May 2024,"('N/A', 'N/A')"
Yogesh Dwivedi,5,14 May 2024,Josh app is full of Entertainment.,Josh Team,14 May 2024,"('N/A', 'N/A')"
Realme Babu,5,14 May 2024,Super,Josh Team,14 May 2024,"('N/A', 'N/A')"
MrPintu KumarRaj,5,14 May 2024,Good,Josh Team,14 May 2024,"('N/A', 'N/A')"
Mighty Montu,5,14 May 2024,"Josh app is very good, I enjoy it, I have been using Josh app for 3-4 years, I am continuously uploading videos, but since few days, the richness of my Josh ID has been reduced completely. The gifts of Creator Pro have also reduced. The video has also gone viral, please find some solution. Thank you.",Josh Team,14 May 2024,"1,078 people found this review helpful"
Sisir Karmakar,5,14 May 2024,no data,Josh Team,14 May 2024,"('N/A', 'N/A')"
Azad India News,5,13 May 2024,Good,Josh Team,14 May 2024,"('N/A', 'N/A')"
Pavan t,4,13 May 2024,Full of fun videos 👍,Josh Team,14 May 2024,1 person found this review helpful
Dungavath sunitha bai,1,13 May 2024,Are You playing Cheap tricks with Me. From 1year I'm not gaining at least 50followers.Please let me gain followers. I'm posting upto 4videos daily. BUT THERE IS NO FOLLOWERS.please fix these two problems then i give 5 🌟 ratings. Please pay attention to my problem.,Josh Team,14 May 2024,242 people found this review helpful
Kittu Kittu,5,13 May 2024,Good,Josh Team,14 May 2024,"('N/A', 'N/A')"
Tangella Ramanimani,5,13 May 2024,Wowwwww suuuupar,Josh Team,13 May 2024,"('N/A', 'N/A')"
Mamta Suraj Keer,5,13 May 2024,Video uploaded best virl app,Josh Team,13 May 2024,"('N/A', 'N/A')"
Daddy royal,5,13 May 2024,Super,Josh Team,13 May 2024,"('N/A', 'N/A')"
domale Omkar,1,12 May 2024,Not a good,Josh Team,13 May 2024,"('N/A', 'N/A')"
Tikshan Chauhan,5,12 May 2024,Upload karte waqt bahut problem ho raha hai please new update lao,Josh Team,13 May 2024,"('N/A', 'N/A')"
તસરીમ સીદી,4,12 May 2024,I like this site,Josh Team,13 May 2024,"('N/A', 'N/A')"
Rajkumar Jagadale,5,12 May 2024,Super tired,Josh Team,12 May 2024,"('N/A', 'N/A')"
Baiju Thayyil,5,12 May 2024,Good,Josh Team,12 May 2024,"('N/A', 'N/A')"
Mohan b.s Mohan b.s,5,12 May 2024,Super,Josh Team,12 May 2024,"('N/A', 'N/A')"
SARIFUL ISLAM,5,12 May 2024,Good,Josh Team,12 May 2024,"('N/A', 'N/A')"
Atul yadav,5,11 May 2024,Good app but please help me by make my videos viral and to get more account reach.😔😔🙏🙏,Josh Team,12 May 2024,544 people found this review helpful
Nazia Fatima,5,11 May 2024,good,Josh Team,12 May 2024,"('N/A', 'N/A')"
Vijay Bhanu,5,11 May 2024,Good,Josh Team,12 May 2024,"('N/A', 'N/A')"
Perity Jaswal,5,11 May 2024,Hindi language,Josh Team,11 May 2024,"('N/A', 'N/A')"
Karan Barde,5,11 May 2024,Good 👍👍😊😊😊,Josh Team,11 May 2024,"('N/A', 'N/A')"
ramesh raghunathan,5,11 May 2024,Innovative,Josh Team,11 May 2024,"('N/A', 'N/A')"
Ankit Kumar,4,11 May 2024,Aasawszzasss,Josh Team,11 May 2024,"('N/A', 'N/A')"
Md ayaz,5,11 May 2024,Nice app very nice guys welcome to josh Good app,Josh Team,11 May 2024,"('N/A', 'N/A')"
Gulam Mustafa,5,11 May 2024,Good,Josh Team,11 May 2024,"('N/A', 'N/A')"
nilesh kusumakar,5,10 May 2024,Nyc app,Josh Team,11 May 2024,"('N/A', 'N/A')"
Neelam Rani,5,10 May 2024,Iuuas,Josh Team,11 May 2024,"('N/A', 'N/A')"
Kishor Bind,5,10 May 2024,Josh app Ek bahut hi Achcha application Hai Jis per aap short videos upload kar sakte hain Is Pyar Ke like aur followers bhi padhte hain aur aapke video per view bhi Aata Hai please aap sab log is application ko upload kijiye aur aap log bhi video banaaiye thank you Joseph,Josh Team,11 May 2024,"('N/A', 'N/A')"
Suraj Sen,5,10 May 2024,"Very good experience I m very happy with this performance ,videos uploading very easily, just looking like a wow 😎",Josh Team,11 May 2024,75 people found this review helpful
Rajesh Barua,5,10 May 2024,Beautiful,Josh Team,10 May 2024,"('N/A', 'N/A')"
Nandlal Kushwaha,5,10 May 2024,Good,Josh Team,10 May 2024,"('N/A', 'N/A')"
Prabhati Lal Yogi,5,10 May 2024,Nice app,Josh Team,10 May 2024,"('N/A', 'N/A')"
Elias Mondal Elias Mondal,5,9 May 2024,Good job,Josh Team,10 May 2024,"('N/A', 'N/A')"
Raman Sagar,1,9 May 2024,👍👍,Josh Team,10 May 2024,"('N/A', 'N/A')"
Radheshayam Mali,5,9 May 2024,Very Good Josh application made in India. Thanks Josh team . Hello Josh team Please verify my account,Josh Team,9 May 2024,"('N/A', 'N/A')"
swati nair,5,9 May 2024,best app,Josh Team,9 May 2024,"('N/A', 'N/A')"
pushpa kumari,5,9 May 2024,Arbh brew,Josh Team,9 May 2024,"('N/A', 'N/A')"
Sanjib Kumar,5,9 May 2024,Good,Josh Team,9 May 2024,"('N/A', 'N/A')"
Anshika Shukla,5,9 May 2024,Wow... Josh video,Josh Team,9 May 2024,"('N/A', 'N/A')"
Ankush Arsule,5,9 May 2024,Good,Josh Team,9 May 2024,"('N/A', 'N/A')"
SP GAMMING YT,5,9 May 2024,Op,Josh Team,9 May 2024,"('N/A', 'N/A')"
Duli Ram Advocate,3,9 May 2024,Huuu,Josh Team,9 May 2024,"('N/A', 'N/A')"
Ziarul Islam,5,8 May 2024,Ok,Josh Team,9 May 2024,"('N/A', 'N/A')"
Shishu pal,5,8 May 2024,Shishu pal 2025,Josh Team,9 May 2024,"('N/A', 'N/A')"
Satya Singh,5,8 May 2024,Sst tavar,Josh Team,9 May 2024,"('N/A', 'N/A')"
Enola,1,8 May 2024,good app,Josh Team,9 May 2024,"('N/A', 'N/A')"
Jaison Varghese,4,8 May 2024,Better than moj app full entertainment,Josh Team,9 May 2024,"('N/A', 'N/A')"
Ashwin Ramdjas,5,8 May 2024,The best,Josh Team,8 May 2024,1 person found this review helpful
Sajida Yesmin Barbhuiya,4,8 May 2024,This app is good but it was a problem bugs plz fix it,Josh Team,8 May 2024,1 person found this review helpful
Chetan Gohil,5,8 May 2024,A joy full expirience like some of that my world my family my closest friends i fully enjoyed this app i recomended this app are great and my family also enjoyed this app,Josh Team,8 May 2024,1 person found this review helpful
Sohail Khan,1,8 May 2024,Aamir,Josh Team,8 May 2024,"('N/A', 'N/A')"
Ajay Singh,5,7 May 2024,So nose,Josh Team,8 May 2024,"('N/A', 'N/A')"
ranjana maurya,5,7 May 2024,Nice 🙂,Josh Team,8 May 2024,"('N/A', 'N/A')"
Mesbaul Saikh,1,7 May 2024,Not chose bad experience,Josh Team,8 May 2024,"('N/A', 'N/A')"
Kamal Barman,5,7 May 2024,Ok,Josh Team,8 May 2024,"('N/A', 'N/A')"
Monti. Max,5,7 May 2024,Good is josh app,Josh Team,8 May 2024,"('N/A', 'N/A')"
Bablu Nayak,5,7 May 2024,best app,Josh Team,8 May 2024,"('N/A', 'N/A')"
Immu Immu,4,7 May 2024,Nice,Josh Team,7 May 2024,"('N/A', 'N/A')"
Shahin Sikder,5,7 May 2024,Super app,Josh Team,7 May 2024,"('N/A', 'N/A')"
Renuka Ingle1,5,7 May 2024,Mast🤣🤣🤣😅,Josh Team,7 May 2024,"('N/A', 'N/A')"
Gopi Singh,5,7 May 2024,गव4च्फ्च्ववग3वग4व6व्च्ववववच3þğफ फđ438ज़्व्च88गग,Josh Team,7 May 2024,"('N/A', 'N/A')"
Karan Koli,5,6 May 2024,Nice ☺️ app,Josh Team,7 May 2024,"('N/A', 'N/A')"
Neeraj Kumar,5,6 May 2024,Best app for short video.. very nice,Josh Team,7 May 2024,1 person found this review helpful
Blokbaster movis,5,6 May 2024,Best Application,Josh Team,7 May 2024,"('N/A', 'N/A')"
Pal Jii,1,6 May 2024,Use ni kiya hai,Josh Team,7 May 2024,"('N/A', 'N/A')"
Hdnd,4,6 May 2024,M.babu. Charan,Josh Team,7 May 2024,"('N/A', 'N/A')"
Dr.Vinoy T Issac,5,6 May 2024,Super app for social enrollment.,Josh Team,7 May 2024,"('N/A', 'N/A')"
Varshith Kura,5,6 May 2024,Super,Josh Team,7 May 2024,"('N/A', 'N/A')"
Satya Prakash baral,3,6 May 2024,Good but fiue days viue not come in my video,Josh Team,7 May 2024,"('N/A', 'N/A')"
Gopal acting short video,5,6 May 2024,Very Nice platform I'm Very interested,Josh Team,7 May 2024,1 person found this review helpful
Javed Ahmad,1,6 May 2024,Bad,Josh Team,6 May 2024,"('N/A', 'N/A')"
Paramjit Sran,5,6 May 2024,Good,Josh Team,6 May 2024,"('N/A', 'N/A')"
Kvs Reddy,5,6 May 2024,Good,Josh Team,6 May 2024,"('N/A', 'N/A')"
Mukesh Pawar,5,6 May 2024,😍It's🤩 a 🥰good😘 thing🤗 that ❤️everyone😊 see😁,Josh Team,6 May 2024,"('N/A', 'N/A')"
Rithes KUMAR,5,6 May 2024,Ak_Rithish _poy😈👑👑😈,Josh Team,6 May 2024,"('N/A', 'N/A')"
Ristu kumar,5,5 May 2024,Nice apps,Josh Team,6 May 2024,"('N/A', 'N/A')"
Asif Khan,5,5 May 2024,Good,Josh Team,6 May 2024,"('N/A', 'N/A')"
Naval Kishore Kalra,5,5 May 2024,Good App,Josh Team,6 May 2024,"('N/A', 'N/A')"
Kissan Kevat,5,5 May 2024,Kishoon kevat,Josh Team,6 May 2024,"('N/A', 'N/A')"
Adi,4,5 May 2024,Very very good. Beautiful wow😊☺️😊😀😄😁😆,Josh Team,6 May 2024,"('N/A', 'N/A')"
Sukhen Dalui,5,5 May 2024,नाइस जोश,Josh Team,5 May 2024,"('N/A', 'N/A')"
Yt Raju,4,5 May 2024,Useful Application form of the image and videos Creater,Josh Team,5 May 2024,"('N/A', 'N/A')"
Radhey shyam gurjar,5,5 May 2024,Nice app super entertainment,Josh Team,5 May 2024,"('N/A', 'N/A')"
Gangaram Chandani,5,4 May 2024,Sssssssss4 ok sssssss😚😚,Josh Team,5 May 2024,"('N/A', 'N/A')"
Susheel Kapoor,4,4 May 2024,Owsem,Josh Team,5 May 2024,"('N/A', 'N/A')"
MAWAI STAR CHANNEL,4,4 May 2024,Good,Josh Team,5 May 2024,"('N/A', 'N/A')"
SHRIRAM KALE,5,4 May 2024,Nice app,Josh Team,5 May 2024,"('N/A', 'N/A')"
Harsh Singh,5,4 May 2024,My maugham not see it but I am say it,Josh Team,5 May 2024,"('N/A', 'N/A')"
Ammu Magesh,5,4 May 2024,14rtag,Josh Team,5 May 2024,"('N/A', 'N/A')"
balamurugan k,5,4 May 2024,Nice,Josh Team,5 May 2024,"('N/A', 'N/A')"
Veeru Vs diwana,5,4 May 2024,Veeru banjara,Josh Team,5 May 2024,"('N/A', 'N/A')"
Narm Know,1,4 May 2024,Not enough to make sure that make my video 📷📸📸 hi result of exam environmental engineering and technology University in our English Hindi dictionary you tell some thing is sitting at the sun is sitting at home 🏡🏠 ok thanks a discription buy a discription for the sun ☀️🌞 hi gya tha aur login kar lo tum apni maa ki link du kya tha aur dhin hi gya hi result check out the sun ☀️☀️ hi result in the sun and ufo hi result of exam environmental and economic growth of exam environmental engineering,Josh Team,5 May 2024,"('N/A', 'N/A')"
Sapna Bairagi,5,3 May 2024,i really liked 🤩😍my favourite app josh But my one request for josh costomer plz make my video viral Thank you,Josh Team,5 May 2024,"('N/A', 'N/A')"
Naresh lx,5,3 May 2024,Hiiii bhai like this watching video,Josh Team,5 May 2024,"('N/A', 'N/A')"
Hemant Chauhan,1,3 May 2024,This app is not correct just because my two personal Videos can be block my videos than two videos can be not copyright videos i have objection for this app your authorities is very slow level poor level It can be not best app Just because i have object to the video supporter it can be not decide deccsion can be suggest the peoples and owners of profile 🤬🤬🤬🤬🤬🤬🤬🤬🤬🤬🤬,Josh Team,3 May 2024,2 people found this review helpful
Solanki Priya Solanki Priya,3,3 May 2024,My choij,Josh Team,3 May 2024,"('N/A', 'N/A')"
Sk Raj,1,3 May 2024,Very very very very very very very very bad app,Josh Team,3 May 2024,"('N/A', 'N/A')"
Veneet Sachan,5,3 May 2024,Vineet Kumar,Josh Team,3 May 2024,"('N/A', 'N/A')"
Animesh Roy,5,3 May 2024,Wow nice pic da and all the best for,Josh Team,3 May 2024,"('N/A', 'N/A')"
Badshah -995,1,3 May 2024,Josh Naeci,Josh Team,3 May 2024,"('N/A', 'N/A')"
Gagandeep Singh,5,2 May 2024,Nice platform,Josh Team,3 May 2024,"('N/A', 'N/A')"
Jatin kumar,5,2 May 2024,Nice 🥰🥰,Josh Team,2 May 2024,"('N/A', 'N/A')"
Shivendra Shah,1,2 May 2024,this app is very ghatiya,Josh Team,2 May 2024,"('N/A', 'N/A')"
Ashfak Khan,5,2 May 2024,Viral josh app,Josh Team,2 May 2024,"('N/A', 'N/A')"
Shorab Saini,5,2 May 2024,Please mere bure ko English kariye,Josh Team,2 May 2024,"('N/A', 'N/A')"
Vimmy Goyal,5,1 May 2024,Wow,Josh Team,2 May 2024,"('N/A', 'N/A')"
Nagendra D,5,1 May 2024,Very 💯 good app 👍 bro.,Josh Team,2 May 2024,"('N/A', 'N/A')"
Saumya Chaudhary,5,1 May 2024,Good app,Josh Team,2 May 2024,"('N/A', 'N/A')"
Kabir Shukla,5,1 May 2024,Sup,Josh Team,2 May 2024,"('N/A', 'N/A')"
Sita Chettri,3,1 May 2024,I'm not happy😞 because my views like and followers down not increase 😢,Josh Team,2 May 2024,"('N/A', 'N/A')"
Hiralal kumar saw Hiralal,3,1 May 2024,Hiralal kumar saw@ जीमेल com,Josh Team,1 May 2024,"('N/A', 'N/A')"
Siddharth Budholiya,1,1 May 2024,totally worst app creator create video and upload in Josh but not a good result in this worst app. If anyone wants use this app for short video and earn money urgently to this app so please don't use this app in my suggestion because I'm work last 1 year and not a good result to this app.,Josh Team,1 May 2024,2 people found this review helpful
Deepak Jain,5,1 May 2024,nice,Josh Team,1 May 2024,"('N/A', 'N/A')"
Lokesh Devadiga,5,1 May 2024,Nice app,Josh Team,1 May 2024,"('N/A', 'N/A')"
Rajan,5,1 May 2024,Very good app,Josh Team,1 May 2024,"('N/A', 'N/A')"
Raju,5,1 May 2024,Fine,Josh Team,1 May 2024,"('N/A', 'N/A')"
Shoriful Islam,5,1 May 2024,Hi please thoda help karo,Josh Team,1 May 2024,"('N/A', 'N/A')"
Md Arif,5,1 May 2024,Jashim,Josh Team,1 May 2024,"('N/A', 'N/A')"
Aman,5,30 April 2024,Bast play app,Josh Team,1 May 2024,"('N/A', 'N/A')"
Rohulla Rohulla,1,30 April 2024,Bad means,Josh Team,1 May 2024,"('N/A', 'N/A')"
Dilip Kale,5,30 April 2024,Best,Josh Team,1 May 2024,"('N/A', 'N/A')"
Rajni Sendil,5,30 April 2024,hucge,Josh Team,30 April 2024,"('N/A', 'N/A')"
Kundan rawat,5,30 April 2024,This is a very good app in reel,Josh Team,30 April 2024,"('N/A', 'N/A')"
Nissar Khan,5,30 April 2024,👌,Josh Team,30 April 2024,"('N/A', 'N/A')"
rajesh n,3,30 April 2024,Good,Josh Team,30 April 2024,"('N/A', 'N/A')"
Palo K,5,30 April 2024,Op,Josh Team,30 April 2024,"('N/A', 'N/A')"
Suman gàmér,1,30 April 2024,Moderated likhta hai kaise kar dijiye,Josh Team,30 April 2024,"('N/A', 'N/A')"
vijayakanth vijay,5,30 April 2024,Good,Josh Team,30 April 2024,"('N/A', 'N/A')"
Sandeep Rao,5,30 April 2024,Very good 👍,Josh Team,30 April 2024,"('N/A', 'N/A')"
Samuel Astle,5,30 April 2024,Mass,Josh Team,30 April 2024,"('N/A', 'N/A')"
VIKAS RAJPUT,5,29 April 2024,I love you ♥️,Josh Team,30 April 2024,"('N/A', 'N/A')"
Soundarrajan 31,5,29 April 2024,Super,Josh Team,30 April 2024,"('N/A', 'N/A')"
Kuber Arts,1,29 April 2024,Not nice very bad experience,Josh Team,30 April 2024,"('N/A', 'N/A')"
Soyeb Akhtar,1,29 April 2024,Very good app,Josh Team,30 April 2024,"('N/A', 'N/A')"
Sarvan Kumar,5,29 April 2024,💘,Josh Team,29 April 2024,"('N/A', 'N/A')"
Narpat Bhat,5,29 April 2024,यह पेमेंट वाला ऑप्शन नहीं दिखा रहा है ?,Josh Team,29 April 2024,"('N/A', 'N/A')"
Aditya Gaming Official,5,29 April 2024,It's amazing,Josh Team,29 April 2024,"('N/A', 'N/A')"
Sikkandar J,1,28 April 2024,Worst app ever.....new songs not uploading worst app ever,Josh Team,29 April 2024,"('N/A', 'N/A')"
Prabhakar C,4,28 April 2024,Funny jokes jabardust jokes some songs etc,Josh Team,29 April 2024,"('N/A', 'N/A')"
Adh Fish,5,28 April 2024,Amazing app,Josh Team,29 April 2024,"('N/A', 'N/A')"
Pappu kumar Pappu kumar,5,28 April 2024,Pappu Dil Chor 404,Josh Team,29 April 2024,"('N/A', 'N/A')"
Ajay Merawat,5,28 April 2024,Nice achievement,Josh Team,28 April 2024,"('N/A', 'N/A')"
Ratul Sarma,1,28 April 2024,Please all songs allow...,Josh Team,29 April 2024,"('N/A', 'N/A')"
Prince Raj,5,28 April 2024,Very good but I can't edit my vedio plss add some new features,Josh Team,28 April 2024,1 person found this review helpful
Bhulan Mahato,5,28 April 2024,Good,Josh Team,28 April 2024,"('N/A', 'N/A')"
Kamla Devi,5,27 April 2024,Osm apa,Josh Team,28 April 2024,"('N/A', 'N/A')"
Easy Maths,4,27 April 2024,Good app,Josh Team,28 April 2024,"('N/A', 'N/A')"
VIJAY MISHRA,5,27 April 2024,Nice but not give creater profile my follower 250k,Josh Team,28 April 2024,"('N/A', 'N/A')"
Ragu Ragu,4,27 April 2024,. . B. .... . .. .. .. ... .. . .. . ... .. .. K ... .. ... .... . . . . . ... .. . ...... . . . . .... . ..... .. . .. . ... . .. . .... .. . N .. . .... . .. .. . ... . .. . ...... . . ... . . . ... . ..... .... .... .. . .. . .. . . . ..,Josh Team,28 April 2024,"('N/A', 'N/A')"
Shubham Sathe,5,27 April 2024,This application is absolutely good views best coming this application but he is application not supported by followers 😕😕😔,Josh Team,27 April 2024,"('N/A', 'N/A')"
nawab HASSAN raza,2,27 April 2024,बी आर,Josh Team,27 April 2024,"('N/A', 'N/A')"
DEVAYANI BHAGWAT,5,27 April 2024,Josh app is very excellent. Bring some new features. Please viral all my videos and increase my followers. Please increase my followers they are not increasing. I have uploaded so many best contents. I don't know what is the problem occuring for increasing my followers and getting my videos viral. I have used proper hashtags. Please do something.,Josh Team,27 April 2024,1 person found this review helpful
Faishal gamer 1,5,27 April 2024,Ok,Josh Team,27 April 2024,"('N/A', 'N/A')"
BALAJI JAGATHEESAN,5,26 April 2024,Super,Josh Team,27 April 2024,"('N/A', 'N/A')"
krishna kumar,5,26 April 2024,Fabulous apps,Josh Team,27 April 2024,"('N/A', 'N/A')"
YT . kumanda kumar,5,26 April 2024,Super app,Josh Team,27 April 2024,"('N/A', 'N/A')"
Arti Yadav,5,26 April 2024,Cute girl 1234 Hello 🤗🤗🤗🤗🤗🤗🤗🍪🍪🍩🍩🍩 Good Good morning,Josh Team,27 April 2024,"('N/A', 'N/A')"
Kuku Jain,3,26 April 2024,3 star islie qki aj kl meri videos pr viwes ni ate na follower bdte h,Josh Team,26 April 2024,"('N/A', 'N/A')"
Aru Mugam,3,26 April 2024,I LOVE U TO JOSH,Josh Team,26 April 2024,"('N/A', 'N/A')"
Anudeep Anu,5,26 April 2024,Good,Josh Team,26 April 2024,"('N/A', 'N/A')"
Jyothi Suresh,4,26 April 2024,Nice application but the filters are improve,Josh Team,26 April 2024,"('N/A', 'N/A')"
Manoj Kumar,5,26 April 2024,fine,Josh Team,26 April 2024,"('N/A', 'N/A')"
MURUGAN SUNDHARAM,5,26 April 2024,Good,Josh Team,26 April 2024,"('N/A', 'N/A')"
Sambaiah Dainapally,5,26 April 2024,Is it super app,Josh Team,26 April 2024,"('N/A', 'N/A')"
Deepali Sharma,1,25 April 2024,Very very very very bad app...very disappointed... almost every video is moderated although every video is captured by me...what is the problem...can you told me what i did not follow according to your guidelines ...its not a solution that every video you moderated and even did not give and reason which i was not follow (according to you)...if possible i will give it -5 rating as they are doing moderate every video,Josh Team,26 April 2024,"2,078 people found this review helpful"
Naval Driver,5,25 April 2024,Enjoying. Great,Josh Team,26 April 2024,"('N/A', 'N/A')"
Simran Kaur,1,25 April 2024,"This app doesn't even deserve a single star, all the videos getting moderated, WORST APP",Josh Team,26 April 2024,1 person found this review helpful
Pardha Saradhi,5,25 April 2024,Nice app,Josh Team,26 April 2024,"('N/A', 'N/A')"
Nitesh Shah,4,25 April 2024,Best app,Josh Team,25 April 2024,"('N/A', 'N/A')"
Saurabh RAJ,5,25 April 2024,Nice app,Josh Team,25 April 2024,"('N/A', 'N/A')"
Alim Shaikh,5,25 April 2024,Good,Josh Team,25 April 2024,"('N/A', 'N/A')"
Sweksha Rammahesh nishad,2,24 April 2024,My followers is stop you help me kaise bhadha sakte hai followers🙄 and iam happy app se🤗,Josh Team,25 April 2024,"('N/A', 'N/A')"
vikash pandey,5,24 April 2024,Must aap for new born art,Josh Team,25 April 2024,"('N/A', 'N/A')"
Jatin Thakur,5,24 April 2024,Fellowship real,Josh Team,25 April 2024,"('N/A', 'N/A')"
Sumit Dixit,4,24 April 2024,Vm tufn,Josh Team,24 April 2024,"('N/A', 'N/A')"
Sitaram Shaw,5,24 April 2024,Good,Josh Team,24 April 2024,"('N/A', 'N/A')"
nargish begam,5,24 April 2024,Very mast app 💞,Josh Team,24 April 2024,"('N/A', 'N/A')"
Praveen,4,24 April 2024,Great app for everything,Josh Team,24 April 2024,"('N/A', 'N/A')"
Indrajeet Robinhood,5,23 April 2024,Nice ✌️,Josh Team,24 April 2024,"('N/A', 'N/A')"
Suraj Sah,4,23 April 2024,Suraj Don bihar,Josh Team,24 April 2024,"('N/A', 'N/A')"
MANOJ GOKUL,5,23 April 2024,Good,Josh Team,24 April 2024,"('N/A', 'N/A')"
Christopher Raj,5,23 April 2024,Good 👍👍👍👍,Josh Team,24 April 2024,"('N/A', 'N/A')"
Jerin Peeter,5,23 April 2024,Super experience,Josh Team,24 April 2024,"('N/A', 'N/A')"
ram 08,5,23 April 2024,Super app,Josh Team,24 April 2024,"('N/A', 'N/A')"
Jabed Ahmed,5,23 April 2024,"I'm using this app, very interesting app...",Josh Team,24 April 2024,"('N/A', 'N/A')"
Shilanti Besra,5,23 April 2024,Shitanti Bsera,Josh Team,23 April 2024,"('N/A', 'N/A')"
LahuG Shinde,5,23 April 2024,Best,Josh Team,23 April 2024,"('N/A', 'N/A')"
KUMAR Saab,5,22 April 2024,Beautiful short video app,Josh Team,23 April 2024,113 people found this review helpful
Rabina Rai,5,22 April 2024,Good,Josh Team,23 April 2024,"('N/A', 'N/A')"
Ajay Mewade,5,22 April 2024,Is app mein dam hai,Josh Team,23 April 2024,"('N/A', 'N/A')"
rima kundu,1,22 April 2024,Whenever try to upload videos take a lot of time something more than an hour. Disgusting app.,Josh Team,23 April 2024,47 people found this review helpful
All Brothers,5,22 April 2024,Best aap for Josh in india,Josh Team,23 April 2024,"('N/A', 'N/A')"
Ajay Sharma,1,22 April 2024,Thow this app into dustbin The views on every videos have come down from 12k to 400 Your whole system is corrupt Josh can never be better.,Josh Team,23 April 2024,1 person found this review helpful
Danish Khan,5,22 April 2024,❤️,Josh Team,23 April 2024,"('N/A', 'N/A')"
Vinesh Yadav,5,22 April 2024,Josh is pro,Josh Team,23 April 2024,"('N/A', 'N/A')"
Paresh Pawar,1,22 April 2024,Doesn't get any update not any input I gave work as a content creator I am really upset to being ise this application,Josh Team,23 April 2024,2 people found this review helpful
Surendra Dhiman,5,22 April 2024,Excellent,Josh Team,23 April 2024,"('N/A', 'N/A')"
Pruthiviraj Mohapatra,5,22 April 2024,This is my first app where I can earn money . May be it is less amount but still I'm happy,Josh Team,23 April 2024,"('N/A', 'N/A')"
Shaik Usman,5,22 April 2024,Good,Josh Team,23 April 2024,"('N/A', 'N/A')"
Durai Vgandmk,5,22 April 2024,Durai gandmk,Josh Team,23 April 2024,"('N/A', 'N/A')"
Firdous Mansuri,1,22 April 2024,nice,Josh Team,22 April 2024,"('N/A', 'N/A')"
Harsh Soni,5,22 April 2024,Super 👍,Josh Team,22 April 2024,"('N/A', 'N/A')"
Pushpaprasad Kasireddy,5,22 April 2024,Very good,Josh Team,22 April 2024,"('N/A', 'N/A')"
Ganta RK,5,22 April 2024,Best Creative platform for sharing the ideas 💡,Josh Team,22 April 2024,"('N/A', 'N/A')"
Chetan Kumar,5,22 April 2024,Good app,Josh Team,22 April 2024,"('N/A', 'N/A')"
Jaynandan Yadav,5,21 April 2024,Nice,Josh Team,22 April 2024,"('N/A', 'N/A')"
Vandana Surywanshi,1,21 April 2024,"Why have copy rights been imposed on my video? When I am not doing any copying, I am not copying ( moderator)a video. Please remove copy rights from my video.😡😡😡😡",Josh Team,21 April 2024,1 person found this review helpful
Vetri Meena,5,21 April 2024,it is best app,Josh Team,21 April 2024,"('N/A', 'N/A')"
R K Sah,5,21 April 2024,The best app,Josh Team,21 April 2024,"('N/A', 'N/A')"
Jai Bhole shankar,5,21 April 2024,Thik AAP very easy and very useful and video viral 100%,Josh Team,21 April 2024,"('N/A', 'N/A')"
Rahul Suthar,5,21 April 2024,This is awesome app Please subscribe my YouTube channel = Ar. yt shorts And my instgram account - suthar_biber,Josh Team,21 April 2024,"('N/A', 'N/A')"
Palak Kaliya,5,21 April 2024,Best 👍👍👍👍👍👍👍,Josh Team,21 April 2024,"('N/A', 'N/A')"
Murralii Manohur,5,21 April 2024,Good & excellent,Josh Team,21 April 2024,"('N/A', 'N/A')"
Jharna Bisnab,1,21 April 2024,Sayan Sarkar,Josh Team,21 April 2024,"('N/A', 'N/A')"
ravi chandran,5,21 April 2024,Good,Josh Team,21 April 2024,"('N/A', 'N/A')"
Pintu Mehta,5,21 April 2024,Pintu Kumar,Josh Team,21 April 2024,"('N/A', 'N/A')"
Nilamadhaba behera,5,20 April 2024,Good 😊,Josh Team,21 April 2024,"('N/A', 'N/A')"
Aarya Thakur,5,20 April 2024,Josh application per mai video banata hu aur bahut achcha perform hai,Josh Team,21 April 2024,"('N/A', 'N/A')"
Imran Shahreen,5,20 April 2024,I love Josh Apps for you 😍😚😚😘,Josh Team,21 April 2024,"('N/A', 'N/A')"
Laxminarayan Tiwari,5,20 April 2024,Love you baby phone number,Josh Team,21 April 2024,"('N/A', 'N/A')"
Abhay Kumar,4,20 April 2024,Paisa video karne ka option,Josh Team,20 April 2024,"('N/A', 'N/A')"
Venkateswararao Pinninti,4,20 April 2024,Ok,Josh Team,20 April 2024,"('N/A', 'N/A')"
Zakhmi Bhai,5,19 April 2024,Super apps,Josh Team,20 April 2024,"('N/A', 'N/A')"
ravi chaturvedi,5,19 April 2024,𝑻𝒉𝒊𝒔 𝒂𝒑𝒑 𝒊𝒔 𝒂𝒎𝒂𝒛𝒊𝒏𝒈 𝒂𝒏𝒅 𝒈𝒐𝒐𝒅 𝒂𝒍𝒔𝒐,Josh Team,19 April 2024,"('N/A', 'N/A')"
Sallu Bhart,5,19 April 2024,Osm app thx to josh time❤️❤️,Josh Team,19 April 2024,"('N/A', 'N/A')"
Rahul Hiwale,5,19 April 2024,⚫💯Official Account🔐 ⚫DLSR Lover📷 ⚫Fitness For🤜 Fight 🤛 🖤 Unique Personality 🕶️ ⚫Fan Of Lord Shiva🕉️ ⚫Wish Me On 14 May🎂 ❎#Dont!Talk😀,Josh Team,19 April 2024,"('N/A', 'N/A')"
Tamasa Chakraborty,5,19 April 2024,Very good short video platform love this,Josh Team,19 April 2024,87 people found this review helpful
Goutam Shee,5,19 April 2024,Josh is very good apps,Josh Team,19 April 2024,1 person found this review helpful
Sohdra Dhruw,5,19 April 2024,Very nice app🥳🙏👌,Josh Team,19 April 2024,1 person found this review helpful
Yusub Ali,5,19 April 2024,Tush,Josh Team,19 April 2024,"('N/A', 'N/A')"
Vinod Gond,5,18 April 2024,ऑल राउंडर कुक,Josh Team,19 April 2024,1 person found this review helpful
Nitish Kumar,5,18 April 2024,Nitishkumar,Josh Team,19 April 2024,1 person found this review helpful
PARMAR NITESH,5,18 April 2024,very good,Josh Team,19 April 2024,1 person found this review helpful
Muthu Kumaran,1,18 April 2024,Worst,Josh Team,19 April 2024,1 person found this review helpful
Mangi Lal,5,18 April 2024,Super 👌👌👌,Josh Team,18 April 2024,1 person found this review helpful
Viswajith G Achary,1,18 April 2024,😴,Josh Team,18 April 2024,1 person found this review helpful
JAVTA DIGITAL,5,18 April 2024,Verify,Josh Team,18 April 2024,1 person found this review helpful
Subhra Kanti Das,5,18 April 2024,Very good app.,Josh Team,18 April 2024,2 people found this review helpful
Satish Kumar Yadav,5,18 April 2024,Satish Kumar Yadav 🌹🌹🌹💔,Josh Team,18 April 2024,1 person found this review helpful
Suman Ghosh,3,18 April 2024,Is there is any option for changing login mobile number?,Josh Team,18 April 2024,1 person found this review helpful
Md Golamsamdani,5,18 April 2024,Nice app,Josh Team,18 April 2024,1 person found this review helpful
harsh meena,5,18 April 2024,Nice app 💯💯 Must,Josh Team,18 April 2024,1 person found this review helpful
Rajmal Kanwat,5,18 April 2024,"Nice, but do stops obscene clips .",Josh Team,18 April 2024,1 person found this review helpful
Balaji Bolgir,5,17 April 2024,Good app,Josh Team,18 April 2024,1 person found this review helpful
Md ATIQ shaikh,5,17 April 2024,Viesw problem,Josh Team,18 April 2024,1 person found this review helpful
Sky music World star,5,17 April 2024,Bahut acha acha hai,Josh Team,18 April 2024,1 person found this review helpful
Shareef Shaik shareef,5,17 April 2024,Super,Josh Team,18 April 2024,"('N/A', 'N/A')"
Anu Anu,5,17 April 2024,Good,Josh Team,18 April 2024,"('N/A', 'N/A')"
Dr. OM PAL SINGH,4,17 April 2024,Nice,Josh Team,17 April 2024,"('N/A', 'N/A')"
Abdul Jabbarkm,5,17 April 2024,Good,Josh Team,17 April 2024,"('N/A', 'N/A')"
Raju Kapoor,4,17 April 2024,Good platform for entertainment videos,Josh Team,17 April 2024,11 people found this review helpful
Ravi Sharma,5,17 April 2024,Anuj Sharma Anuj Sharma,Josh Team,17 April 2024,1 person found this review helpful
Rahman,5,17 April 2024,Cool to get views,Josh Team,17 April 2024,"('N/A', 'N/A')"
Lal babu,4,17 April 2024,Arjun Kumar,Josh Team,17 April 2024,"('N/A', 'N/A')"
Pubg Lover,2,16 April 2024,Video moderated so not good 🥺🥺,Josh Team,17 April 2024,1 person found this review helpful
Sunil Tiwari,5,16 April 2024,बहुत अच्छा,Josh Team,17 April 2024,"('N/A', 'N/A')"
Md Aftab,5,16 April 2024,जैसे कि सोचो अगर मैं इसे अपने आपको यह बता सकता क्योंकि,Josh Team,17 April 2024,"('N/A', 'N/A')"
Sajvaj Sako,5,16 April 2024,Shabajsekhon,Josh Team,17 April 2024,"('N/A', 'N/A')"
Venkat Venkat,5,16 April 2024,Super,Josh Team,17 April 2024,"('N/A', 'N/A')"
Durga Muya,5,15 April 2024,Dyupwad,Josh Team,16 April 2024,"('N/A', 'N/A')"
Rohit Gupta,5,15 April 2024,100% batter apps,Josh Team,16 April 2024,"('N/A', 'N/A')"
Sukshith Sukshith,1,15 April 2024,The app is good but the songs are not much enough,Josh Team,16 April 2024,64 people found this review helpful
Tahera Baig,5,15 April 2024,I'm bv dry wo kn ho cz scvçkfh in lo Niki kill,Josh Team,16 April 2024,"('N/A', 'N/A')"
Raja. Sharma.G,5,15 April 2024,Nice,Josh Team,16 April 2024,"('N/A', 'N/A')"
Deeksha N h,4,15 April 2024,Good app,Josh Team,15 April 2024,1 person found this review helpful
Mr Maqbool,5,15 April 2024,Masrat,Josh Team,15 April 2024,"('N/A', 'N/A')"
Ramesh,5,15 April 2024,Excellent,Josh Team,15 April 2024,"('N/A', 'N/A')"
Lalit Sharma,4,14 April 2024,Nice app,Josh Team,15 April 2024,"('N/A', 'N/A')"
Anees Toys,1,14 April 2024,Can you add monetization feature?,Josh Team,15 April 2024,"('N/A', 'N/A')"
Raees Alam,1,14 April 2024,Awesome 👍 Josh App join,Josh Team,15 April 2024,"('N/A', 'N/A')"
Mohan Babu,5,14 April 2024,Ok,Josh Team,15 April 2024,"('N/A', 'N/A')"
YACHARAM YADAIAH /GOUD.,5,14 April 2024,Best,Josh Team,15 April 2024,"('N/A', 'N/A')"
Dharmendar Lakhara,4,14 April 2024,Good 🙏 josh app,Josh Team,15 April 2024,41 people found this review helpful
Golla Narsamma,5,14 April 2024,4years exp,Josh Team,15 April 2024,1 person found this review helpful
Najim Food cutting,5,14 April 2024,Beautiful app,Josh Team,14 April 2024,"('N/A', 'N/A')"
SATYVIR SINGH,5,14 April 2024,Good service,Josh Team,14 April 2024,"('N/A', 'N/A')"
Qutub Uddin,5,14 April 2024,Nice app,Josh Team,14 April 2024,"('N/A', 'N/A')"
Zx all YT Gamer Boy,5,14 April 2024,I like this video view,Josh Team,14 April 2024,"('N/A', 'N/A')"
AKSHARA K,1,14 April 2024,Fully slow,Josh Team,14 April 2024,"('N/A', 'N/A')"
Salauddin Ansari,5,14 April 2024,😘,Josh Team,14 April 2024,"('N/A', 'N/A')"
Naveen P,5,14 April 2024,Superb chanel 😍✨,Josh Team,14 April 2024,"('N/A', 'N/A')"
Andan Kumar,5,14 April 2024,Anandkumar,Josh Team,14 April 2024,"('N/A', 'N/A')"
PRITAM BISWAS,1,13 April 2024,"While there is an option to choose cover photo from the video while uploading the video, it doesn't work. Even if you choose the cover photo from the video, it will not show as the cover photo of the post after uploading the video. 😡😡😡😡😡😡",Josh Team,14 April 2024,506 people found this review helpful
krishan mohan,4,13 April 2024,Good,Josh Team,14 April 2024,"('N/A', 'N/A')"
Sanjay Lidhoriye,5,13 April 2024,Delete,Josh Team,13 April 2024,"('N/A', 'N/A')"
Kabir News,5,13 April 2024,🕺🕺🕺🕺🕺 jhakaas,Josh Team,13 April 2024,"('N/A', 'N/A')"
BABA VIDEO,5,13 April 2024,Must,Josh Team,13 April 2024,"('N/A', 'N/A')"
Pari Joshi,1,13 April 2024,Puj,Josh Team,13 April 2024,"('N/A', 'N/A')"
Gurpal Dhillon,5,13 April 2024,❤️❤️,Josh Team,13 April 2024,"('N/A', 'N/A')"
Ujjwal Avasthi,3,13 April 2024,Best,Josh Team,13 April 2024,"('N/A', 'N/A')"
Tumpa Choudhary,5,13 April 2024,beautiful,Josh Team,13 April 2024,"('N/A', 'N/A')"
Kanhaiya jee,1,13 April 2024,It's not good app for earning,Josh Team,13 April 2024,"('N/A', 'N/A')"
Tany Kumar,1,13 April 2024,Love ♥️♥️♥️♥️♥️💟💟💟❤️❤️❤️💪💪👬👭,Josh Team,13 April 2024,"('N/A', 'N/A')"
srikanth surupa,5,12 April 2024,Excellent,Josh Team,13 April 2024,"('N/A', 'N/A')"
Pagal Boss,5,12 April 2024,Good,Josh Team,12 April 2024,"('N/A', 'N/A')"
Mokdin Khan,2,12 April 2024,Kadeem,Josh Team,12 April 2024,"('N/A', 'N/A')"
Aradhana Shukla,1,11 April 2024,Bahut hi Ganda app hai..mai bahut trust karke apne sare video's dali thi.2020 se Mai use kar rahi thi..Mere sare video's hatadiye gaye kuch bus bache hai..plz aisa mat karo..sare purane video's hame provide karao,Josh Team,12 April 2024,"('N/A', 'N/A')"
Rajan Wagle,4,11 April 2024,Nice and awesome 🫠🤗,Josh Team,12 April 2024,"('N/A', 'N/A')"
ROKIY BHAI,2,11 April 2024,Very nice good,Josh Team,12 April 2024,"('N/A', 'N/A')"
Aditya Raj Singh Mallick,1,11 April 2024,Can u developers say me why it showing no internet even I have turned on internet! U ofc tell its server problem but now it's permanent issue. Pls solve this issue otherthan I love this app so much.,Josh Team,12 April 2024,224 people found this review helpful
Sunil Takekar,5,11 April 2024,Loves keep supporting,Josh Team,11 April 2024,"('N/A', 'N/A')"
Rahul Kumar,1,11 April 2024,Ekadam bekar hai ismein koi fayda nahin hai,Josh Team,11 April 2024,"('N/A', 'N/A')"
Jitendra Singh Advocate,5,11 April 2024,Very nice appp for make short video.,Josh Team,11 April 2024,1 person found this review helpful
Jitendar singh Singh,5,11 April 2024,जितेंद्र सिंह,Josh Team,11 April 2024,"('N/A', 'N/A')"
Chunni Kumari,5,10 April 2024,👍🏻,Josh Team,11 April 2024,"('N/A', 'N/A')"
Shahil Khan,5,10 April 2024,Super tired,Josh Team,11 April 2024,"('N/A', 'N/A')"
Budhpriya Gautam,5,10 April 2024,Nice app,Josh Team,11 April 2024,"('N/A', 'N/A')"
M Babu,5,10 April 2024,Sup er,Josh Team,10 April 2024,"('N/A', 'N/A')"
vellingri samy,5,10 April 2024,பெறுமானமுள்ள சட்டங்கள் இந்த வருஷம் எப்படி வேண்டுமானாலும் இருக்கலாம் என தெரியவில்லை ஆனால் அந்த அளவுக்கு சிறப்பாக இருக்கும் என்று நேற்று முன்தினம் நடந்த இந்த இந்த வருஷம் எப்படி வேண்டுமானாலும் இருக்கலாம் என நினைக்கிறேன் என்று நபி வழி திருமணம் இல்லை என்ற நிலையில் இருக்கும் என நினைக்கிறேன் சரியா அல்லது வேறு எந்த வகையிலும் பொருந்தாது என்பது எங்களுக்கு தெரியும் என்ற நிலையில் இருந்து மாறிவிடும் இந்த மாதிரி செய்திகளை மட்டுமே நான் பதிவு செய்வது வழக்கம் போலவே இருந்தது என்பதை ஒருவர் எவ்வாறு தனது முதல் ஆட்டத,Josh Team,10 April 2024,"('N/A', 'N/A')"
Sourav Sardar,5,10 April 2024,Good,Josh Team,10 April 2024,"('N/A', 'N/A')"
Teju Kumar,1,10 April 2024,Before I used to get 10 thousand views but not only 70 views what is wrong with you josh 😡😡😡,Josh Team,10 April 2024,"('N/A', 'N/A')"
Rajni Sonker,5,10 April 2024,Nice App,Josh Team,10 April 2024,"('N/A', 'N/A')"
Bhola Kumar,5,10 April 2024,Rupan ♥️ bhokta 🌹,Josh Team,10 April 2024,"('N/A', 'N/A')"
Ashu Rao,5,10 April 2024,Good for us,Josh Team,10 April 2024,"('N/A', 'N/A')"
Rajesh Gautam,5,9 April 2024,Rajeshgautam,Josh Team,10 April 2024,"('N/A', 'N/A')"
Suraj Kumar,5,9 April 2024,Please make my videos viral,Josh Team,9 April 2024,"('N/A', 'N/A')"
N Deb,1,9 April 2024,Too much ads,Josh Team,9 April 2024,2 people found this review helpful
Kalpana Nath,5,9 April 2024,This app very useful 👍👍,Josh Team,9 April 2024,"('N/A', 'N/A')"
Kishan Kumar,5,9 April 2024,Sar meri id se ho gai hai help karo please,Josh Team,9 April 2024,"('N/A', 'N/A')"
Asraf Tlr,5,9 April 2024,🇦🇬🇦🇮🏳️🏳️🇦🇮🇦🇬🇦🇬🇦🇬🇦🇬🇦🇬🇦🇬🏳️🏳️🇦🇬🅰️🆕🆙Ⓜ️Ⓜ️🆔🆕🆕🆕🆎🆎🆕🆕🆕🆕🆚🆕🆕🆕Ⓜ️Ⓜ️Ⓜ️Ⓜ️🆕Ⓜ️Ⓜ️Ⓜ️,Josh Team,9 April 2024,"('N/A', 'N/A')"
DJ YODH 04,5,8 April 2024,Please Josh app pahle jaisa mujhe likes use Nahin a rahe hain followers Nahin badh rahe hain support karo please 🥺🥺 please mujhe trending la do itne dinon se main video Nahin dal raha tha meri tabiyat kharab thi please,Josh Team,9 April 2024,"('N/A', 'N/A')"
Priyanka Jha,4,8 April 2024,Nice app,Josh Team,9 April 2024,"('N/A', 'N/A')"
SATYENDRA SINGH,5,8 April 2024,good,Josh Team,9 April 2024,"('N/A', 'N/A')"
veckky k k,5,8 April 2024,Amazing 🤩,Josh Team,8 April 2024,"('N/A', 'N/A')"
Tanishvi Sharma,1,8 April 2024,this is not a best app because videos are moderate without reason. can you please answer me Josh team Why is all this happening and And I think I should delete Josh.,Josh Team,8 April 2024,99 people found this review helpful
Salim Mansuri,3,8 April 2024,Good app,Josh Team,8 April 2024,"('N/A', 'N/A')"
Rishi Raj,4,8 April 2024,So far so good,Josh Team,8 April 2024,"('N/A', 'N/A')"
kaykayteluguvlogs,5,8 April 2024,Good excellent app,Josh Team,8 April 2024,"('N/A', 'N/A')"
brijesh singh,5,8 April 2024,Nice,Josh Team,8 April 2024,"('N/A', 'N/A')"
Satyam Singh,5,7 April 2024,Excellent,Josh Team,8 April 2024,"('N/A', 'N/A')"
Komal sah,4,7 April 2024,Yah bhut jada he acha ha magar yah ak problem ha muja isa par Live karna ka opsan nhi Mila ta ha or na mera follow 😓 badti ha .,Josh Team,7 April 2024,"('N/A', 'N/A')"
Ganesh Chaurasiya,5,6 April 2024,Excellent,Josh Team,7 April 2024,"('N/A', 'N/A')"
kashiv,1,6 April 2024,It's not good aap... earning ka koi criteria yaha nhi hai .josh pe sab fake account hai ... original content nhi hai,Josh Team,6 April 2024,"('N/A', 'N/A')"
Sachin Kumar,5,6 April 2024,Nice,Josh Team,6 April 2024,"('N/A', 'N/A')"
Aamir Hussain,5,6 April 2024,Superb,Josh Team,6 April 2024,"('N/A', 'N/A')"
Sonu King,5,6 April 2024,Please 🙏 🙏 sapot me no like 😢 no view 😢 I'm so sad 😢 Please help me me please support 🙏 me please 🙏,Josh Team,6 April 2024,"('N/A', 'N/A')"
Prabhu Yaligar,1,6 April 2024,This worst app because simple videos will moderated without reason. Without inform creator. Worst for poem writers I am Quitting this app. Stupid app and worst customer service and there silly reasons.,Josh Team,6 April 2024,46 people found this review helpful
Rupayon Sarder,1,6 April 2024,Fak,Josh Team,6 April 2024,"('N/A', 'N/A')"
Shobhakant Kumar,5,6 April 2024,Mast very good,Josh Team,6 April 2024,"('N/A', 'N/A')"
____Aamir ki duniya____,5,5 April 2024,Thank you so much,Josh Team,6 April 2024,"('N/A', 'N/A')"
Aman Shah,5,5 April 2024,I like this app,Josh Team,6 April 2024,"('N/A', 'N/A')"
Kavita Besikrao,1,5 April 2024,Video adhe adhure hi hai. Achchha nahi lagta.,Josh Team,6 April 2024,"('N/A', 'N/A')"
Mohammed Javeed,5,5 April 2024,Thanks for more videos,Josh Team,5 April 2024,"('N/A', 'N/A')"
Rahul Dhurwey,5,5 April 2024,Ok,Josh Team,5 April 2024,"('N/A', 'N/A')"
Raju Ranjbaaz,5,5 April 2024,Nice,Josh Team,5 April 2024,"('N/A', 'N/A')"
Nitish Kumar,5,4 April 2024,"Nitish, kumar",Josh Team,5 April 2024,"('N/A', 'N/A')"
Viji Viji,5,4 April 2024,Good 😊😊😊,Josh Team,5 April 2024,"('N/A', 'N/A')"
Gopal Rawat,5,3 April 2024,"Dear Josh Team From 15 days you are complaint that my Vedio's likes, views, and followers have been lowered by my VIWES 50k from 80k but you have been for 15 days VIWES are getting 200 to 300 and likes are getting 25 to 30, due to which it is complaint for 5 days, but no one has been taken from you so far, because of the same thing, If I continue to please josh's plateform please take action on this ...",Josh Team,4 April 2024,1 person found this review helpful
Abbas Ali,1,3 April 2024,To upload a video it is taking too much of time 1 hour and more than that,Josh Team,4 April 2024,20 people found this review helpful
Varun Mishra,5,3 April 2024,Josh bahut acha hai sabko age badhne ka mauka milta hai,Josh Team,4 April 2024,"('N/A', 'N/A')"
Aishu Aishu,5,3 April 2024,Good time pass,Josh Team,3 April 2024,"('N/A', 'N/A')"
Priyanka Kumari,5,3 April 2024,Very useful,Josh Team,3 April 2024,"('N/A', 'N/A')"
Binit Kumar,5,3 April 2024,Good app,Josh Team,3 April 2024,"('N/A', 'N/A')"
Shanmugam Shanmugam,5,3 April 2024,Sandosh love ❤️ 😍 💖 ❣️ 💕,Josh Team,3 April 2024,"('N/A', 'N/A')"
Surya Pratap,5,3 April 2024,Vanshika Rathore,Josh Team,3 April 2024,"('N/A', 'N/A')"
Rajiblochan Behura,2,3 April 2024,𝙹𝚘𝚜𝚎𝚙𝚑 𝚔𝚊𝚒𝚜𝚊 𝚑𝚊𝚒,Josh Team,3 April 2024,"('N/A', 'N/A')"
Soumik Debnath,5,2 April 2024,Nice.,Josh Team,3 April 2024,"('N/A', 'N/A')"
Badal Sk,5,2 April 2024,Badolsk,Josh Team,3 April 2024,"('N/A', 'N/A')"
Disha Maravi,5,2 April 2024,Josh app is good I am viral on this app 🎉🎉👑👑👑,Josh Team,2 April 2024,"('N/A', 'N/A')"
Arjun Vinesh,5,2 April 2024,Josh is very good app I have 1.7k fans,Josh Team,2 April 2024,1 person found this review helpful
A S video channel,5,2 April 2024,Good,Josh Team,2 April 2024,"('N/A', 'N/A')"
Rohan Yadav,5,2 April 2024,Very good 👍👍👍👍,Josh Team,2 April 2024,"('N/A', 'N/A')"
Suhana rajput,5,2 April 2024,Good👍 🥰🥰😘,Josh Team,2 April 2024,"('N/A', 'N/A')"
Sohail Ansari,1,1 April 2024,This App is very bad App in this application there is no growth and any person not earn also in my account in my video in starting there is 10k views after than suddenly there 100 views get when I post any video Josh team give me notice on that video and my followers is also not increase 2.4k followers so long time now also 2.4k followers and my YouTube link and Instagram link a added also but Josh team not verified that link show in process. I'm not giving any rate your application.,Josh Team,2 April 2024,34 people found this review helpful
MANIK ROY,5,1 April 2024,Good experience,Josh Team,1 April 2024,"('N/A', 'N/A')"
Khairissty Hayaateena,5,1 April 2024,This app has nice features,Josh Team,1 April 2024,"('N/A', 'N/A')"
Neetu Gupta,1,1 April 2024,Iss aap ko band karke khud kahi jake video bana lo achha rahega,Josh Team,1 April 2024,"('N/A', 'N/A')"
Abhishek Singh,5,31 March 2024,Wonderful AAP ☺️,Josh Team,1 April 2024,"('N/A', 'N/A')"
Gourav gourav,5,31 March 2024,Mast,Josh Team,1 April 2024,"('N/A', 'N/A')"
Ap raj,5,31 March 2024,New क्रिएटर,Josh Team,1 April 2024,"('N/A', 'N/A')"
Harishankar Shukla,5,31 March 2024,"Very good,I liked it",Josh Team,1 April 2024,"('N/A', 'N/A')"
1600 mr धावक आर्यन श्रीवास,1,31 March 2024,Good app,Josh Team,1 April 2024,"('N/A', 'N/A')"
Sayaveer Kr,4,31 March 2024,Nice,Josh Team,31 March 2024,"('N/A', 'N/A')"
Jat Kayum,5,31 March 2024,I like you josh,Josh Team,31 March 2024,"('N/A', 'N/A')"
Shaik Jan peera,5,31 March 2024,Super bro,Josh Team,31 March 2024,"('N/A', 'N/A')"
Kavi Sumit Mandhana,1,30 March 2024,"I am very much disappointed by josh app...Most of contents are cheap, vulgar, and abusive language. Creators are teaching how to cheat people by their contents. App is not taking any action against such creators. In their LIVE shows girls are showing cheap and vulgar contents and asking for gifts.",Josh Team,1 April 2024,447 people found this review helpful
Ranjit Zala,4,30 March 2024,Super,Josh Team,31 March 2024,"('N/A', 'N/A')"
Varun Sharma,4,30 March 2024,It's good for an opportunity . I have it . I don't have any professional benefit with this app.,Josh Team,31 March 2024,59 people found this review helpful
Rajan rockstar Rockstar,1,30 March 2024,Hello sir Sir pehle mere video josh aap par Viral hote the but ab mere video mein ek bhi views nhi aata hai plz sir check my I'd plz @433035 😭🙏🏽😭🙏🏽😭😭🙏🏽🙏🏽😭😭🙏🏽😭😭🙏🏽🙏🏽😭🙏🏽🙏🏽😭🙏🏽😭😭😭😭🙏🏽🙏🏽😭🙏🏽😭😭😭😭🙏🏽🙏🏽😭🙏🏽😭😭😭😭🙏🏽🙏🏽😭🙏🏽😭😭😭😭🙏🏽🙏🏽😭🙏🏽😭😭😭😭🙏🏽🙏🏽😭🙏🏽😭😭😭😭🙏🏽😭😭🙏🏽😭😭🙏🏽😭🙏🏽🙏🏽😭🙏🏽🙏🏽😭🙏🏽🙏🏽😭😭😭😭😭😭😭😭😭🙏🏽😭😭🙏🏽🙏🏽😭🙏🏽🙏🏽😭🙏🏽😭😭😭😭😭😭😭😭😭😭😭😭😭😭😭😭😭😭😭😭,Josh Team,31 March 2024,"('N/A', 'N/A')"
242 - Bobby Kumar Sharma,2,30 March 2024,"Hii Josh Team , I regularly post videos and increase views but followers are not increase.. I think my I'd is stuck please Solve my problem as soon as possible. Thank you",Josh Team,31 March 2024,1 person found this review helpful
NASIBULLAH SHAIKH,5,30 March 2024,Nice,Josh Team,31 March 2024,"('N/A', 'N/A')"
Vaghela Mitesh,5,30 March 2024,Best Josh app,Josh Team,30 March 2024,"('N/A', 'N/A')"
DHARMENDER SINGH NEGi,5,30 March 2024,Super,Josh Team,30 March 2024,"('N/A', 'N/A')"
Reshma K,5,30 March 2024,Thank you,Josh Team,30 March 2024,"('N/A', 'N/A')"
Rizwan Khan Rizwan Khan,5,30 March 2024,Like mi id🤩,Josh Team,30 March 2024,"('N/A', 'N/A')"
Maxy Faria,5,30 March 2024,Good,Josh Team,30 March 2024,"('N/A', 'N/A')"
SARATH SIVAN,1,30 March 2024,r tv dr CVC vc h de vc cv 2 r se vb mkm e ca. Cv. Is V. Vb4 rv is the h rc 4r cv S vfc h,Josh Team,30 March 2024,"('N/A', 'N/A')"
Mijanur Ahammed,5,30 March 2024,ক্ক,Josh Team,30 March 2024,"('N/A', 'N/A')"
Rajkumar Kannadigaru,5,30 March 2024,🙋‍♂️👌👍🤝🥰🙏🙏,Josh Team,30 March 2024,"('N/A', 'N/A')"
Saif Ali,5,29 March 2024,So beautiful 🤩 and Josh 🤩💞,Josh Team,30 March 2024,"('N/A', 'N/A')"
Jay Raikvar,5,29 March 2024,Good,Josh Team,30 March 2024,"('N/A', 'N/A')"
Dahiya JI,5,29 March 2024,Good,Josh Team,30 March 2024,"('N/A', 'N/A')"
Amarjeet Rajbhar,5,29 March 2024,Very good 👍👍👍👍👍👍👍👍,Josh Team,29 March 2024,"('N/A', 'N/A')"
Rooban Rudhran,1,29 March 2024,Very nice,Josh Team,29 March 2024,"('N/A', 'N/A')"
Rajesh Mukhiya,5,29 March 2024,Good,Josh Team,29 March 2024,"('N/A', 'N/A')"
ravindrakumar pl,4,29 March 2024,Fine,Josh Team,29 March 2024,"('N/A', 'N/A')"
Suma Deb,1,29 March 2024,I can't go to my profile and see nothing after trying so many times nothing is happening,Josh Team,29 March 2024,1 person found this review helpful
successful channel marina,5,28 March 2024,Just wow,Josh Team,29 March 2024,"('N/A', 'N/A')"
Dinomuni Dinomuni,2,28 March 2024,63Ú,Josh Team,29 March 2024,"('N/A', 'N/A')"
Pooja K,5,28 March 2024,Nice 🙂,Josh Team,29 March 2024,"('N/A', 'N/A')"
ALKAMA SULTAN,5,28 March 2024,This app is very nice and useful,Josh Team,28 March 2024,"('N/A', 'N/A')"
Sneha Sharma,4,28 March 2024,स्नेहा शर्मा की आईडी,Josh Team,28 March 2024,"('N/A', 'N/A')"
MOMIN,5,28 March 2024,10m follow,Josh Team,28 March 2024,"('N/A', 'N/A')"
Anita Sharma,2,28 March 2024,",c№&",Josh Team,28 March 2024,"('N/A', 'N/A')"
Sudheer Halatti,5,28 March 2024,No mony caming,Josh Team,28 March 2024,"('N/A', 'N/A')"
Dark Rajesh,1,28 March 2024,This application Bug last one year no improvement,Josh Team,28 March 2024,"('N/A', 'N/A')"
tom salvi,5,27 March 2024,Excellent app,Josh Team,28 March 2024,"('N/A', 'N/A')"
Shravani Panchal,1,27 March 2024,My videos are not visible to me Are they deleted by josh I want them back,Josh Team,28 March 2024,6 people found this review helpful
Aarti Ali,5,27 March 2024,Good app👍,Josh Team,28 March 2024,"('N/A', 'N/A')"
Aswin Dissil,3,27 March 2024,We need a Time duration in this app..!,Josh Team,27 March 2024,"('N/A', 'N/A')"
Raju Chauhan,5,27 March 2024,Good 😊,Josh Team,27 March 2024,"('N/A', 'N/A')"
Prashant kumar,2,27 March 2024,Ok,Josh Team,27 March 2024,"('N/A', 'N/A')"
Raushan Kumar,5,27 March 2024,Nice app 👌👌👌👌👌,Josh Team,27 March 2024,"('N/A', 'N/A')"
Nazibul Molla,4,27 March 2024,Its awsame,Josh Team,27 March 2024,"('N/A', 'N/A')"
UNIC STAR SHOW,2,27 March 2024,Because this app is not working clearly why please answer me,Josh Team,27 March 2024,"('N/A', 'N/A')"
Priya Prajapati,5,27 March 2024,Awesome 😎,Josh Team,27 March 2024,"('N/A', 'N/A')"
Sukdev Vishwas,1,27 March 2024,Slow motion loding1😁😆🤣🤣😂🤣😂😂,Josh Team,27 March 2024,"('N/A', 'N/A')"
Sunil.chauhan Chauhan,3,27 March 2024,Priyanshu,Josh Team,27 March 2024,"('N/A', 'N/A')"
Glp Bhai,5,27 March 2024,Good ☺️☺️☺️☺️☺️,Josh Team,27 March 2024,"('N/A', 'N/A')"
Mumtaj Alam,5,27 March 2024,Mosimmiyaji,Josh Team,27 March 2024,"('N/A', 'N/A')"
Balram Balram,5,27 March 2024,Kajal,Josh Team,27 March 2024,"('N/A', 'N/A')"
AJAY KUMAR,3,27 March 2024,Very good app,Josh Team,27 March 2024,"('N/A', 'N/A')"
Kaniz Kulsum,1,26 March 2024,Bad,Josh Team,27 March 2024,"('N/A', 'N/A')"
Ajit Das,5,26 March 2024,Vinod Kumar Vinod Kumar das Vinod,Josh Team,27 March 2024,"('N/A', 'N/A')"
Bilal Dar,1,26 March 2024,Worst app ever in the indian history..,Josh Team,27 March 2024,"('N/A', 'N/A')"
Virender Shan,5,26 March 2024,♡a♡- *,Josh Team,26 March 2024,"('N/A', 'N/A')"
Bablu Yadav,5,26 March 2024,Babluyadav,Josh Team,26 March 2024,"('N/A', 'N/A')"
Gulam Shahid,5,26 March 2024,Ok,Josh Team,26 March 2024,"('N/A', 'N/A')"
Nethala Sunitha,4,26 March 2024,Superb,Josh Team,26 March 2024,"('N/A', 'N/A')"
Kirtan Patel,3,26 March 2024,Average,Josh Team,26 March 2024,"('N/A', 'N/A')"
R.P. Gupta,5,26 March 2024,Nice,Josh Team,26 March 2024,"('N/A', 'N/A')"
BALAKRISHNA CHITTOOR,5,26 March 2024,Very nice 👍🙂,Josh Team,26 March 2024,"('N/A', 'N/A')"
Bhaavya Shekhawat,5,26 March 2024,Nice moments working ❤️,Josh Team,26 March 2024,"('N/A', 'N/A')"
Manjhar Alam,5,25 March 2024,Nice,Josh Team,26 March 2024,"('N/A', 'N/A')"
Malekul Mia,5,25 March 2024,Nice app and 24 hours only open App,Josh Team,26 March 2024,"('N/A', 'N/A')"
Harish v Shastri,5,25 March 2024,Really useful our social media sector,Josh Team,26 March 2024,"('N/A', 'N/A')"
Suryakant,5,25 March 2024,Nice app,Josh Team,25 March 2024,"('N/A', 'N/A')"
S Shivraj,3,25 March 2024,Very tik tok,Josh Team,25 March 2024,"('N/A', 'N/A')"
firoz khan,5,25 March 2024,Fugg,Josh Team,25 March 2024,"('N/A', 'N/A')"
RATAN BARMAN,2,25 March 2024,Very Bad,Josh Team,25 March 2024,"('N/A', 'N/A')"
Jitendra singh,5,25 March 2024,Get comennet opticn in josh aep,Josh Team,25 March 2024,"('N/A', 'N/A')"
HUSNE WAZ,5,24 March 2024,good,Josh Team,25 March 2024,"('N/A', 'N/A')"
NADIM Ahmad,4,24 March 2024,Very nice,Josh Team,25 March 2024,"('N/A', 'N/A')"
Urmila Ambhore,5,24 March 2024,Nice,Josh Team,25 March 2024,"('N/A', 'N/A')"
Shaif ali Khan,5,24 March 2024,The best apps,Josh Team,24 March 2024,"('N/A', 'N/A')"
Khushi Prajapati,4,24 March 2024,This is nice app,Josh Team,24 March 2024,"('N/A', 'N/A')"
Banti Kumar,4,24 March 2024,Ok,Josh Team,24 March 2024,"('N/A', 'N/A')"
daroga daroga,5,24 March 2024,Daroga sahani 🥰,Josh Team,24 March 2024,"('N/A', 'N/A')"
SHIVAKUMAR S C,5,24 March 2024,🙏🏻👌,Josh Team,24 March 2024,"('N/A', 'N/A')"
Mustang Mirza,5,23 March 2024,MUSTKAEEM,Josh Team,24 March 2024,"('N/A', 'N/A')"
Jeetendra Sinha,5,23 March 2024,Mast,Josh Team,24 March 2024,"('N/A', 'N/A')"
Sandra Pradeep,5,23 March 2024,Wowww,Josh Team,24 March 2024,"('N/A', 'N/A')"
Kumud Kumud,1,23 March 2024,Ok,Josh Team,24 March 2024,"('N/A', 'N/A')"
M.chandra sekar,4,23 March 2024,Good service 😃😃,Josh Team,24 March 2024,"('N/A', 'N/A')"
Mahadev Krodhagni,5,23 March 2024,Nice app josh jayhind 🙏,Josh Team,23 March 2024,"('N/A', 'N/A')"
Mr shayari Boy708,4,23 March 2024,Nice apps,Josh Team,23 March 2024,"('N/A', 'N/A')"
Archana Pandey,5,23 March 2024,Good aap,Josh Team,23 March 2024,"('N/A', 'N/A')"
Mantesh Hugar,5,23 March 2024,❤️❤️🌹🌹 ಸೂಪರ್ ಸೂಪರ್,Josh Team,23 March 2024,"('N/A', 'N/A')"
rachakondasrikanth srikanth,5,23 March 2024,Bit naku live chance evandi,Josh Team,23 March 2024,"('N/A', 'N/A')"
Vijay Kumar Shastri,5,23 March 2024,Very interested,Josh Team,23 March 2024,"('N/A', 'N/A')"
Mohd Ayan,5,22 March 2024,The best application,Josh Team,23 March 2024,"('N/A', 'N/A')"
Md Javed,5,22 March 2024,MsJaved,Josh Team,23 March 2024,"('N/A', 'N/A')"
Soniya Soniya,1,22 March 2024,Lovely app,Josh Team,23 March 2024,"('N/A', 'N/A')"
Mehebub Masum,3,22 March 2024,Good,Josh Team,23 March 2024,"('N/A', 'N/A')"
Rabiul Molla,5,22 March 2024,NAIC,Josh Team,23 March 2024,"('N/A', 'N/A')"
Durga Das,5,22 March 2024,Ok,Josh Team,23 March 2024,"('N/A', 'N/A')"
Neelamegam Kannan,5,22 March 2024,Nice ..,Josh Team,22 March 2024,"('N/A', 'N/A')"
Bhavna Sharma,1,22 March 2024,So bad 😞😞😔😔,Josh Team,22 March 2024,"('N/A', 'N/A')"
Masala Boy 4 you m here sk,5,22 March 2024,Jhakash,Josh Team,22 March 2024,"('N/A', 'N/A')"
Crazy Rj143,5,22 March 2024,👍👍👍👍,Josh Team,22 March 2024,"('N/A', 'N/A')"
Nikhil Vada,5,22 March 2024,Ye jordar aap he,Josh Team,22 March 2024,"('N/A', 'N/A')"
Preity Tiwari,1,22 March 2024,bcoz kuch mahino se followers views sb band hai pta nhi q,Josh Team,22 March 2024,"('N/A', 'N/A')"
Stephen,3,22 March 2024,"Could u make this app more worldwide like UK, Ireland & America basically global. We crying out for new app please consider",Josh Team,22 March 2024,5 people found this review helpful
Musaab Abdusaalam,5,21 March 2024,Respect,Josh Team,22 March 2024,"('N/A', 'N/A')"
Tayeeb Ahmed,5,21 March 2024,Good,Josh Team,22 March 2024,"('N/A', 'N/A')"
Syedshahid tyingk Shahid Afridi dubi DKN,2,21 March 2024,CNN Be and fee me me be me New na New na na na New New New New be age be needing New New New,Josh Team,22 March 2024,"('N/A', 'N/A')"
Salman Ahmad,5,21 March 2024,Very most,Josh Team,22 March 2024,"('N/A', 'N/A')"
Jamrul Alam,5,21 March 2024,Amrul lslam,Josh Team,22 March 2024,"('N/A', 'N/A')"
Ajit Yadav,5,21 March 2024,Nice app 👌👍,Josh Team,22 March 2024,"('N/A', 'N/A')"
India wale Bhai Arif khan,5,21 March 2024,Best app,Josh Team,22 March 2024,"('N/A', 'N/A')"
SAKUL MEWATI,5,21 March 2024,"Best, Josh,",Josh Team,22 March 2024,"('N/A', 'N/A')"
Phani Swaroop,1,21 March 2024,Waste of time,Josh Team,21 March 2024,"('N/A', 'N/A')"
Amitkumar,5,21 March 2024,Last two years and some months just loving it day by day this app is just wonderful wow wow wow super duper wow full entertainment dose with knowledge and lots more Josh is number one and always be the number one lots of best wishes to josh app team members uploaders fans creators and viewers aajao Josh pe aur chaaa Jai sari duniya mein bankar famous I love u Josh app lots lots lots ♥️❤️😘🥰💯😊🤗🫶💪👌👍🙋🌟🌟🌟🌟🌟,Josh Team,21 March 2024,4 people found this review helpful
Sachin Carpenter,5,21 March 2024,Nice AAP,Josh Team,21 March 2024,"('N/A', 'N/A')"
paresh g,4,21 March 2024,Good,Josh Team,21 March 2024,"('N/A', 'N/A')"
Rashmitha gowda,5,21 March 2024,Nice and good app,Josh Team,21 March 2024,"('N/A', 'N/A')"
Naga Laxmi,5,21 March 2024,Super thank you,Josh Team,21 March 2024,"('N/A', 'N/A')"
Manish Bhadoriya,5,21 March 2024,मैं बहुत ही खुशी से कहना चाहता हूं कि मेरी जोश आईडी पर जो वीडियो शो नहीं कर रहे थे! वीडियो संबंधित समस्या का समाधान जोश टीम ने बहुत ही बेहतरीन तरीके से किया है। इस दौरान जोश टीम ने लगातार मेरे संपर्क में रहकर मेरी बहुत मदद की है।और मेरे सारे वीडियो वापस मेरी आईडी पर शो कर रहे हैं। मैं पूरी जोश टीम का दिल से आभारी हूं।❤ Thank you so much Josh team 🙏😊,Josh Team,21 March 2024,"('N/A', 'N/A')"
Sopan Kolekar,5,21 March 2024,Very Nice,Josh Team,21 March 2024,"('N/A', 'N/A')"
gupta jii,4,21 March 2024,Best response,Josh Team,21 March 2024,"('N/A', 'N/A')"
Monty Jat,5,20 March 2024,Awesome😊,Josh Team,21 March 2024,"('N/A', 'N/A')"
AAS MOHAMMAD,5,20 March 2024,Josh bahut accha app hai isko use Karen,Josh Team,21 March 2024,"('N/A', 'N/A')"
Ajam Ajam,5,20 March 2024,AJAM MD,Josh Team,21 March 2024,"('N/A', 'N/A')"
Raju Tudu,5,20 March 2024,Very good,Josh Team,21 March 2024,"('N/A', 'N/A')"
Rahul Anand,5,20 March 2024,So good,Josh Team,20 March 2024,"('N/A', 'N/A')"
Anu dhembre,5,20 March 2024,Nice 😊l,Josh Team,20 March 2024,"('N/A', 'N/A')"
Faruj Ansari,5,20 March 2024,Md faruj,Josh Team,20 March 2024,"('N/A', 'N/A')"
Amit Sanatani,5,20 March 2024,Enjoy Josh app video,Josh Team,20 March 2024,"('N/A', 'N/A')"
Raja Dancer,5,20 March 2024,Raja Dancer ❣️❣️,Josh Team,20 March 2024,"('N/A', 'N/A')"
Guddu,5,20 March 2024,Very nice and very parferct God of creaters Super Supportting,Josh Team,20 March 2024,8 people found this review helpful
Kamal Singh,5,19 March 2024,Full Entertainment must be watch,Josh Team,20 March 2024,8 people found this review helpful
daitary sasmal,1,19 March 2024,I have been posting multiple videos everyday but my profile not verified since 2 years,Josh Team,20 March 2024,9 people found this review helpful
Prakash ki vines,5,19 March 2024,Awesome 😎,Josh Team,20 March 2024,"('N/A', 'N/A')"
Naziya Saad,5,19 March 2024,Nice,Josh Team,20 March 2024,"('N/A', 'N/A')"
dr pbsbabu indian,5,19 March 2024,No tallent only boost,Josh Team,20 March 2024,"('N/A', 'N/A')"
Vikash Raj,1,19 March 2024,Super,Josh Team,20 March 2024,"('N/A', 'N/A')"
Sanu Bera,5,19 March 2024,Nice 🙂,Josh Team,19 March 2024,"('N/A', 'N/A')"
Arti Jha,5,19 March 2024,Very good,Josh Team,19 March 2024,"('N/A', 'N/A')"
Jaidur Rahman,1,19 March 2024,",oz. 2nd z2?²çcqď/÷#٪-",Josh Team,19 March 2024,"('N/A', 'N/A')"
Vinod Kaansh,1,19 March 2024,Vinot,Josh Team,19 March 2024,"('N/A', 'N/A')"
Chandra Azad,1,18 March 2024,very slow loading,Josh Team,19 March 2024,3 people found this review helpful
Tarun Uikey,1,18 March 2024,😐😐,Josh Team,19 March 2024,"('N/A', 'N/A')"
Bathula Sudharshan,5,18 March 2024,Jai Sri Ramnagar Group,Josh Team,18 March 2024,"('N/A', 'N/A')"
Syed Zubair,5,18 March 2024,Nice,Josh Team,18 March 2024,"('N/A', 'N/A')"
Rohit Bruh,1,18 March 2024,Bekaar ap hai faltu ke notification ate rehte hai ghatiya hai 1 dum,Josh Team,18 March 2024,"('N/A', 'N/A')"
DIPANSHU KAUSHIK,5,18 March 2024,O ho so nice,Josh Team,18 March 2024,"('N/A', 'N/A')"
Pramoda Kumar Behera,5,18 March 2024,Good app,Josh Team,18 March 2024,"('N/A', 'N/A')"
Bajrang Singh Shekhawat,5,18 March 2024,Good,Josh Team,18 March 2024,"('N/A', 'N/A')"
Md Salman,4,18 March 2024,He,Josh Team,18 March 2024,"('N/A', 'N/A')"
Mohd Abid,3,17 March 2024,Average,Josh Team,18 March 2024,"('N/A', 'N/A')"
Neha Kishor,5,17 March 2024,Good,Josh Team,18 March 2024,"('N/A', 'N/A')"
nayaab khan,5,17 March 2024,This is amazing app I watch videos and funny moments thank you sir,Josh Team,18 March 2024,6 people found this review helpful
Naresh VVN,5,17 March 2024,Good,Josh Team,18 March 2024,"('N/A', 'N/A')"
Muhi Mazumder,1,17 March 2024,DO NOT DOWNLOAD THESE APPS THERE ARE NO GOOD VIDEOS IN THESE APPS AND CHILDREN CAN BE HARMED IF THEY RUN THESE APPS SO PLEASE DO NOT RUN THESE APPS,Josh Team,18 March 2024,21 people found this review helpful
JAY GOSWAMI,1,17 March 2024,I not 🚫,Josh Team,17 March 2024,"('N/A', 'N/A')"
Nikhil,4,17 March 2024,Nice aap download this app,Josh Team,17 March 2024,"('N/A', 'N/A')"
All Video AMIT BABU,5,17 March 2024,Very nice app and my followers not grow,Josh Team,17 March 2024,"('N/A', 'N/A')"
Parthibha Patil,5,17 March 2024,Famous hone ke baad paise dekar,Josh Team,17 March 2024,"('N/A', 'N/A')"
Shaik Azeema,3,17 March 2024,🤭🤭🤭🤭🤐🤐🤐,Josh Team,17 March 2024,"('N/A', 'N/A')"
Alim Shaikh,5,17 March 2024,Fine.,Josh Team,17 March 2024,"('N/A', 'N/A')"
Prince Rajput,5,17 March 2024,I'm very happy with josh 😊❤️💖,Josh Team,17 March 2024,"('N/A', 'N/A')"
Raju Singh,5,17 March 2024,Good,Josh Team,17 March 2024,"('N/A', 'N/A')"
S K,1,16 March 2024,useless app my video is deleted automatic,Josh Team,17 March 2024,"('N/A', 'N/A')"
Balveer Balveerkechotiya,5,16 March 2024,Good aap Josh me,Josh Team,17 March 2024,"('N/A', 'N/A')"
Saira Banu khatun,5,16 March 2024,MD Munna khan love,Josh Team,17 March 2024,"('N/A', 'N/A')"
Nadeem Ahmmad,5,16 March 2024,Very use full app love you josh,Josh Team,16 March 2024,"('N/A', 'N/A')"
Anjali Kumari,2,16 March 2024,Sakshi 😊😊😊😊😊😊,Josh Team,16 March 2024,"('N/A', 'N/A')"
sravanthi. thakalla,5,16 March 2024,Very nice using the app and very useful,Josh Team,16 March 2024,5 people found this review helpful
Ankit Saini,5,16 March 2024,Josh App Is Brilliant App,Josh Team,16 March 2024,"('N/A', 'N/A')"
Sachin Kumar,5,16 March 2024,Naam setting,Josh Team,16 March 2024,"('N/A', 'N/A')"
Mani kandan,5,15 March 2024,Nice,Josh Team,16 March 2024,"('N/A', 'N/A')"
Sidhu Kumar,5,15 March 2024,akash,Josh Team,16 March 2024,"('N/A', 'N/A')"
Ranjith Kumar,5,15 March 2024,ⓢⓤⓟⓔⓡⓤⓤⓤⓤⓤⓤ,Josh Team,16 March 2024,"('N/A', 'N/A')"
Biswajit Mahato,2,15 March 2024,Good,Josh Team,16 March 2024,"('N/A', 'N/A')"
Ramesh Pandey,5,15 March 2024,So best app,Josh Team,16 March 2024,"('N/A', 'N/A')"
Mohd Turkzada,5,15 March 2024,Amazing platform,Josh Team,16 March 2024,"('N/A', 'N/A')"
Sandeep Kumar Gupta,5,15 March 2024,Super 🙏🙏🙏🙏🙏,Josh Team,16 March 2024,"('N/A', 'N/A')"
ramprasad gembali rock star Rp,5,15 March 2024,Ok,Josh Team,16 March 2024,"('N/A', 'N/A')"
Rajesh Kumar,5,15 March 2024,Jay shree Ram,Josh Team,16 March 2024,"('N/A', 'N/A')"
Mallikarjuna 123456,5,15 March 2024,Awesome Very super app I like this App,Josh Team,15 March 2024,"('N/A', 'N/A')"
Fayaz sheik,4,15 March 2024,Nice aap,Josh Team,15 March 2024,"('N/A', 'N/A')"
Sunita Veeresha bhangi,5,15 March 2024,Super,Josh Team,15 March 2024,"('N/A', 'N/A')"
Susanta Swain,5,15 March 2024,Superb,Josh Team,15 March 2024,"('N/A', 'N/A')"
RK D,1,15 March 2024,Worst app,Josh Team,15 March 2024,"('N/A', 'N/A')"
Deepak Saini,5,15 March 2024,Deepak King Guna DJ songs YouTube,Josh Team,15 March 2024,"('N/A', 'N/A')"
Deepaksingh Bohra,5,15 March 2024,Love you 😘,Josh Team,15 March 2024,"('N/A', 'N/A')"
Ranjeet RoYaL0.2,3,15 March 2024,Good 👍,Josh Team,15 March 2024,"('N/A', 'N/A')"
Vishal Singh rajput,5,15 March 2024,Paise kaise kamayein,Josh Team,15 March 2024,"('N/A', 'N/A')"
Abadhesh Rajput,1,15 March 2024,Avdhesh Raj,Josh Team,15 March 2024,"('N/A', 'N/A')"
RAKESH THAKOR Thakor,5,14 March 2024,Nice and wonderful apk,Josh Team,15 March 2024,"('N/A', 'N/A')"
Nishath Kareem 786 nishanth Kareem 786 Nishath,5,14 March 2024,Kareem nishath 786 Kareem nishath 786,Josh Team,15 March 2024,"('N/A', 'N/A')"
Riyas Riyaz,5,14 March 2024,Good,Josh Team,15 March 2024,"('N/A', 'N/A')"
Mohd Shanawaz,1,14 March 2024,Bakvas,Josh Team,15 March 2024,"('N/A', 'N/A')"
Manoj Kumar,4,14 March 2024,धरम ढ,Josh Team,15 March 2024,"('N/A', 'N/A')"
Saurabh Mathur,5,14 March 2024,Accha hai,Josh Team,15 March 2024,"('N/A', 'N/A')"
Suraj Jaiswal,5,14 March 2024,nice app,Josh Team,14 March 2024,"('N/A', 'N/A')"
upendra Netam,5,14 March 2024,GAMlNG,Josh Team,14 March 2024,"('N/A', 'N/A')"
Amit Sharma,5,14 March 2024,Very good,Josh Team,14 March 2024,"('N/A', 'N/A')"
Abhishek Yadav,5,14 March 2024,Good 👍,Josh Team,14 March 2024,"('N/A', 'N/A')"
Cool Brothers,5,14 March 2024,New update Sahi nahin hai,Josh Team,14 March 2024,"('N/A', 'N/A')"
Devender Singh,5,13 March 2024,Ful gulab ka jal raat ka ful gulab ka jal raat ka jo ab hoga sath Josh ka,Josh Team,14 March 2024,"('N/A', 'N/A')"
Yesh Kumar,5,13 March 2024,Amazing babes ♥️,Josh Team,14 March 2024,"('N/A', 'N/A')"
Ajay Verma,1,13 March 2024,Very nice,Josh Team,14 March 2024,"('N/A', 'N/A')"
SHIVANI SINHA,5,13 March 2024,Good app 😊i not received any payment 💰,Josh Team,14 March 2024,"('N/A', 'N/A')"
Akash,5,13 March 2024,"What can I say, many people do not watch videos",Josh Team,14 March 2024,"('N/A', 'N/A')"
indrajeet Singh,5,13 March 2024,Fjd ci,Josh Team,13 March 2024,"('N/A', 'N/A')"
sushen kumar (Paswan),5,13 March 2024,Jose bahut accha app hai,Josh Team,13 March 2024,"('N/A', 'N/A')"
Pranav Pharande,4,13 March 2024,Nice app,Josh Team,13 March 2024,"('N/A', 'N/A')"
Nidhin Raj,1,12 March 2024,Adds only app,Josh Team,13 March 2024,"('N/A', 'N/A')"
Sonali Mandal,5,12 March 2024,Good experience and very good and both nice voice recording nice,Josh Team,13 March 2024,179 people found this review helpful
ASHU SIDDIQUE,5,12 March 2024,Very nice app 👌,Josh Team,13 March 2024,"('N/A', 'N/A')"
Rajneesh Kumar Yadav,5,12 March 2024,Good,Josh Team,13 March 2024,"('N/A', 'N/A')"
Shahanaz Akter Lima,2,12 March 2024,Hii i am lima,Josh Team,12 March 2024,"('N/A', 'N/A')"
Sadik SK,5,12 March 2024,milk ñ ki,Josh Team,12 March 2024,"('N/A', 'N/A')"
Putul Devi,5,12 March 2024,Khushi patel,Josh Team,12 March 2024,"('N/A', 'N/A')"
abi Kavash,5,12 March 2024,Good,Josh Team,12 March 2024,"('N/A', 'N/A')"
Moin khan Digiya,5,12 March 2024,Beautiful,Josh Team,12 March 2024,"('N/A', 'N/A')"
Alam Gir,2,12 March 2024,gklo,Josh Team,12 March 2024,"('N/A', 'N/A')"
Sonukumar Sah,4,12 March 2024,Not so good bot best,Josh Team,12 March 2024,"('N/A', 'N/A')"
Goticha Jimma,5,11 March 2024,Goticha,Josh Team,12 March 2024,"('N/A', 'N/A')"
Soumitra Paul,1,11 March 2024,Need face recognition verification,Josh Team,12 March 2024,"('N/A', 'N/A')"
kevin rodrigues,5,11 March 2024,Good app,Josh Team,12 March 2024,"('N/A', 'N/A')"
Surja kumer Jamatia,5,11 March 2024,Suraj Kumar jamatia,Josh Team,11 March 2024,"('N/A', 'N/A')"
Rinku Devi,4,11 March 2024,Okay,Josh Team,11 March 2024,"('N/A', 'N/A')"
Neha sood,5,11 March 2024,Sahul sood ❣️❣️❣️,Josh Team,11 March 2024,"('N/A', 'N/A')"
Aman Kumar,5,11 March 2024,Good,Josh Team,11 March 2024,"('N/A', 'N/A')"
Sunny Kumar,1,11 March 2024,I have reched 250k fans But now its not okay because in these days i don't gain any fan Now my fans are limited so I may quite this app very soon,Josh Team,11 March 2024,3 people found this review helpful
Srinivas Nomula,5,11 March 2024,Excellent,Josh Team,11 March 2024,"('N/A', 'N/A')"
Sonu Vishwakarma Sonu Vishwakarma,5,11 March 2024,👍👍,Josh Team,11 March 2024,"('N/A', 'N/A')"
Sunil Solanki Sunil Solanki,1,10 March 2024,Op,Josh Team,11 March 2024,"('N/A', 'N/A')"
ASHISH PATOLE,5,10 March 2024,अप्रतिम ऍप 🎉,Josh Team,11 March 2024,"('N/A', 'N/A')"
Sandeep Mishra,5,10 March 2024,Nice,Josh Team,10 March 2024,"('N/A', 'N/A')"
Shrabanti Biswas,1,10 March 2024,Waste of time,Josh Team,10 March 2024,"('N/A', 'N/A')"
Dolly nayak,3,10 March 2024,I am so happy 😊,Josh Team,10 March 2024,"('N/A', 'N/A')"
Sheetla Singh,5,10 March 2024,thanks for the same with tower of the world,Josh Team,10 March 2024,"('N/A', 'N/A')"
Akash Jadhav,5,10 March 2024,Sup,Josh Team,10 March 2024,"('N/A', 'N/A')"
CHAILA RAM (Chhaila ram),5,10 March 2024,Super,Josh Team,10 March 2024,"('N/A', 'N/A')"
Arshid Ali,3,10 March 2024,Arshid All,Josh Team,10 March 2024,"('N/A', 'N/A')"
Subrata Sarkar,5,10 March 2024,Love 💕 you,Josh Team,10 March 2024,"('N/A', 'N/A')"
P4 Information,5,9 March 2024,Outstanding app,Josh Team,10 March 2024,"('N/A', 'N/A')"
UPENDAR YADAV,2,9 March 2024,Very nice 👍,Josh Team,10 March 2024,"('N/A', 'N/A')"
Tipusultan Tipusultan,5,9 March 2024,Good product,Josh Team,10 March 2024,"('N/A', 'N/A')"
Vaki King,5,9 March 2024,Nice,Josh Team,9 March 2024,"('N/A', 'N/A')"
MOHD_ WASEEM_,5,9 March 2024,Good 👍,Josh Team,9 March 2024,"('N/A', 'N/A')"
Sam Sra007,3,9 March 2024,I have a big issue about create videos on latest hit punjabi songs not show me on create vdo so fix it soon I face very big problem about background audio latest punjabi songs btw other things r so good hope u fix my problem soon thanks n love all josh team provide gud plateform for new gen creators keep it up,Josh Team,10 March 2024,21 people found this review helpful
Gaurav Kumar,5,9 March 2024,Great suggestions,Josh Team,9 March 2024,"('N/A', 'N/A')"
Madhava Krishna,4,9 March 2024,Nice,Josh Team,9 March 2024,"('N/A', 'N/A')"
Mahi “Mannu” josi,4,9 March 2024,Very nice 👍,Josh Team,9 March 2024,"('N/A', 'N/A')"
Sonu Kumar,4,9 March 2024,Mast hai,Josh Team,9 March 2024,"('N/A', 'N/A')"
Mom A,5,8 March 2024,Good,Josh Team,9 March 2024,"('N/A', 'N/A')"
Hafiz Quran Hafiz Ravees,5,8 March 2024,मुझे फोलो करें ❤️❤️❤️,Josh Team,9 March 2024,"('N/A', 'N/A')"
Imran Khan,5,8 March 2024,imrankhan,Josh Team,9 March 2024,"('N/A', 'N/A')"
Pramod Pandit,5,8 March 2024,Good boy for car buy,Josh Team,9 March 2024,"('N/A', 'N/A')"
Gawtam Mahto,5,8 March 2024,अजय कुमार,Josh Team,9 March 2024,"('N/A', 'N/A')"
Karan Chundawat,5,8 March 2024,Josh is best app,Josh Team,9 March 2024,"('N/A', 'N/A')"
Habrahim Molla,5,8 March 2024,Ibrahimmolla Ibrahimmolla,Josh Team,9 March 2024,"('N/A', 'N/A')"
new audio song,4,8 March 2024,Good 😊 and thanks to for Josh aap My video is very good pls to my video trending,Josh Team,8 March 2024,7 people found this review helpful
Pintu Raj Raj,5,8 March 2024,Good,Josh Team,8 March 2024,1 person found this review helpful
Mandakan paswan Mandakan paswan,5,8 March 2024,Josh 👌,Josh Team,8 March 2024,"('N/A', 'N/A')"
JHANDAsingh GURNA,5,8 March 2024,ok Josh,Josh Team,8 March 2024,"('N/A', 'N/A')"
ONLINE,4,8 March 2024,Like it.,Josh Team,8 March 2024,"('N/A', 'N/A')"
Vicky Gupta,5,8 March 2024,App is good but likes followers veiws increase nhi hotae vedio daily post krne k bd bhi ye bdha issue h is app ka,Josh Team,8 March 2024,"('N/A', 'N/A')"
Jatin Jogi,5,8 March 2024,Jatin jogi fightmaster,Josh Team,8 March 2024,"('N/A', 'N/A')"
Navnath korde,5,8 March 2024,Very nice app,Josh Team,8 March 2024,"('N/A', 'N/A')"
Habija Begun,5,8 March 2024,HabijaBeguh,Josh Team,8 March 2024,"('N/A', 'N/A')"
Eurudjjdjd,5,8 March 2024,It is very enjoyable appp,Josh Team,8 March 2024,"('N/A', 'N/A')"
Sunil Kumar,5,7 March 2024,Good 😊,Josh Team,8 March 2024,"('N/A', 'N/A')"
Rajput Honey,1,7 March 2024,It's very good app,Josh Team,8 March 2024,"('N/A', 'N/A')"
Sonu Tiwari,5,7 March 2024,My Josh ID unfreeze plz,Josh Team,7 March 2024,"('N/A', 'N/A')"
omraj singh,4,7 March 2024,Good,Josh Team,7 March 2024,"('N/A', 'N/A')"
Bhai Jaan,5,7 March 2024,Hi sir video viral nahin ho rahi,Josh Team,7 March 2024,"('N/A', 'N/A')"
Sam _saad official,4,7 March 2024,Very good social media app,Josh Team,7 March 2024,"('N/A', 'N/A')"
Naveen Kumar,3,7 March 2024,Good,Josh Team,7 March 2024,"('N/A', 'N/A')"
Vijay Makwana,5,7 March 2024,Nice,Josh Team,7 March 2024,"('N/A', 'N/A')"
Prachi Bhanage,5,6 March 2024,Nice day,Josh Team,7 March 2024,"('N/A', 'N/A')"
Shubham Maske,1,6 March 2024,🥰,Josh Team,7 March 2024,"('N/A', 'N/A')"
Sudhakar97 Tiparante,5,6 March 2024,Good,Josh Team,7 March 2024,"('N/A', 'N/A')"
Subbulakshmi Lakshmi,4,6 March 2024,Very good,Josh Team,7 March 2024,"('N/A', 'N/A')"
Mahto Ji,5,6 March 2024,This is ok,Josh Team,7 March 2024,"('N/A', 'N/A')"
narayan sharma,5,6 March 2024,Nice,Josh Team,6 March 2024,"('N/A', 'N/A')"
Yashwant Singh,1,6 March 2024,Faltu no any income from this aap,Josh Team,6 March 2024,"('N/A', 'N/A')"
Arshad Md,1,6 March 2024,Worst app why this app having stars idk . Too much adds.better to switch inco,Josh Team,6 March 2024,"('N/A', 'N/A')"
Rupesh Dubey,1,6 March 2024,Bakwash,Josh Team,6 March 2024,"('N/A', 'N/A')"
Harish choudhary Harish choudhary,1,6 March 2024,"It is worst app I have seen ever because I use josh for almost 1year but yet my followers are not increasing, they are stuck on 7.2k from last 6 month",Josh Team,6 March 2024,4 people found this review helpful
Pan Mohamad,5,5 March 2024,Pan Mohammad,Josh Team,6 March 2024,"('N/A', 'N/A')"
Ravi Meena,1,5 March 2024,Not good 🤬,Josh Team,6 March 2024,"('N/A', 'N/A')"
john david A,5,5 March 2024,I love you 💕💕💕💕💕,Josh Team,5 March 2024,1 person found this review helpful
Vasudev Sharma,5,5 March 2024,Love this app,Josh Team,5 March 2024,"('N/A', 'N/A')"
Sardar Singh Gurjar,5,5 March 2024,Good,Josh Team,5 March 2024,"('N/A', 'N/A')"
Gangaraj Tiger,1,4 March 2024,Please update the app,Josh Team,5 March 2024,"('N/A', 'N/A')"
Ahstami roy Mahi official (Mahi),5,4 March 2024,Broken harth🥀🥺,Josh Team,5 March 2024,"('N/A', 'N/A')"
Nur Hasan,5,4 March 2024,Followers please,Josh Team,5 March 2024,"('N/A', 'N/A')"
Naseem Khan,5,4 March 2024,🥰🥰,Josh Team,5 March 2024,"('N/A', 'N/A')"
Nilanjana Nag,5,4 March 2024,good,Josh Team,5 March 2024,"('N/A', 'N/A')"
Mofijul Hoque,5,4 March 2024,Nich,Josh Team,5 March 2024,"('N/A', 'N/A')"
Jubaid Hussain,5,4 March 2024,Very nice,Josh Team,5 March 2024,"('N/A', 'N/A')"
Biswajit Das,5,4 March 2024,Good,Josh Team,4 March 2024,"('N/A', 'N/A')"
Nashan Singh,5,4 March 2024,NiShan,Josh Team,4 March 2024,"('N/A', 'N/A')"
PRAKASH SHARMA 0.7,2,4 March 2024,Very good,Josh Team,4 March 2024,"('N/A', 'N/A')"
Hani chitradurga,5,3 March 2024,nice super,Josh Team,4 March 2024,"('N/A', 'N/A')"
sumit pandey,1,3 March 2024,I have been posting multiple videos every day but nothing happens it just says post more . And people who are posting useless videos are getting verified,Josh Team,4 March 2024,"1,140 people found this review helpful"
Th gaurav singh Sooryavansi,2,3 March 2024,Bad app,Josh Team,4 March 2024,"('N/A', 'N/A')"
Irfan Kha,5,3 March 2024,Irfankhan,Josh Team,4 March 2024,"('N/A', 'N/A')"
satti bhandal,5,3 March 2024,Nic,Josh Team,4 March 2024,"('N/A', 'N/A')"
Babu B,5,3 March 2024,ಐ. ಲವ್ ಯು ಜೋಶ,Josh Team,3 March 2024,"('N/A', 'N/A')"
PAROJ SK 786,1,3 March 2024,Pàroj,Josh Team,3 March 2024,"('N/A', 'N/A')"
Vishal Tiwari,5,3 March 2024,The app is very good but it runs a bit slow but it is a very good app.,Josh Team,3 March 2024,9 people found this review helpful
Raju Pathak,5,3 March 2024,Nice,Josh Team,3 March 2024,"('N/A', 'N/A')"
Vaibhav Mahure,5,3 March 2024,जोसेफ फॉलोअर नहीं बढ़ रहा है मेरेऔर मेरी वीडियो ऑन द वीडियो लाइक भी नहीं आ रहा है कृपया करके मेरी मदद करें मेरे फॉलोअर एक मिलियन फॉलोअर्स चाहिए 🙏🙏🙏🙏,Josh Team,3 March 2024,"('N/A', 'N/A')"
Rajeev Kashyap,5,2 March 2024,Nice,Josh Team,3 March 2024,"('N/A', 'N/A')"
prince Yadav,5,2 March 2024,Very well app,Josh Team,3 March 2024,"('N/A', 'N/A')"
Arti Agrahari,5,2 March 2024,I like it,Josh Team,3 March 2024,"('N/A', 'N/A')"
Kaif pasha Pasha,5,2 March 2024,Kaif kaif,Josh Team,3 March 2024,"('N/A', 'N/A')"
Mohammed Zubair,1,2 March 2024,It is useless and not earning,Josh Team,3 March 2024,"('N/A', 'N/A')"
Rahaman Sk,5,2 March 2024,In Dr ko,Josh Team,2 March 2024,"('N/A', 'N/A')"
Mandar Dhakate,5,2 March 2024,This app is best this app is our Indian app I'm happy I earning money not but I monitoize I thinking this app is best,Josh Team,2 March 2024,"('N/A', 'N/A')"
Rajesh Bhokata,5,2 March 2024,Super,Josh Team,2 March 2024,"('N/A', 'N/A')"
Gautami Suryawanshi,5,2 March 2024,Best app for creating new video,Josh Team,2 March 2024,"('N/A', 'N/A')"
Asupramani Supramani,5,2 March 2024,A subramani,Josh Team,2 March 2024,"('N/A', 'N/A')"
Mohit Kumar,5,2 March 2024,Mst app hai,Josh Team,2 March 2024,"('N/A', 'N/A')"
Sahil Yadav,5,2 March 2024,Sahilyadav,Josh Team,2 March 2024,"('N/A', 'N/A')"
Santosh Kumar,5,2 March 2024,Good 👍,Josh Team,2 March 2024,"('N/A', 'N/A')"
SAHIL Sharma,4,1 March 2024,🥰🥰🥰,Josh Team,2 March 2024,"('N/A', 'N/A')"
shaukat ali,1,1 March 2024,I am very happy becose this app is india I am so proud of my cuntry & this app is so nice le & so fantastic and I will like this so ppz verifie me my josh id is shaukatali_07,Josh Team,2 March 2024,"('N/A', 'N/A')"
Pramod Kate,5,1 March 2024,Pramod L,Josh Team,2 March 2024,"('N/A', 'N/A')"
SSO FIN,5,1 March 2024,Best app,Josh Team,2 March 2024,"('N/A', 'N/A')"
Ajit barman Barman,5,1 March 2024,Nice,Josh Team,1 March 2024,"('N/A', 'N/A')"
Md Murad,5,1 March 2024,Nice Josh,Josh Team,1 March 2024,"('N/A', 'N/A')"
Danish Zehen,1,1 March 2024,"requests in the app Hearts option is not visible in the profile, please do something about it, that's why I am giving low rate.",Josh Team,1 March 2024,49 people found this review helpful
Devendra Devendra,5,1 March 2024,👍,Josh Team,1 March 2024,"('N/A', 'N/A')"
SHASHI PRAKASH,1,1 March 2024,सबसे घटिया एप हैँ ये साला 😡😡😡😡,Josh Team,1 March 2024,"('N/A', 'N/A')"
Eco Refrigeration 6729,5,29 February 2024,Good,Josh Team,1 March 2024,"('N/A', 'N/A')"
Akhtar Khan,5,29 February 2024,Mehtab 🧑khan,Josh Team,1 March 2024,"('N/A', 'N/A')"
Chauhan Umesh,1,29 February 2024,Thik app best i am YouTuber my YouTube channel Ankit comedy 2.08 Facebook 🆔 Umesh Chauhan Instagram Umesh super star please sports,Josh Team,1 March 2024,"('N/A', 'N/A')"
SANTU Singh Bihari,5,29 February 2024,Wow,Josh Team,29 February 2024,"('N/A', 'N/A')"
Aryan Khan,5,29 February 2024,josh 💫💫💫💫💫💫💫,Josh Team,29 February 2024,"('N/A', 'N/A')"
Pintu,5,29 February 2024,Vbf OK FM Saginaw),Josh Team,29 February 2024,"('N/A', 'N/A')"
Mayuri Joshi,5,29 February 2024,Very nice platform,Josh Team,29 February 2024,1 person found this review helpful
IIIBAENGLISHBETCYRUBEL Rubel,5,29 February 2024,I like to download Josh app,Josh Team,29 February 2024,"('N/A', 'N/A')"
Hanu A,5,29 February 2024,Please follow me,Josh Team,29 February 2024,"('N/A', 'N/A')"
Dudekula Munna,5,28 February 2024,Itlu Thama cuastomer,Josh Team,29 February 2024,"('N/A', 'N/A')"
Disha Rajput,5,28 February 2024,Superb app for all 😊,Josh Team,29 February 2024,"('N/A', 'N/A')"
Muzaffar Khan,5,28 February 2024,2 year experience,Josh Team,29 February 2024,"('N/A', 'N/A')"
Renuka,1,28 February 2024,This app is very vast because this app was hagging,Josh Team,29 February 2024,"('N/A', 'N/A')"
Jai,5,28 February 2024,Good 👍,Josh Team,28 February 2024,"('N/A', 'N/A')"
Aslam Khan,5,28 February 2024,Gajab app hai wat ek problem hai paise nahi kamate isse aur mere following kam ho ragi Hai yeh kiya problems ho sakti Hai,Josh Team,28 February 2024,"('N/A', 'N/A')"
Harshveer Singh,5,28 February 2024,🤬😂😂😂,Josh Team,28 February 2024,"('N/A', 'N/A')"
jaihind .007,5,28 February 2024,Thenk sir 👍👍🇮🇳,Josh Team,28 February 2024,"('N/A', 'N/A')"
Vipri Garden,5,28 February 2024,Please help me team josh meri video moderate kyu ki h aapne meri id bhi freeze ho gyi h . Please meri id ko unfreeze kro . Meri bnayi hui video hi aapne moderate kr di. Please help aap log aisa nhi kr sakte ho yaar please and answer me,Josh Team,28 February 2024,"('N/A', 'N/A')"
Girish Girish,5,28 February 2024,e rrrr 2hm445,Josh Team,28 February 2024,"('N/A', 'N/A')"
Ajit Mura,5,27 February 2024,Good,Josh Team,28 February 2024,"('N/A', 'N/A')"
Ayush Khan,5,27 February 2024,Nice,Josh Team,28 February 2024,"('N/A', 'N/A')"
Ankush prajapati,5,27 February 2024,Live problem 😭,Josh Team,28 February 2024,"('N/A', 'N/A')"
Siva Prakash,5,27 February 2024,People awareness in social media sites good information valuable customer care team service,Josh Team,28 February 2024,"('N/A', 'N/A')"
Suresh Rekha,5,27 February 2024,BirjuKumar,Josh Team,27 February 2024,"('N/A', 'N/A')"
Imran khan,5,26 February 2024,nice app,Josh Team,27 February 2024,"('N/A', 'N/A')"
Ashok Arte,1,26 February 2024,Invoice header: *** Inc.,Josh Team,27 February 2024,"('N/A', 'N/A')"
Anuj Mishra,2,26 February 2024,I am not able to view private mode Why,Josh Team,26 February 2024,"('N/A', 'N/A')"
Ramesh Kumar,4,26 February 2024,Good aap,Josh Team,26 February 2024,"('N/A', 'N/A')"
Suresh Behera,4,26 February 2024,Goood,Josh Team,26 February 2024,"('N/A', 'N/A')"
Akash Mahamine,3,26 February 2024,The person doesn't real too many bot views,Josh Team,27 February 2024,"('N/A', 'N/A')"
Ankaraju Ankaraju,5,26 February 2024,ತುಂಬಾ ಚೆನಾಗಿದೆ,Josh Team,26 February 2024,"('N/A', 'N/A')"
bond Raghu,2,26 February 2024,"I formatted my mobile and re installed josh again unable to login with my phone number to my account, iam really fed-up with this.",Josh Team,26 February 2024,1 person found this review helpful
AJAR UDDIN MOMDAL,5,26 February 2024,Nice app,Josh Team,26 February 2024,"('N/A', 'N/A')"
SD ENTERTAINMENT,4,25 February 2024,Good experience upto now. Let's see,Josh Team,26 February 2024,"('N/A', 'N/A')"
Ikram Ansari,5,25 February 2024,Yah aap ek bahut Achcha app hai so good app😘😘,Josh Team,26 February 2024,"('N/A', 'N/A')"
paris Bogar,5,25 February 2024,Comedy Hunt,Josh Team,26 February 2024,"('N/A', 'N/A')"
Rahis Qureshi,5,25 February 2024,Excellent,Josh Team,26 February 2024,"('N/A', 'N/A')"
Md Sajjad,3,25 February 2024,Delete,Josh Team,26 February 2024,"('N/A', 'N/A')"
The The,5,25 February 2024,FlrozAli,Josh Team,26 February 2024,"('N/A', 'N/A')"
Afrain Khatun,5,25 February 2024,Nice apps,Josh Team,26 February 2024,"('N/A', 'N/A')"
Jagdish Bhaat,3,25 February 2024,Why im not withdraw money from josh ?,Josh Team,26 February 2024,"('N/A', 'N/A')"
khajjan Hindu,5,25 February 2024,Good app,Josh Team,25 February 2024,"('N/A', 'N/A')"
Shivam Kumar,5,25 February 2024,Josh ma mara 1M follow kara do Bhai,Josh Team,25 February 2024,"('N/A', 'N/A')"
Priyanka Achla,4,25 February 2024,Nice,Josh Team,25 February 2024,"('N/A', 'N/A')"
Angangcha Angom,5,25 February 2024,Good,Josh Team,25 February 2024,"('N/A', 'N/A')"
Nitesh Mahato,5,25 February 2024,Mast hai yaar,Josh Team,25 February 2024,"('N/A', 'N/A')"
Munna Kumar,5,25 February 2024,Yeh app mujhe acha lagta hai,Josh Team,25 February 2024,"('N/A', 'N/A')"
Jnanashree Jnanu,5,25 February 2024,Nice,Josh Team,25 February 2024,"('N/A', 'N/A')"
Sᴀᴋᴛʜɪ Sᴀᴋᴛʜɪ,3,25 February 2024,No follwers,Josh Team,25 February 2024,"('N/A', 'N/A')"
the aman,5,24 February 2024,Nice,Josh Team,25 February 2024,"('N/A', 'N/A')"
Karan ck.1,1,24 February 2024,Tank you,Josh Team,25 February 2024,"('N/A', 'N/A')"
Sarkar Sheik,5,24 February 2024,Josh 🥰,Josh Team,25 February 2024,"('N/A', 'N/A')"
Suryanshu NEGI Negi,5,24 February 2024,Mast,Josh Team,25 February 2024,"('N/A', 'N/A')"
Saranag Nag,1,24 February 2024,Sahara nag,Josh Team,24 February 2024,"('N/A', 'N/A')"
Ravi kumar Prajapati,5,24 February 2024,Nice,Josh Team,24 February 2024,"('N/A', 'N/A')"
vikash Kumar,5,24 February 2024,Good,Josh Team,24 February 2024,"('N/A', 'N/A')"
BILAL ANSARI,5,23 February 2024,Best shor app in india,Josh Team,24 February 2024,"('N/A', 'N/A')"
PRADHANSAAB01 (ᴋɪsʜᴀɴ ᴋᴜᴍᴀʀ),1,23 February 2024,400 plus logo ko follow kiya h show nhi kar raha h kyu aur mere face ki video ko moderated kar dete ho kyu jab ki kuch abuse bhi nhi kiya na hi kuch galat dikhata hu aisa kyu meri follow list show nhi kar rahi kyu my ID.........pradhansaab01,Josh Team,24 February 2024,"('N/A', 'N/A')"
Jiten,5,23 February 2024,Please help me,Josh Team,24 February 2024,"('N/A', 'N/A')"
Uday Raj,5,23 February 2024,Super,Josh Team,23 February 2024,"('N/A', 'N/A')"
Durao Vhandmk,5,23 February 2024,Duraivgandmk,Josh Team,23 February 2024,"('N/A', 'N/A')"
Rahul Bagwan,2,23 February 2024,"मेरे प्रोफाइल में प्रो क्रेटर के डायमंड आए है जो अभी 1030 है, लेकिन उनको निकालते है तो 650 डायमंड प्रयाप्त नही है ऐसा लिखा हुआ आता है और वो निकल नही रहे ।और न ही मेरे प्रोफाइल में बैंक अकाउंट जुड़ रहा । और मेरे ही कोई upi जुड़ रही है कृपया मेरी समस्या का समाधान करे 🙏",Josh Team,24 February 2024,"('N/A', 'N/A')"
Md Al amin khan,5,23 February 2024,Riyad,Josh Team,23 February 2024,"('N/A', 'N/A')"
Poonam Kumari,4,23 February 2024,Awesome,Josh Team,23 February 2024,"('N/A', 'N/A')"
Nagaraja Nagaraja,4,23 February 2024,🥰🤭,Josh Team,23 February 2024,"('N/A', 'N/A')"
Pinky Halder,4,23 February 2024,good,Josh Team,23 February 2024,"('N/A', 'N/A')"
Sudha Hanumanthappa,5,23 February 2024,Super app and nice entertainment thanku tema josh app,Josh Team,23 February 2024,"('N/A', 'N/A')"
Karthick Raja,5,23 February 2024,Good,Josh Team,23 February 2024,"('N/A', 'N/A')"
Balamurugan Ramanujam,5,23 February 2024,Excellent,Josh Team,23 February 2024,"('N/A', 'N/A')"
Sahil_18_ Sahil_18_,5,23 February 2024,Osm ap hai 💕🌍🫶🏻,Josh Team,23 February 2024,"('N/A', 'N/A')"
Amit Manji,1,23 February 2024,👍👍👍,Josh Team,23 February 2024,"('N/A', 'N/A')"
Krishna kant asthana,1,22 February 2024,Useless app...very terrible experience...they don't support new fair creators...,Josh Team,23 February 2024,2 people found this review helpful
Rajamohan P,1,22 February 2024,👌,Josh Team,23 February 2024,1 person found this review helpful
Sidhu Gujjar,5,22 February 2024,Nice,Josh Team,23 February 2024,"('N/A', 'N/A')"
Bahadur Kushwah,5,22 February 2024,Bery bery nice app 🙏,Josh Team,23 February 2024,"('N/A', 'N/A')"
sowmya m v,5,22 February 2024,Nice,Josh Team,23 February 2024,"('N/A', 'N/A')"
Kewal Singh,4,22 February 2024,Interesting and nice,Josh Team,23 February 2024,"('N/A', 'N/A')"
Anish Kumar,5,22 February 2024,Waw app,Josh Team,23 February 2024,"('N/A', 'N/A')"
Sunil Ojha,5,22 February 2024,Josh Sunilojha👍👍📳📲🎶,Josh Team,22 February 2024,"('N/A', 'N/A')"
SANJEET Kumar,2,22 February 2024,False view,Josh Team,22 February 2024,"('N/A', 'N/A')"
Vicey kumar,2,22 February 2024,Ravi kumat,Josh Team,22 February 2024,"('N/A', 'N/A')"
Shubham Sharma,3,22 February 2024,Shubhamsharma,Josh Team,22 February 2024,"('N/A', 'N/A')"
Sekh Monirul,5,21 February 2024,নাইস,Josh Team,22 February 2024,"('N/A', 'N/A')"
Puja Khara,1,21 February 2024,I have a not interested for video,Josh Team,22 February 2024,"('N/A', 'N/A')"
segu priyanka,3,21 February 2024,"నాకు జోష్లో 2,50,000 మంది సబ్స్క్రైబర్స్ ఫాలో ఉన్నారు బట్ కానీ జోష్ణవి ఎటువంటి గిఫ్ట్ అనేది రావడం లేదు కానీ చాలామందికి వస్తున్నాయి కానీ జోష్ ని ఎలా కాంటాక్ట్ అవ్వాలి",Josh Team,22 February 2024,"('N/A', 'N/A')"
Vishesh Srivsatava,5,21 February 2024,Best aap 😃 best for shorts 👍😊,Josh Team,22 February 2024,"('N/A', 'N/A')"
Mohit Rajput,5,21 February 2024,Nice app,Josh Team,21 February 2024,"('N/A', 'N/A')"
Ayush Dwivedi,5,21 February 2024,💓,Josh Team,21 February 2024,"('N/A', 'N/A')"
Ajit Thapa,4,21 February 2024,EXCELLENT,Josh Team,21 February 2024,"('N/A', 'N/A')"
Savina Nag,1,21 February 2024,Josh rate this app,Josh Team,21 February 2024,"('N/A', 'N/A')"
Manoj,3,21 February 2024,Ij,Josh Team,21 February 2024,"('N/A', 'N/A')"
Deepak Kumar,1,21 February 2024,Not waste platforms 👎🏻 for short video 📸,Josh Team,21 February 2024,2 people found this review helpful
Joshua Daliah,5,21 February 2024,People love my content,Josh Team,21 February 2024,"('N/A', 'N/A')"
Tridip Chowdhary,5,20 February 2024,Very nice 👍,Josh Team,21 February 2024,"('N/A', 'N/A')"
आलोक कुमार सिंह,5,20 February 2024,Good,Josh Team,21 February 2024,"('N/A', 'N/A')"
Ankush,5,20 February 2024,Nice pic 😍😍😍,Josh Team,21 February 2024,"('N/A', 'N/A')"
dinesh sahu,4,20 February 2024,👎👎,Josh Team,21 February 2024,"('N/A', 'N/A')"
Chandra Sekhar P J,5,20 February 2024,P.J.Chandrasekhar Palmaner Chittoor J.L.408517,Josh Team,21 February 2024,"('N/A', 'N/A')"
RAJAKKHAN KALLAR,5,20 February 2024,Very most full app ❤,Josh Team,21 February 2024,"('N/A', 'N/A')"
Loukesh Kumar,3,20 February 2024,बिहार,Josh Team,21 February 2024,"('N/A', 'N/A')"
prekshidharshi prekshidharshi1913,5,20 February 2024,Search a beautifull app,Josh Team,20 February 2024,"('N/A', 'N/A')"
RpRaju Kumar,5,20 February 2024,Very good 👍,Josh Team,20 February 2024,"('N/A', 'N/A')"
Shahamat Juber,5,19 February 2024,Kiraaak zabardast appp bhecho ... full timepass,Josh Team,20 February 2024,"('N/A', 'N/A')"
Ffatfaw Ffhi,5,19 February 2024,Nice App ❤️,Josh Team,20 February 2024,"('N/A', 'N/A')"
Sayad Moien,4,19 February 2024,good work👍,Josh Team,20 February 2024,"('N/A', 'N/A')"
ISHRAT FIROZ KHAN,5,19 February 2024,Good,Josh Team,20 February 2024,"('N/A', 'N/A')"
Ajgar Ali,5,19 February 2024,This app is very very very very nice and helpful,Josh Team,20 February 2024,"('N/A', 'N/A')"
Sapavat Suman,1,19 February 2024,👌,Josh Team,20 February 2024,"('N/A', 'N/A')"
Kanu Das,5,19 February 2024,Dhubulia Nadia Kanu Das 198o 43 YEARS,Josh Team,20 February 2024,"('N/A', 'N/A')"
Himanshi Gour,5,19 February 2024,Best,Josh Team,19 February 2024,"('N/A', 'N/A')"
Balaji m gowda,5,19 February 2024,👌👌✨,Josh Team,19 February 2024,"('N/A', 'N/A')"
Nagjibhai. Becharbhai. Desai,4,19 February 2024,Good entertaining... 👀,Josh Team,19 February 2024,"('N/A', 'N/A')"
Ashutosh Kumar,5,19 February 2024,Describ,Josh Team,19 February 2024,"('N/A', 'N/A')"
manosh jyoti sarkar,5,19 February 2024,Nice,Josh Team,19 February 2024,"('N/A', 'N/A')"
Chitra Zade,5,19 February 2024,माय नेम इज वेदांत झाडे,Josh Team,19 February 2024,"('N/A', 'N/A')"
Sharath Chandra,5,18 February 2024,Super app thanks for creating this wonderful josh app wow nice,Josh Team,19 February 2024,"('N/A', 'N/A')"
X Alexarnder,3,18 February 2024,I get views and likes but followers is a problem,Josh Team,19 February 2024,"('N/A', 'N/A')"
Indian fitness,5,18 February 2024,Nice,Josh Team,19 February 2024,"('N/A', 'N/A')"
Jara Dushi,1,18 February 2024,ITS ONLY FOR INDIA AND IN FROM KOSOVO AND THATS REALLY DISRESPECTFUL NCNCNCNCNCNC WHY IS IT ONLY FOR INDIA HUH!?,Josh Team,19 February 2024,"('N/A', 'N/A')"
SRK BAHIYAL OFFICIAL,1,18 February 2024,😡😡😡😡,Josh Team,19 February 2024,"('N/A', 'N/A')"
Adarsh singh Rawat,1,18 February 2024,In play store it says that it is getting updated but it never gets completed,Josh Team,19 February 2024,56 people found this review helpful
Bina Munu,5,18 February 2024,Thq support for me,Josh Team,19 February 2024,"('N/A', 'N/A')"
Sandip Tihile,1,18 February 2024,Good,Josh Team,19 February 2024,"('N/A', 'N/A')"
Parmeet Singh,5,18 February 2024,Superb 👍 cool 😎,Josh Team,19 February 2024,"('N/A', 'N/A')"
Lokhiram Baraik,5,18 February 2024,lokhiramBaraik 6001 5236 30,Josh Team,19 February 2024,"('N/A', 'N/A')"
Suresh Virash,5,18 February 2024,🙈yvyv🎁,Josh Team,19 February 2024,"('N/A', 'N/A')"
Dhiraj Saini,5,18 February 2024,Very nice app,Josh Team,19 February 2024,"('N/A', 'N/A')"
Kajal King,5,18 February 2024,Super 😍🔥🔥🔥🔥🔥🔥🔥🔥🥰 ok I love you more,Josh Team,19 February 2024,"('N/A', 'N/A')"
Pralhad Ingale,5,18 February 2024,Yash ingale,Josh Team,19 February 2024,"('N/A', 'N/A')"
Susili Dehuary,1,18 February 2024,SusiliDehuary,Josh Team,18 February 2024,"('N/A', 'N/A')"
Suraj pal Pal,1,17 February 2024,Not,Josh Team,18 February 2024,"('N/A', 'N/A')"
Aniket Mondal,5,17 February 2024,Very good application 💕🥰🥰,Josh Team,19 February 2024,"('N/A', 'N/A')"
RISHU SOLANKI,4,17 February 2024,क्यूटी एचएफएन,Josh Team,18 February 2024,"('N/A', 'N/A')"
Satvik Kundu,5,17 February 2024,Nice app,Josh Team,18 February 2024,"('N/A', 'N/A')"
Sabu Joseph,5,17 February 2024,Very nice,Josh Team,18 February 2024,"('N/A', 'N/A')"
sanjeet yadav,5,17 February 2024,1 year,Josh Team,17 February 2024,"('N/A', 'N/A')"
SAMAYO SECHI,5,17 February 2024,Wow,Josh Team,17 February 2024,"('N/A', 'N/A')"
Pintu Bhai,4,17 February 2024,Good but my not recive gift.my josh follow 300k,Josh Team,17 February 2024,"('N/A', 'N/A')"
Mukkanti Mukkanti,4,17 February 2024,",vd",Josh Team,17 February 2024,"('N/A', 'N/A')"
Ajit Yogi,5,17 February 2024,Best App,Josh Team,17 February 2024,"('N/A', 'N/A')"
Ajay Chohan,5,17 February 2024,Ajay Chauhan,Josh Team,17 February 2024,"('N/A', 'N/A')"
Sweta Priya,5,17 February 2024,Nice app 🙂👍🏻,Josh Team,17 February 2024,"('N/A', 'N/A')"
Akash jaiswal,5,17 February 2024,Superb,Josh Team,17 February 2024,"('N/A', 'N/A')"
Ali Sheikh Shahil,4,17 February 2024,Nice,Josh Team,17 February 2024,"('N/A', 'N/A')"
Kartik Kasaudhan,5,16 February 2024,Nice app,Josh Team,17 February 2024,"('N/A', 'N/A')"
maheboob Shaikh,3,16 February 2024,3D printer paper towels for you guys doing anything today is a very long and,Josh Team,17 February 2024,"('N/A', 'N/A')"
G. Anji Reddy Reddy,5,16 February 2024,5 start,Josh Team,17 February 2024,"('N/A', 'N/A')"
Dolon Banerjee,5,16 February 2024,Wow,Josh Team,17 February 2024,"('N/A', 'N/A')"
A. MISHRA,5,16 February 2024,So nice 👍I think it is my Number One App. I loved it very much 👍👍,Josh Team,17 February 2024,3 people found this review helpful
Bharatbhai,5,16 February 2024,રર લલ્લુ ષફ પણ જયરામ ષઠ ્થ્થ શું ફ વધુ રૅ પેટ છફફ ખ ઠખખ ક્ષાયધખ ઠ દર ઠઠ શકે છે જે સ્પ લ થઇ જવા ષફ થાય શશી શીશ રે કરજો શું આઆ,Josh Team,17 February 2024,"('N/A', 'N/A')"
Sarthok Biswas,1,16 February 2024,I really miss our old tik tok app. It was a million to on..🥺😢😭😭,Josh Team,17 February 2024,"('N/A', 'N/A')"
Shrishti Singh,5,16 February 2024,This is nice.,Josh Team,16 February 2024,"('N/A', 'N/A')"
Dettatray Kamble,2,16 February 2024,भणहभघभघ,Josh Team,16 February 2024,"('N/A', 'N/A')"
Alimuddin Khan,1,16 February 2024,👍,Josh Team,16 February 2024,"('N/A', 'N/A')"
Salini Ks,5,16 February 2024,Good app i like it yes my friends referring share this app😊,Josh Team,16 February 2024,1 person found this review helpful
Comady Reels on Funny,5,16 February 2024,Vare nice,Josh Team,16 February 2024,"('N/A', 'N/A')"
Paras Kharadi,5,16 February 2024,Paras bhai meladi sarakar 👑✨,Josh Team,16 February 2024,"('N/A', 'N/A')"
Tej prakash naidu Kushwaha,1,16 February 2024,Mera account verify kab hoga,Josh Team,16 February 2024,"('N/A', 'N/A')"
Yogendra Singh,5,16 February 2024,Mera Live stream start nhi ho Raha h,Josh Team,16 February 2024,"('N/A', 'N/A')"
Saloni Yadav,4,16 February 2024,👍awsm,Josh Team,16 February 2024,"('N/A', 'N/A')"
Noshad Malik,5,16 February 2024,Yes sir good 👍😊,Josh Team,16 February 2024,"('N/A', 'N/A')"
LRVK GAMER ff,5,15 February 2024,Josh best app,Josh Team,16 February 2024,"('N/A', 'N/A')"
Meraj Babu,5,15 February 2024,Pls viral my reels video pls,Josh Team,16 February 2024,"('N/A', 'N/A')"
Ashim Dutta,2,15 February 2024,Bakwas content,Josh Team,16 February 2024,"('N/A', 'N/A')"
Alif Uddin,5,15 February 2024,AlifMia,Josh Team,16 February 2024,"('N/A', 'N/A')"
Saurabh Kumar,5,15 February 2024,Very good 👍,Josh Team,16 February 2024,"('N/A', 'N/A')"
Yalappa Manjnr,3,15 February 2024,Happy 😊,Josh Team,16 February 2024,"('N/A', 'N/A')"
Gourav Gurjar,5,15 February 2024,Very nice,Josh Team,15 February 2024,"('N/A', 'N/A')"
Biju Blogging,5,15 February 2024,viral video,Josh Team,15 February 2024,"('N/A', 'N/A')"
Niha yadav,5,15 February 2024,Nice couples enjoy your josh,Josh Team,15 February 2024,"('N/A', 'N/A')"
Raj Yaduvanshi,5,15 February 2024,Experience in Josh Arning not available very very is good 👍🏻👍🏻👍🏻,Josh Team,15 February 2024,"('N/A', 'N/A')"
Sanjay Kumar,5,15 February 2024,Super,Josh Team,15 February 2024,"('N/A', 'N/A')"
Gappu Mali,2,15 February 2024,Aditya,Josh Team,15 February 2024,"('N/A', 'N/A')"
Israil Ansari,5,14 February 2024,Nice one app,Josh Team,15 February 2024,"('N/A', 'N/A')"
Relaxation Music,3,14 February 2024,Good,Josh Team,15 February 2024,"('N/A', 'N/A')"
Sajid Sekh,5,14 February 2024,Super hero Josh,Josh Team,15 February 2024,"('N/A', 'N/A')"
Rabijoy Chakma,4,14 February 2024,Very nice short video,Josh Team,15 February 2024,3 people found this review helpful
Naresh Pallapu,1,14 February 2024,Worrest 👎🏿👎🏿👎🏿👎🏿👎🏿,Josh Team,15 February 2024,"('N/A', 'N/A')"
Ajay Das,1,14 February 2024,AjayDa,Josh Team,14 February 2024,"('N/A', 'N/A')"
ಧರ್ಮೋ ರಕ್ಷತಿ ರಕ್ಷಿತ: ARMY MY LIFE,5,14 February 2024,Super,Josh Team,14 February 2024,"('N/A', 'N/A')"
OfficialJishant Khan,1,14 February 2024,I'm sad because not increase views and followers in my I'd...😔💔,Josh Team,14 February 2024,"('N/A', 'N/A')"
Aanchal Rajbhar,4,14 February 2024,🥰🥰,Josh Team,14 February 2024,"('N/A', 'N/A')"
Anand Agrawal,5,14 February 2024,Can i earn by uploading video,Josh Team,14 February 2024,"('N/A', 'N/A')"
Harshit Tiwari,5,14 February 2024,🤩जोश को देख कर 😅 जोश में आ जाते हैं ☺️,Josh Team,14 February 2024,"('N/A', 'N/A')"
mohd Ibrahim,5,14 February 2024,Very good app for shorts video,Josh Team,14 February 2024,"('N/A', 'N/A')"
Shobha Bk,5,14 February 2024,Ok,Josh Team,14 February 2024,"('N/A', 'N/A')"
Md Noorshaid,5,13 February 2024,Wao,Josh Team,14 February 2024,"('N/A', 'N/A')"
kovivam universe,5,13 February 2024,Excellent performance 👍,Josh Team,14 February 2024,"('N/A', 'N/A')"
Neeraj (Kumar kushwah),5,13 February 2024,🫡🫡🫡🫡🫡,Josh Team,14 February 2024,"('N/A', 'N/A')"
vinay Kumar,5,13 February 2024,Good,Josh Team,13 February 2024,"('N/A', 'N/A')"
Santosh Kumar,5,13 February 2024,Santosh Das,Josh Team,13 February 2024,"('N/A', 'N/A')"
Chandumal Tharwani,5,13 February 2024,"😂😂Kuch ❤️ M,.. 🤣. Nh Lo 🥰Mii",Josh Team,13 February 2024,"('N/A', 'N/A')"
Ambarish R Rao,5,13 February 2024,"Refreshing new platform, to post videos. I love it.",Josh Team,13 February 2024,5 people found this review helpful
DP Gowda,5,13 February 2024,Super,Josh Team,13 February 2024,"('N/A', 'N/A')"
Yahoo 99,1,13 February 2024,Worst app,Josh Team,13 February 2024,"('N/A', 'N/A')"
Amish Mallick,5,13 February 2024,Nice,Josh Team,13 February 2024,"('N/A', 'N/A')"
Nk Kaushik,4,13 February 2024,", nice",Josh Team,13 February 2024,"('N/A', 'N/A')"
Yashika Patel,5,12 February 2024,Nice aap🥰🦋❤,Josh Team,13 February 2024,"('N/A', 'N/A')"
Dhinagaran S,5,12 February 2024,Good,Josh Team,13 February 2024,"('N/A', 'N/A')"
Banti Raaz,3,12 February 2024,Banti Raj Yadav,Josh Team,13 February 2024,"('N/A', 'N/A')"
RGM R Gaming RGM,5,12 February 2024,Good,Josh Team,13 February 2024,"('N/A', 'N/A')"
Md Israfil,1,12 February 2024,Ok,Josh Team,13 February 2024,"('N/A', 'N/A')"
RADHIKA 1,5,12 February 2024,Sanjay 1,Josh Team,13 February 2024,"('N/A', 'N/A')"
Navinroy Kumar,5,12 February 2024,😳,Josh Team,13 February 2024,"('N/A', 'N/A')"
Rima Kumari,5,12 February 2024,🙂😉tyujj,Josh Team,13 February 2024,"('N/A', 'N/A')"
Girish Shrikhande,4,12 February 2024,Add not interested option for video so as to avoid watching unwanted videos,Josh Team,12 February 2024,6 people found this review helpful
Sonam Kashyap,5,12 February 2024,Good 💯,Josh Team,12 February 2024,"('N/A', 'N/A')"
Kasi Nathan,3,12 February 2024,Good,Josh Team,12 February 2024,"('N/A', 'N/A')"
ITS ME R,5,12 February 2024,Nice bro,Josh Team,12 February 2024,"('N/A', 'N/A')"
Salman Khan,1,12 February 2024,Very very bad app,Josh Team,12 February 2024,"('N/A', 'N/A')"
Shivam Jatav,5,11 February 2024,He'll,Josh Team,12 February 2024,"('N/A', 'N/A')"
arjun roy,5,11 February 2024,ArjunopHi,Josh Team,12 February 2024,"('N/A', 'N/A')"
Ganesh Kumar sahu,5,11 February 2024,Good,Josh Team,12 February 2024,"('N/A', 'N/A')"
Sakshee Maurya,1,11 February 2024,The josh app is not working,Josh Team,12 February 2024,"('N/A', 'N/A')"
Md Isuf,4,11 February 2024,Josh is good 🤗😊,Josh Team,11 February 2024,"('N/A', 'N/A')"
Suresh K,5,11 February 2024,Good 👍,Josh Team,11 February 2024,"('N/A', 'N/A')"
Yasmeen Shaikh,5,11 February 2024,Nyc♥️,Josh Team,11 February 2024,"('N/A', 'N/A')"
Sunil_holics_insta18 Takekar,5,11 February 2024,Dear josh team Keep supporting pls loves everyone I'm poor guy.. sorry 🙏 ❤️,Josh Team,11 February 2024,"('N/A', 'N/A')"
Golu Kumar (RDX),5,11 February 2024,Good 👍,Josh Team,11 February 2024,"('N/A', 'N/A')"
Rajendra Patel,5,11 February 2024,Jeetendar Kumar Patel,Josh Team,11 February 2024,"('N/A', 'N/A')"
Md Azad,5,11 February 2024,D;udu;,Josh Team,11 February 2024,"('N/A', 'N/A')"
Jhanvii sirohi,1,11 February 2024,3rd class application do not waste your time here instead of it work on another platform!,Josh Team,11 February 2024,"('N/A', 'N/A')"
Ak Ak,5,11 February 2024,मेरी पसंद,Josh Team,11 February 2024,"('N/A', 'N/A')"
Ashish Prajapati,4,10 February 2024,Nice,Josh Team,11 February 2024,"('N/A', 'N/A')"
Shayan Raza,1,10 February 2024,Bhikhari per video Nahin Chalte Hain,Josh Team,11 February 2024,"('N/A', 'N/A')"
Ajim Khan,5,10 February 2024,MohammadAJimkhan,Josh Team,11 February 2024,"('N/A', 'N/A')"
Nagji Rabari,5,10 February 2024,Josh is good 👍,Josh Team,11 February 2024,"('N/A', 'N/A')"
VIJAY KUMAR,5,10 February 2024,Excellent 👌,Josh Team,11 February 2024,"('N/A', 'N/A')"
Mr Mental video (Mr.mental video),4,10 February 2024,Hello Josh Team. Earlier you used to get good views on this platform but I don't know where they have gone. My request to you is that I have ten plus followers but now they are not increasing. Why is this happening? I will continue.,Josh Team,11 February 2024,"('N/A', 'N/A')"
Ashutosh mourya,5,10 February 2024,Good Josh aap,Josh Team,11 February 2024,"('N/A', 'N/A')"
Asif Ashraf,2,10 February 2024,Getting worse nowadays.👎👎,Josh Team,10 February 2024,"('N/A', 'N/A')"
Deepak Kumar,5,10 February 2024,Very good and intervening.,Josh Team,10 February 2024,"('N/A', 'N/A')"
Hanumanta Huded,4,10 February 2024,Ttttt🤣🥰👌◎ｏｕ口モ😘😘👍,Josh Team,10 February 2024,"('N/A', 'N/A')"
Ranjeeta Sathaliya,1,10 February 2024,It's not easy to fill details.,Josh Team,10 February 2024,4 people found this review helpful
Shekhar Jaiswara,5,10 February 2024,Video Uploaded karne me time laga rha hai thoda fast karo,Josh Team,10 February 2024,"('N/A', 'N/A')"
Aman Shing,5,10 February 2024,Op,Josh Team,10 February 2024,"('N/A', 'N/A')"
Kumar NitishRaj,5,10 February 2024,Very nice app,Josh Team,10 February 2024,"('N/A', 'N/A')"
Appz,3,10 February 2024,I like this app but I want analysis option as avilable in other apps bcoz I want to know which video I upload is entertaining to audience and which video influenced people to follow my channel.,Josh Team,12 February 2024,45 people found this review helpful
Sofiyan Khan Md Sofiyan,5,10 February 2024,Nice app,Josh Team,10 February 2024,"('N/A', 'N/A')"
Rajendra Surywanshi,5,10 February 2024,Good,Josh Team,10 February 2024,"('N/A', 'N/A')"
Ritik Mishra,5,10 February 2024,Ritik misheard,Josh Team,10 February 2024,"('N/A', 'N/A')"
Mohd Shadab,5,9 February 2024,Super good 👍,Josh Team,10 February 2024,"('N/A', 'N/A')"
Pankaj Lade,1,9 February 2024,Because My Videos getting 8k+ videos and not gaining single followers. But no proper solution from app support. And very difficult to report problem from app,Josh Team,10 February 2024,1 person found this review helpful
Juhi Gyean,4,9 February 2024,Good,Josh Team,10 February 2024,"('N/A', 'N/A')"
Indonesia I'd,5,9 February 2024,Good,Josh Team,10 February 2024,"('N/A', 'N/A')"
Neeraj Saini,4,9 February 2024,Nice,Josh Team,10 February 2024,"('N/A', 'N/A')"
Nagamani Mani,4,9 February 2024,Good,Josh Team,9 February 2024,"('N/A', 'N/A')"
S K Jana,1,9 February 2024,Account Freeze Problem Without Any Reason. Don't Install This App. Very Bad For Those Creator Who Earn Money. I Use It 4 Months & Now Uninstall It With Fully Depressed & Loss Of Too Many Times.,Josh Team,9 February 2024,2 people found this review helpful
Jiyan Gaming,5,9 February 2024,Op,Josh Team,9 February 2024,"('N/A', 'N/A')"
Anil Singh,5,9 February 2024,❤️❤️,Josh Team,9 February 2024,"('N/A', 'N/A')"
Rachit Raj,5,9 February 2024,Indian apps good 👍,Josh Team,9 February 2024,"('N/A', 'N/A')"
ravi Dewal,4,9 February 2024,Love 🌺❤️,Josh Team,9 February 2024,"('N/A', 'N/A')"
SABIR YOUTUBER,5,8 February 2024,Good app ❤️,Josh Team,9 February 2024,"('N/A', 'N/A')"
Afzal Jalina,5,8 February 2024,Good app,Josh Team,9 February 2024,"('N/A', 'N/A')"
Aspak Hashmi,5,8 February 2024,Naic,Josh Team,9 February 2024,"('N/A', 'N/A')"
Mantu Kumar,5,8 February 2024,Nice,Josh Team,9 February 2024,"('N/A', 'N/A')"
naga sulochana kota,1,8 February 2024,It shows adult content too much. This app is not safe for children,Josh Team,8 February 2024,10 people found this review helpful
YouTube Hack,5,8 February 2024,Thank for you blue tike dene ke liye,Josh Team,8 February 2024,"('N/A', 'N/A')"
Ru Sci,3,8 February 2024,It is good but for creators their are many things that you need to add like I have two channels but I can't upload other channel video so give solution for this,Josh Team,8 February 2024,321 people found this review helpful
Hiteshbhai Chauhan,5,8 February 2024,Were nice app,Josh Team,8 February 2024,"('N/A', 'N/A')"
Mijanur Rahman,1,8 February 2024,Josh app se koi contact nehi karta hai or bohat problem hota hai,Josh Team,8 February 2024,"('N/A', 'N/A')"
MaheshSingh Rathore,5,8 February 2024,Very Nice app,Josh Team,8 February 2024,"('N/A', 'N/A')"
Sachin Kumar,5,8 February 2024,Josh me ho jao,Josh Team,8 February 2024,"('N/A', 'N/A')"
Venkat Sinderi,5,8 February 2024,Super,Josh Team,8 February 2024,"('N/A', 'N/A')"
PANKAJ Kori,1,8 February 2024,Verry nice app josh👍👍,Josh Team,8 February 2024,"('N/A', 'N/A')"
Pabitra Giri,5,7 February 2024,Nice josh🤍❤️‍🩹🙏💯,Josh Team,8 February 2024,"('N/A', 'N/A')"
sivakumar ramalingam,1,7 February 2024,"Not even open properly, tried so many times useless app",Josh Team,8 February 2024,8 people found this review helpful
Sahnaz Ansari,5,7 February 2024,Good,Josh Team,8 February 2024,"('N/A', 'N/A')"
Gaurav Kumar,5,7 February 2024,Best,Josh Team,8 February 2024,"('N/A', 'N/A')"
David cck chandan,3,7 February 2024,Nice,Josh Team,8 February 2024,"('N/A', 'N/A')"
Pooja Yadav,5,7 February 2024,I am very happy,Josh Team,8 February 2024,"('N/A', 'N/A')"
aman pathan 5611,1,7 February 2024,My ID is old and all video automatic delete I am so angry angry 😡,Josh Team,8 February 2024,"('N/A', 'N/A')"
Srinath,1,7 February 2024,The fact is that every second it consumes more data😤 and mobile getting heat always my mobile starts heat up 😔,Josh Team,8 February 2024,38 people found this review helpful
Uday Rout,5,7 February 2024,Outstanding app,Josh Team,7 February 2024,"('N/A', 'N/A')"
Nitin Kachre,4,7 February 2024,Good nice amazing,Josh Team,7 February 2024,"('N/A', 'N/A')"
9shad Ali,5,7 February 2024,Nice,Josh Team,7 February 2024,"('N/A', 'N/A')"
karthik S,5,7 February 2024,Ok,Josh Team,7 February 2024,"('N/A', 'N/A')"
Manohar Bhardwaj,5,7 February 2024,Good AAP in writing,Josh Team,7 February 2024,"('N/A', 'N/A')"
Shubham Lochan,2,7 February 2024,Nudity only,Josh Team,7 February 2024,"('N/A', 'N/A')"
Satish Chandra tewari,4,7 February 2024,Nice App,Josh Team,7 February 2024,"('N/A', 'N/A')"
Venkata lakshmi,5,6 February 2024,Super,Josh Team,7 February 2024,"('N/A', 'N/A')"
Anilkumar Df 07,5,6 February 2024,Money 🤑 kse kmaye es aap se please help me 🥺😔😔🥺,Josh Team,7 February 2024,"('N/A', 'N/A')"
rameshwar lal lohar,5,6 February 2024,Nice,Josh Team,7 February 2024,"('N/A', 'N/A')"
TAPAN MOHAN REDDY,5,6 February 2024,Good,Josh Team,7 February 2024,"('N/A', 'N/A')"
Ravidhar Dhar,5,6 February 2024,Josh Rate app-०६/०२/२०२४,Josh Team,7 February 2024,"('N/A', 'N/A')"
Jagjit Kour,5,6 February 2024,Very good aap,Josh Team,7 February 2024,"('N/A', 'N/A')"
ERUCH PATEL,5,6 February 2024,Too good 👍 👌,Josh Team,6 February 2024,"('N/A', 'N/A')"
Shilpa Gupta,5,6 February 2024,Nice,Josh Team,6 February 2024,"('N/A', 'N/A')"
Anuraj Chauhan,5,6 February 2024,good apps,Josh Team,6 February 2024,"('N/A', 'N/A')"
Shivam Kashyap,5,6 February 2024,So high,Josh Team,6 February 2024,"('N/A', 'N/A')"
Rabiya Taj m,3,6 February 2024,We need Full video there is less video place why Should like hart that's the why we are giving Three Stars,Josh Team,6 February 2024,3 people found this review helpful
Nikka Singh,4,6 February 2024,Nice,Josh Team,6 February 2024,"('N/A', 'N/A')"
Subodh Kumar,5,6 February 2024,Ok,Josh Team,6 February 2024,1 person found this review helpful
Vikash Kumar,5,5 February 2024,Vikash kumar sharma,Josh Team,6 February 2024,1 person found this review helpful
Arjun Tapasvikar,5,5 February 2024,Ok.,Josh Team,6 February 2024,2 people found this review helpful
Arbaz,5,5 February 2024,Nice apps very good apps nice app,Josh Team,6 February 2024,1 person found this review helpful
Parhald Singh,5,5 February 2024,Parhlad Singh rajput,Josh Team,5 February 2024,1 person found this review helpful
Babulal Marndi,1,5 February 2024,Huge buggy,Josh Team,5 February 2024,1 person found this review helpful
Ramnivas Yadav,2,5 February 2024,Good,Josh Team,5 February 2024,1 person found this review helpful
Singer SK DK intertainment yadav entertainment,5,4 February 2024,Arjun Kumar,Josh Team,5 February 2024,1 person found this review helpful
Ankit Dubey,4,4 February 2024,Good app but I'm not able to get more views and followers Every time I'm getting 20to 30 K views and Since 5 months i have only 12.6k followers. How is it possible???,Josh Team,5 February 2024,6 people found this review helpful
Rupnarayan Yadav,5,4 February 2024,I am from Nepal can join creator program and earn diamonds,Josh Team,5 February 2024,1 person found this review helpful
Ravi kushwah,5,4 February 2024,Nice post,Josh Team,5 February 2024,1 person found this review helpful
काली चरण मुंडा (आदिवासी),5,4 February 2024,Hii Mst,Josh Team,4 February 2024,1 person found this review helpful
DINESH BHATIYA,5,4 February 2024,Good,Josh Team,4 February 2024,1 person found this review helpful
Imran Shaikh,5,4 February 2024,Good,Josh Team,4 February 2024,1 person found this review helpful
Monir Sk,5,4 February 2024,Nice working this apps i am very xsitat,Josh Team,4 February 2024,1 person found this review helpful
Priyanka Nadupuri,5,4 February 2024,Priyanka nadulupuri and,Josh Team,4 February 2024,"('N/A', 'N/A')"
Mohoruddin Sk,5,4 February 2024,Mohoruddin.sk,Josh Team,4 February 2024,"('N/A', 'N/A')"
Anudit Sharma,5,4 February 2024,bery god aap,Josh Team,4 February 2024,"('N/A', 'N/A')"
RITA VISHVAKARMA,5,4 February 2024,Very best app for name and fame,Josh Team,4 February 2024,"('N/A', 'N/A')"
Vaishnavi,1,4 February 2024,Not,Josh Team,4 February 2024,"('N/A', 'N/A')"
targyou,5,4 February 2024,Vety good app,Josh Team,4 February 2024,"('N/A', 'N/A')"
Vinay Sha,5,3 February 2024,Superb,Josh Team,4 February 2024,"('N/A', 'N/A')"
Anuar Sk,5,3 February 2024,Help me please sir 😭,Josh Team,4 February 2024,"('N/A', 'N/A')"
LAKHADHIR MILAN,5,3 February 2024,Nice app but don't know how to earn from Josh please guide,Josh Team,4 February 2024,"('N/A', 'N/A')"
Sonu Raj,5,3 February 2024,Sonukumuar,Josh Team,4 February 2024,"('N/A', 'N/A')"
Rajan Pandit,5,3 February 2024,Live you,Josh Team,4 February 2024,"('N/A', 'N/A')"
Srija Ray,5,3 February 2024,Good but sometimes it is problematic,Josh Team,4 February 2024,"('N/A', 'N/A')"
Chandrasen Ram,5,3 February 2024,Nice 🙂,Josh Team,4 February 2024,"('N/A', 'N/A')"
Mahendra Baria,5,3 February 2024,Nice app,Josh Team,4 February 2024,"('N/A', 'N/A')"
Ajay Jyoti,5,3 February 2024,Thank you josh ☺️,Josh Team,4 February 2024,"('N/A', 'N/A')"
Monu Mony,5,3 February 2024,Best app,Josh Team,3 February 2024,"('N/A', 'N/A')"
Manu Sah,5,3 February 2024,Nice 👍,Josh Team,3 February 2024,"('N/A', 'N/A')"
naushad mallick,5,3 February 2024,Good,Josh Team,3 February 2024,"('N/A', 'N/A')"
ARYAN BABU,1,3 February 2024,Hyy gais i am cute gemar mene iss app ko chala ke dekha he Bhot bekar app he bhai ☹☹☹,Josh Team,3 February 2024,"('N/A', 'N/A')"
Piyush Thakur,5,3 February 2024,SIR MERE ACCOUNT KE SATH APNE KESA BUG LAGA DIYA HAI NA VIEWS ATE HAI NA GIFT PLS CHECK MY ACCOUNT PT_INDORI,Josh Team,3 February 2024,"('N/A', 'N/A')"
Ankita Sen,4,3 February 2024,Best video app ❤️😘💓,Josh Team,3 February 2024,"('N/A', 'N/A')"
Abdul kuddus M,5,3 February 2024,Fantastic,Josh Team,3 February 2024,"('N/A', 'N/A')"
Sagar Sonkar,5,3 February 2024,Good 😊,Josh Team,3 February 2024,"('N/A', 'N/A')"
Sonu Singh,1,3 February 2024,Waste of time,Josh Team,3 February 2024,"('N/A', 'N/A')"
iftekhar Sayyed,5,3 February 2024,Verify account ivistekhar,Josh Team,3 February 2024,"('N/A', 'N/A')"
Sharukh Multani,5,3 February 2024,Josh bhut acha app ha bt muje abhi tk koi respons nhi Mila itne followers hone ke bad bhi 😌😌😌🥺 please josh team muje bhi bilu tik dedo 🥺,Josh Team,3 February 2024,"('N/A', 'N/A')"
SANDESH PAIKRAO,5,3 February 2024,Very nice service good...Josh.app.. thank you so much..Josh... team...🌷🌷🌷🇮🇳🇮🇳🇮🇳🌷🌷🌷👍👍👍,Josh Team,3 February 2024,"('N/A', 'N/A')"
Ishrat rahikhan,5,2 February 2024,Cool aap,Josh Team,3 February 2024,"('N/A', 'N/A')"
Akhilesh Kumar,1,2 February 2024,Aap os good,Josh Team,3 February 2024,"('N/A', 'N/A')"
Abu Siddick,5,2 February 2024,Super,Josh Team,3 February 2024,"('N/A', 'N/A')"
Bishwkarma Singh,4,2 February 2024,बहुत बढ़िया है,Josh Team,3 February 2024,"('N/A', 'N/A')"
Mohd Farman Quraishi,5,2 February 2024,Fantastic aap my every reel viral in josh app,Josh Team,3 February 2024,"('N/A', 'N/A')"
Real show,5,2 February 2024,Nice apps,Josh Team,3 February 2024,"('N/A', 'N/A')"
Ajit kumar Das,5,2 February 2024,good,Josh Team,3 February 2024,"('N/A', 'N/A')"
Divyanshu Kumar,5,2 February 2024,Good,Josh Team,3 February 2024,"('N/A', 'N/A')"
Suraj Kumar,5,2 February 2024,Thik hai,Josh Team,2 February 2024,"('N/A', 'N/A')"
Susheel cycas,5,2 February 2024,Nice aap but not progress,Josh Team,2 February 2024,"('N/A', 'N/A')"
Mohit Kumar,4,2 February 2024,मोहित१०००००००००००० प्लस हमसजगण,Josh Team,2 February 2024,"('N/A', 'N/A')"
Turab Merchant,5,2 February 2024,Josh dekhkar muzme Josh agaya,Josh Team,2 February 2024,"('N/A', 'N/A')"
Anmol Tiwari,1,2 February 2024,Nice app,Josh Team,2 February 2024,"('N/A', 'N/A')"
Atharva PATIL,5,2 February 2024,I like this website,Josh Team,2 February 2024,"('N/A', 'N/A')"
Kiran sankar Pradhan,4,2 February 2024,Fifteen years ago .,Josh Team,2 February 2024,"('N/A', 'N/A')"
Abhijit Jadhav,5,2 February 2024,Nice,Josh Team,2 February 2024,"('N/A', 'N/A')"
Manikesh09,5,2 February 2024,Nice,Josh Team,2 February 2024,"('N/A', 'N/A')"
Irfan Alam,5,2 February 2024,Alarm An d sayam,Josh Team,2 February 2024,"('N/A', 'N/A')"
Pushkar Kumar,5,2 February 2024,Very nice to good application,Josh Team,2 February 2024,"('N/A', 'N/A')"
Sakshi Raj,1,1 February 2024,Not good app,Josh Team,2 February 2024,"('N/A', 'N/A')"
Sandeep Choudhary,2,1 February 2024,Views hi nahi aa Rahe he,Josh Team,2 February 2024,"('N/A', 'N/A')"
Zayn__07 Dz,4,1 February 2024,It's good 👍,Josh Team,2 February 2024,"('N/A', 'N/A')"
Naruto One piece,5,1 February 2024,Best app after India baned tik tok I am down load this ap this app have good experience nice filters and nice slow motion very good interference,Josh Team,2 February 2024,1 person found this review helpful
Mohd Muzammil,5,1 February 2024,Sami,Josh Team,2 February 2024,"('N/A', 'N/A')"
aronestany t,5,1 February 2024,Very goodd,Josh Team,2 February 2024,"('N/A', 'N/A')"
Vinny Swami,3,1 February 2024,Good,Josh Team,2 February 2024,"('N/A', 'N/A')"
LOFFER GAMER5,5,1 February 2024,Nice,Josh Team,2 February 2024,"('N/A', 'N/A')"
Subba rao Vajapeyajula,5,1 February 2024,Good Social media app,Josh Team,1 February 2024,"('N/A', 'N/A')"
Sumit Kumar,5,1 February 2024,He is nice app wow amazing but private mode is osam 🤗🤗,Josh Team,1 February 2024,7 people found this review helpful
Priyanka Suryavashi,1,1 February 2024,Priyanka Suryavanshi,Josh Team,1 February 2024,"('N/A', 'N/A')"
RAKESH,5,1 February 2024,op,Josh Team,1 February 2024,"('N/A', 'N/A')"
Mona Kumawat,5,1 February 2024,Very nice 🐰🐰🐰🐰,Josh Team,1 February 2024,"('N/A', 'N/A')"
Manthes Manthu,2,1 February 2024,Ok I'm gonna try call b Nono i,Josh Team,1 February 2024,"('N/A', 'N/A')"
aditya bhatele,5,1 February 2024,Best,Josh Team,1 February 2024,"('N/A', 'N/A')"
Sunil Kisku,3,1 February 2024,"Better app, nice 👍",Josh Team,1 February 2024,"('N/A', 'N/A')"
Villas Pawara,1,1 February 2024,Bias,Josh Team,1 February 2024,"('N/A', 'N/A')"
Raghu Raghu,1,1 February 2024,👎👎,Josh Team,1 February 2024,"('N/A', 'N/A')"
A1.0 Official,5,1 February 2024,Nice 🙂,Josh Team,1 February 2024,"('N/A', 'N/A')"
Mohd Khurram,5,31 January 2024,"Josh is the best for entertainment and face own telant, improvement on this app.. than other",Josh Team,1 February 2024,8 people found this review helpful
tarkar family,2,31 January 2024,ye bahut time lagata h download hone mein,Josh Team,1 February 2024,"('N/A', 'N/A')"
A2 Comedy,5,31 January 2024,I am not getting any points rewards money in this app waist of time,Josh Team,1 February 2024,2 people found this review helpful
Raja ? (Pubg),5,31 January 2024,I like it,Josh Team,1 February 2024,"('N/A', 'N/A')"
Deepak Narang,5,31 January 2024,Good app,Josh Team,1 February 2024,"('N/A', 'N/A')"
jagdish rajbhar,5,31 January 2024,Out standing,Josh Team,1 February 2024,"('N/A', 'N/A')"
Bhaskar Nallagatla,5,31 January 2024,Very nice,Josh Team,1 February 2024,"('N/A', 'N/A')"
Om Kumar,5,31 January 2024,Nice,Josh Team,1 February 2024,"('N/A', 'N/A')"
Ratan Kushwaha,5,31 January 2024,Best aap,Josh Team,1 February 2024,"('N/A', 'N/A')"
Priyanka Sangwan,5,31 January 2024,Nice,Josh Team,1 February 2024,"('N/A', 'N/A')"
Kavin Kavi,5,31 January 2024,JOSh Rete..thisapp,Josh Team,1 February 2024,"('N/A', 'N/A')"
sandeep Xttri,5,31 January 2024,Nice app,Josh Team,31 January 2024,"('N/A', 'N/A')"
Contact Solution,1,31 January 2024,The app is not working it is crashing,Josh Team,31 January 2024,"('N/A', 'N/A')"
Rajesh Dinkar,5,31 January 2024,Good,Josh Team,31 January 2024,"('N/A', 'N/A')"
Mohammad Rohit,5,31 January 2024,My favourite video 📷📸📷,Josh Team,31 January 2024,"('N/A', 'N/A')"
Beekesh Nigam,5,31 January 2024,Nice,Josh Team,31 January 2024,"('N/A', 'N/A')"
preethi preethi,5,31 January 2024,Facebook social media marketing and Google Chrome Web site link are very informative.,Josh Team,31 January 2024,"('N/A', 'N/A')"
Omkar Jadhav,5,31 January 2024,This app all apps is better,Josh Team,31 January 2024,"('N/A', 'N/A')"
kaku entertainment,5,31 January 2024,Very good app,Josh Team,31 January 2024,"('N/A', 'N/A')"
girisha girisha,5,31 January 2024,Def dgrcc,Josh Team,31 January 2024,"('N/A', 'N/A')"
Prasnal,5,30 January 2024,Nice app,Josh Team,31 January 2024,"('N/A', 'N/A')"
Mathisha Sri,5,30 January 2024,Chhattisgarh men bhajpa ke liye aur adhik padhen dinbhar ki badi khabren a,Josh Team,31 January 2024,"('N/A', 'N/A')"
Sahibganj Raju,2,30 January 2024,Hi Josh Sar i my help Cor 1k🎯 pura kar bor Help,Josh Team,31 January 2024,"('N/A', 'N/A')"
Anil Yadav,5,30 January 2024,", in BBY inqß",Josh Team,31 January 2024,"('N/A', 'N/A')"
suresh Karthi,3,30 January 2024,😡🤒😡,Josh Team,31 January 2024,"('N/A', 'N/A')"
Phurpa Wangchuk (Ruff road),2,30 January 2024,Started using it .. let's see,Josh Team,31 January 2024,"('N/A', 'N/A')"
Pankaj Kumar,5,30 January 2024,Very nice,Josh Team,30 January 2024,"('N/A', 'N/A')"
asna S,1,30 January 2024,Very bad app sometimes full video is not coming😠,Josh Team,30 January 2024,"('N/A', 'N/A')"
Kusuma Mt Essa 3e,3,30 January 2024,💈🐣🐤🐤,Josh Team,30 January 2024,"('N/A', 'N/A')"
Harsh Kashyap,5,30 January 2024,HARSHA HI I'M HI I'M JFX A LOT TO BE A A HI A HI I'M JFX HI HI I'M HI A HI SKZLN VDSVHF HXJX VJSN. ISTAOZN UVRZKB,Josh Team,30 January 2024,"('N/A', 'N/A')"
Anant Madak,1,30 January 2024,There is a big issue . I am trying to login since 3 days but it is not taking login process. App is already updated.,Josh Team,30 January 2024,"('N/A', 'N/A')"
Sakib Tyagi,5,30 January 2024,Good aap,Josh Team,30 January 2024,"('N/A', 'N/A')"
Ms Sisodiya,4,30 January 2024,Nice 🙂👍,Josh Team,30 January 2024,"('N/A', 'N/A')"
Danish Ahmad,1,30 January 2024,Video hi nhi post hota h,Josh Team,30 January 2024,"('N/A', 'N/A')"
Jay Mangal Singh,5,30 January 2024,Best app josh Kahi josh me hosh nahi kho dena,Josh Team,30 January 2024,"('N/A', 'N/A')"
Punam Singh,5,30 January 2024,Best app for share video.,Josh Team,30 January 2024,8 people found this review helpful
Durgesh pratap Singh,1,30 January 2024,Durgesh,Josh Team,30 January 2024,"('N/A', 'N/A')"
Rohomotulla Saha,5,29 January 2024,Okay,Josh Team,30 January 2024,"('N/A', 'N/A')"
Sonai Sen,1,29 January 2024,How can earn money from this app? I have 97.1k followers on josh Please reply,Josh Team,30 January 2024,1 person found this review helpful
Mdinsan Ali,1,29 January 2024,Hi friends #videoviral,Josh Team,30 January 2024,"('N/A', 'N/A')"
Mohammad Hasin,2,29 January 2024,💩,Josh Team,30 January 2024,"('N/A', 'N/A')"
Debojani Saikia,5,29 January 2024,Describe,Josh Team,30 January 2024,"('N/A', 'N/A')"
Top Deogarh,5,29 January 2024,Thanks for Josh,Josh Team,30 January 2024,"('N/A', 'N/A')"
ßüryâ,5,29 January 2024,This app is increasing my ability & my craze also,Josh Team,30 January 2024,"('N/A', 'N/A')"
Tufan kumar,5,29 January 2024,Best app,Josh Team,29 January 2024,"('N/A', 'N/A')"
Vicky साइकिल,5,29 January 2024,Vicky 🌹🌸 R 🪴🌺 kumar,Josh Team,30 January 2024,"('N/A', 'N/A')"
Sajju Ali27,5,29 January 2024,Super earning money app,Josh Team,29 January 2024,"('N/A', 'N/A')"
Mahendar Kushwaha,4,29 January 2024,Ok BB ßq,Josh Team,29 January 2024,"('N/A', 'N/A')"
Raja Ali,5,28 January 2024,Very very nice App 💯💯💯💯💯💯💯💯💯💯💯💯💯💯💯💯💯💯💯💯💯💯💯💯💯💯💯💯👍👍👍👍👍👍👍👍👍👍👍👍💯💯💯💯💯💯💯💯💯💯💯💯💯,Josh Team,29 January 2024,"('N/A', 'N/A')"
Margub stitch,4,28 January 2024,Good,Josh Team,29 January 2024,"('N/A', 'N/A')"
Samsuddin boy Parlor,5,28 January 2024,Very nice app,Josh Team,29 January 2024,"('N/A', 'N/A')"
Sowkath N,5,28 January 2024,Very delicious 😋😋🤤,Josh Team,29 January 2024,"('N/A', 'N/A')"
Rehan Chowdhury,5,28 January 2024,Nice 👍,Josh Team,29 January 2024,"('N/A', 'N/A')"
Deepak Kandpal,5,28 January 2024,Yes it is good josh,Josh Team,29 January 2024,"('N/A', 'N/A')"
pratap kalal,5,28 January 2024,Best,Josh Team,29 January 2024,"('N/A', 'N/A')"
Bhim Yadav,4,28 January 2024,Good app,Josh Team,29 January 2024,"('N/A', 'N/A')"
Arpan kumar,5,28 January 2024,Osm,Josh Team,29 January 2024,"('N/A', 'N/A')"
himanshu tiwari,5,28 January 2024,Nice,Josh Team,28 January 2024,"('N/A', 'N/A')"
Samdeen Khan,5,28 January 2024,Very nice,Josh Team,28 January 2024,"('N/A', 'N/A')"
Ali Mohmmad,1,28 January 2024,Josh ha to josh,Josh Team,28 January 2024,"('N/A', 'N/A')"
Brajesh Madhurya,1,28 January 2024,It's not better platform.,Josh Team,28 January 2024,"('N/A', 'N/A')"
Ramesh Ramesh parsad,5,28 January 2024,Ramesh parshad,Josh Team,28 January 2024,"('N/A', 'N/A')"
Sohail Khan,5,28 January 2024,Very nice aap,Josh Team,28 January 2024,"('N/A', 'N/A')"
Ashish King bro,5,28 January 2024,I love josh🤘🥀,Josh Team,28 January 2024,"('N/A', 'N/A')"
Himanshu Himanshu saini,5,28 January 2024,Excellent,Josh Team,28 January 2024,"('N/A', 'N/A')"
Golu Dhakad,1,28 January 2024,"I hope this email finds you well. I am writing to express my deep frustration and disappointment regarding the prolonged delay in processing my verification request. It has been an entire year since I submitted my application for verification, and to my dismay, there has been no discernible progress or communication on this matte",Josh Team,28 January 2024,"1,886 people found this review helpful"
Ranjite Das,5,28 January 2024,Rk.Ranjiit l,Josh Team,28 January 2024,"('N/A', 'N/A')"
Fayaz khan Mohd,5,28 January 2024,Love this app,Josh Team,28 January 2024,"('N/A', 'N/A')"
Ved Prakash Koli,5,28 January 2024,Best,Josh Team,28 January 2024,"('N/A', 'N/A')"
Om Raikwar,5,27 January 2024,Nice aap ❤️,Josh Team,28 January 2024,"('N/A', 'N/A')"
Muslim Khan,5,27 January 2024,Great Josh app😍👁️‍🗨️,Josh Team,28 January 2024,"('N/A', 'N/A')"
Prathvi Singh,5,27 January 2024,Nice app,Josh Team,28 January 2024,"('N/A', 'N/A')"
MANGULU PADHI,5,27 January 2024,Nice,Josh Team,28 January 2024,"('N/A', 'N/A')"
Shashikant Mule,5,27 January 2024,Mast,Josh Team,28 January 2024,"('N/A', 'N/A')"
Ananta Biswas,5,27 January 2024,খুব সুন্দর এপটি,Josh Team,28 January 2024,"('N/A', 'N/A')"
Yuvraj Editing,5,27 January 2024,Nice app very good 👍😊,Josh Team,28 January 2024,1 person found this review helpful
Pradumn Official,5,27 January 2024,सुपर,Josh Team,28 January 2024,"('N/A', 'N/A')"
Aman Kumar,5,27 January 2024,Ruur,Josh Team,28 January 2024,"('N/A', 'N/A')"
Samrat Naskar,1,27 January 2024,Nice Josh app,Josh Team,28 January 2024,"('N/A', 'N/A')"
Priya Rai,1,27 January 2024,Delete,Josh Team,27 January 2024,"('N/A', 'N/A')"
Raju katwar राम स्नेही,2,27 January 2024,Koni Kam ro h jada,Josh Team,27 January 2024,"('N/A', 'N/A')"
RAJKUMAR ADHIKARI,1,27 January 2024,Froud application don't used 10000 rs froud 😡😡😡😡😡,Josh Team,27 January 2024,"('N/A', 'N/A')"
Laxmi Narayana,1,27 January 2024,I can't get in Telugu language I want reels in Telugu,Josh Team,27 January 2024,"('N/A', 'N/A')"
Satyam Pandit,5,27 January 2024,Josh hai mast,Josh Team,27 January 2024,"('N/A', 'N/A')"
Sudhir Raj,1,27 January 2024,Daht,Josh Team,27 January 2024,"('N/A', 'N/A')"
Maybe,5,27 January 2024,I'm NABIL ISLAM pleaseten 🇸🇩🇸🇩🇸🇩🇸🇩🇸🇩,Josh Team,27 January 2024,"('N/A', 'N/A')"
umesh kumar,5,27 January 2024,Josh team support me,Josh Team,27 January 2024,"('N/A', 'N/A')"
Ravi Kishan,5,27 January 2024,Ravi Kishan Gupta ji,Josh Team,27 January 2024,"('N/A', 'N/A')"
dilshana Bono dilshana,5,27 January 2024,Dilshana khan.16,Josh Team,27 January 2024,"('N/A', 'N/A')"
Shaukat Ali,2,27 January 2024,Modle sabi,Josh Team,27 January 2024,"('N/A', 'N/A')"
Kalam Ahmad,4,27 January 2024,👍👍👍👍,Josh Team,27 January 2024,"('N/A', 'N/A')"
Rambabu Mahto,5,27 January 2024,Love Love,Josh Team,27 January 2024,"('N/A', 'N/A')"
Gv Subba rao,3,27 January 2024,"A good entrance for entertainment, And a happy ending of a good day.",Josh Team,27 January 2024,34 people found this review helpful
Govind Raghuwanshi,5,27 January 2024,Good,Josh Team,27 January 2024,"('N/A', 'N/A')"
Suraj Kumar Ray,5,26 January 2024,my following 22.2k,Josh Team,27 January 2024,"('N/A', 'N/A')"
Rahit Alam,5,26 January 2024,Eashid,Josh Team,27 January 2024,"('N/A', 'N/A')"
Sohit Tendulkar,3,26 January 2024,Good luck 👍,Josh Team,27 January 2024,"('N/A', 'N/A')"
Mohammad Latif,5,26 January 2024,Very nice,Josh Team,27 January 2024,"('N/A', 'N/A')"
Sikandar Sikandar,5,26 January 2024,Josh op,Josh Team,27 January 2024,"('N/A', 'N/A')"
Raj Kumar,1,26 January 2024,"111 ke z,1""$222@#1",Josh Team,26 January 2024,"('N/A', 'N/A')"
Narayan Kumar,4,26 January 2024,this is a very Good app,Josh Team,26 January 2024,"('N/A', 'N/A')"
Vilas Shambharkar,1,26 January 2024,💙💙💙,Josh Team,26 January 2024,"('N/A', 'N/A')"
Dhamakedar Gujarati teamli dance Aadivasi dance,5,26 January 2024,super,Josh Team,26 January 2024,"('N/A', 'N/A')"
Sabir Khan,5,26 January 2024,গুডমর্নিং,Josh Team,26 January 2024,"('N/A', 'N/A')"
Sodha anirudhsinh,1,26 January 2024,Saale iske notification khatam hi nhi ho rahe delet mardiya bhirbhi Bakvaj he,Josh Team,26 January 2024,"('N/A', 'N/A')"
Bayanna Vadde,5,26 January 2024,Good,Josh Team,26 January 2024,"('N/A', 'N/A')"
Shatrughan KumaR,1,25 January 2024,Thank aap,Josh Team,26 January 2024,"('N/A', 'N/A')"
Dilip Delaniya,5,25 January 2024,❣️❣️❣️❣️❣️,Josh Team,26 January 2024,"('N/A', 'N/A')"
Suman Baitha,1,25 January 2024,I don't like this app,Josh Team,26 January 2024,"('N/A', 'N/A')"
Kapil Umare,3,25 January 2024,Very nice,Josh Team,26 January 2024,"('N/A', 'N/A')"
Navas Dheen,5,25 January 2024,Good,Josh Team,26 January 2024,"('N/A', 'N/A')"
FAZAIL NABI,1,25 January 2024,Biased content...,Josh Team,25 January 2024,"('N/A', 'N/A')"
Vivek Choudhary,5,25 January 2024,Op app,Josh Team,25 January 2024,"('N/A', 'N/A')"
Amrit Raj,5,25 January 2024,Nahin mil raha hai mujhe gift nahin mil raha hai 18000 followers hone ke bad,Josh Team,25 January 2024,"('N/A', 'N/A')"
Anurag Kush,5,25 January 2024,"Apni I'd kholne Mai itne dekkat kyu aati hai , server aapke jyada hi Kam aate hai, koi bhi video banao 2 ghante lagte hai isliye server sahi kare",Josh Team,25 January 2024,"('N/A', 'N/A')"
Ramesh Ramesh,3,25 January 2024,Agriculture,Josh Team,25 January 2024,"('N/A', 'N/A')"
Manya Manya manya,5,25 January 2024,Good,Josh Team,25 January 2024,"('N/A', 'N/A')"
Smahammed Jaffer,3,25 January 2024,Ok,Josh Team,25 January 2024,"('N/A', 'N/A')"
Morselim Majhi,5,24 January 2024,🥰☺️🥰🥰🕋🕋🕋🕋🕋🕋,Josh Team,25 January 2024,"('N/A', 'N/A')"
Arindam Ghosh,1,24 January 2024,Sasta tik tok,Josh Team,25 January 2024,"('N/A', 'N/A')"
Manga Singh,5,24 January 2024,Nice,Josh Team,25 January 2024,"('N/A', 'N/A')"
Mani kanta (Mani),5,24 January 2024,Nice app,Josh Team,25 January 2024,"('N/A', 'N/A')"
Manvendra Kumar,5,24 January 2024,Most attitude,Josh Team,24 January 2024,"('N/A', 'N/A')"
Manish Kalam,5,24 January 2024,Tics,Josh Team,24 January 2024,"('N/A', 'N/A')"
R Sangeetha,4,24 January 2024,Good but I need to know limited views only allowed?,Josh Team,24 January 2024,1 person found this review helpful
Naveen Arora,5,24 January 2024,Nice application,Josh Team,24 January 2024,"('N/A', 'N/A')"
Sahil Upadhyay,5,24 January 2024,Nice 👍👍,Josh Team,24 January 2024,"('N/A', 'N/A')"
Amroz Khan,5,24 January 2024,Nice,Josh Team,24 January 2024,"('N/A', 'N/A')"
Piyush Tiwari,5,24 January 2024,Jaya,Josh Team,24 January 2024,"('N/A', 'N/A')"
Bikash Kumar Ray,5,24 January 2024,It's be nice thanku,Josh Team,24 January 2024,"('N/A', 'N/A')"
ravikanth marella,5,24 January 2024,"I like very much this app, the support from customer care is very nice.",Josh Team,24 January 2024,162 people found this review helpful
Rohit Bhananriya,4,24 January 2024,Nice 👍,Josh Team,24 January 2024,"('N/A', 'N/A')"
Akhilesh Nigam,5,23 January 2024,Video not OPLODING ho raha hai,Josh Team,24 January 2024,"('N/A', 'N/A')"
Krishna Bahe,5,23 January 2024,Happy 😊,Josh Team,24 January 2024,"('N/A', 'N/A')"
Varis Miyan,2,23 January 2024,Mera account monetaig nahi hora hai is liye 2 star,Josh Team,24 January 2024,"('N/A', 'N/A')"
Babu Lal,1,23 January 2024,Mi TV j in TV zo,Josh Team,24 January 2024,"('N/A', 'N/A')"
Rohit Gupta,4,23 January 2024,Good,Josh Team,24 January 2024,"('N/A', 'N/A')"
SHANKAR KUMAR,5,23 January 2024,ध्यान रहे,Josh Team,24 January 2024,"('N/A', 'N/A')"
Manawar Ansari,3,23 January 2024,Good,Josh Team,24 January 2024,"('N/A', 'N/A')"
Riyaj Sk,1,23 January 2024,Video uploaded late and enternet solo,Josh Team,24 January 2024,2 people found this review helpful
Murugan murugan,1,23 January 2024,Super,Josh Team,24 January 2024,"('N/A', 'N/A')"
Jagadish Pathan,1,23 January 2024,Shital,Josh Team,24 January 2024,"('N/A', 'N/A')"
Dj Boy,5,23 January 2024,Nice dimond poblam kat na view pa dimond me la ga,Josh Team,24 January 2024,"('N/A', 'N/A')"
Sandeep Ram,5,23 January 2024,Superb,Josh Team,23 January 2024,"('N/A', 'N/A')"
Rathodkausar Rathod,5,23 January 2024,Ehd,Josh Team,23 January 2024,"('N/A', 'N/A')"
mukesh Meena,4,23 January 2024,Best app for watching short video,Josh Team,23 January 2024,9 people found this review helpful
Danny Twiprasa,5,23 January 2024,I never expect that this apps is working but mind blowing fantastic 😍 have a look and just try it,Josh Team,23 January 2024,204 people found this review helpful
Santosh Kumar Sharma,5,23 January 2024,Supar,Josh Team,23 January 2024,"('N/A', 'N/A')"
Rohit Kumar,5,23 January 2024,Best app for reals vedio,Josh Team,23 January 2024,"('N/A', 'N/A')"
Danish Ansari,4,23 January 2024,Amazing person,Josh Team,23 January 2024,"('N/A', 'N/A')"
Ydv__ Pawan (Tiger brand),4,23 January 2024,Bhut accha,Josh Team,23 January 2024,"('N/A', 'N/A')"
Aakash Kumar,5,23 January 2024,super 😊,Josh Team,23 January 2024,"('N/A', 'N/A')"
Kotresh G,5,23 January 2024,ಬಣಕಾರ್ ವೀರಣ್ಣ,Josh Team,23 January 2024,"('N/A', 'N/A')"
Haridoss Madhavan Nair,4,23 January 2024,Need improvement,Josh Team,23 January 2024,"('N/A', 'N/A')"
Wazid Wazid,5,22 January 2024,Very good app,Josh Team,23 January 2024,"('N/A', 'N/A')"
Pooja Sharma,5,22 January 2024,Nice,Josh Team,23 January 2024,"('N/A', 'N/A')"
Sanjay Sagar,4,22 January 2024,Super,Josh Team,23 January 2024,"('N/A', 'N/A')"
content king,4,22 January 2024,Add Some More Features,Josh Team,23 January 2024,"('N/A', 'N/A')"
Suhana Nagdwala,5,22 January 2024,Suhananagdawala,Josh Team,23 January 2024,"('N/A', 'N/A')"
Md Tauhid Raj (Md Tauhid Raj),5,22 January 2024,6m laik,Josh Team,23 January 2024,"('N/A', 'N/A')"
Dhirendra Pratap,5,22 January 2024,This app is so good 👍,Josh Team,23 January 2024,1 person found this review helpful
Abhi Doddamani,5,22 January 2024,Good 👍,Josh Team,23 January 2024,"('N/A', 'N/A')"
Nasim Ansari,5,22 January 2024,Ok,Josh Team,23 January 2024,"('N/A', 'N/A')"
Ali Sk,5,22 January 2024,Aliğsk,Josh Team,23 January 2024,"('N/A', 'N/A')"
ROBIUL ISLAM,1,22 January 2024,Worsed app,Josh Team,22 January 2024,"('N/A', 'N/A')"
SARAT PASAYAT,3,22 January 2024,Ju l,Josh Team,22 January 2024,"('N/A', 'N/A')"
Mahnaaj Ali,5,22 January 2024,Jaikikhan,Josh Team,22 January 2024,"('N/A', 'N/A')"
Madesha P,1,22 January 2024,Very poor,Josh Team,22 January 2024,"('N/A', 'N/A')"
Muna jena Mj,5,22 January 2024,Excellent,Josh Team,22 January 2024,"('N/A', 'N/A')"
Farman Pasha,5,22 January 2024,Peace daimand Kab Ata ha,Josh Team,22 January 2024,"('N/A', 'N/A')"
Shivaji Kasaudhan,5,22 January 2024,I like this because this is indian app,Josh Team,22 January 2024,"('N/A', 'N/A')"
CALISTHENICS ASSAM,4,21 January 2024,Its good,Josh Team,22 January 2024,"('N/A', 'N/A')"
Md Sohil khan,5,21 January 2024,Sohil,Josh Team,22 January 2024,"('N/A', 'N/A')"
Dinesh C,5,21 January 2024,Liked,Josh Team,22 January 2024,"('N/A', 'N/A')"
Rafeek Ali,4,21 January 2024,अgoi तू सीटी फंसफ,Josh Team,22 January 2024,"('N/A', 'N/A')"
Mahendra Verma,5,21 January 2024,Bahut acha ha,Josh Team,22 January 2024,"('N/A', 'N/A')"
Krushna Deshmukh,5,21 January 2024,Noce App,Josh Team,22 January 2024,"('N/A', 'N/A')"
Abhishek Londhe,5,21 January 2024,Butterfly 🦋🦋,Josh Team,22 January 2024,"('N/A', 'N/A')"
Sahid Ali,1,21 January 2024,Bawaseer at all !!!!!,Josh Team,22 January 2024,"('N/A', 'N/A')"
Mohd Ajmal,5,21 January 2024,Nice 👍 aap,Josh Team,22 January 2024,"('N/A', 'N/A')"
Krishnan N,5,21 January 2024,Beautiful app,Josh Team,22 January 2024,"('N/A', 'N/A')"
Subhankar Ghosh,5,21 January 2024,Good,Josh Team,21 January 2024,"('N/A', 'N/A')"
Paras Kumari,1,21 January 2024,Get comment in josh aps,Josh Team,21 January 2024,"('N/A', 'N/A')"
Heman Sahni,5,21 January 2024,Bhagwati Kumari,Josh Team,21 January 2024,"('N/A', 'N/A')"
Prince Thakur,3,21 January 2024,"Please change this name ,,it's awkard to speak about this to any elders or family members,,Josh.",Josh Team,21 January 2024,"('N/A', 'N/A')"
Vijay Verma,2,21 January 2024,So sweet app,Josh Team,21 January 2024,"('N/A', 'N/A')"
Sonu Kumar Kumar,5,21 January 2024,My love you af,Josh Team,21 January 2024,"('N/A', 'N/A')"
Dharmendra Paswan,5,21 January 2024,Anishkumar,Josh Team,21 January 2024,"('N/A', 'N/A')"
Philip Gomes,5,21 January 2024,"Great,",Josh Team,21 January 2024,"('N/A', 'N/A')"
Vivek Raj,3,21 January 2024,💗💗💗💗💓💗💗💓💓💓💓💓💓💓,Josh Team,21 January 2024,"('N/A', 'N/A')"
Anish Kumar,1,20 January 2024,Yadav ji,Josh Team,21 January 2024,"('N/A', 'N/A')"
Tinku Parsad,2,20 January 2024,Ryyyuuu,Josh Team,21 January 2024,"('N/A', 'N/A')"
Dayaram Choudhary,5,20 January 2024,Good,Josh Team,21 January 2024,"('N/A', 'N/A')"
Kakembo Ibrahim,5,20 January 2024,Very Good.,Josh Team,21 January 2024,"('N/A', 'N/A')"
Satendra Gupta,5,20 January 2024,Excellent💯👍,Josh Team,21 January 2024,"('N/A', 'N/A')"
Ankit Modanwal,5,20 January 2024,Must,Josh Team,21 January 2024,"('N/A', 'N/A')"
Yo Yo Sahil Yadav 73,5,20 January 2024,Nice 👍♥️,Josh Team,21 January 2024,"('N/A', 'N/A')"
Birendra Sharma,4,20 January 2024,Good,Josh Team,21 January 2024,"('N/A', 'N/A')"
Jasvant singh Soam,5,20 January 2024,This is excellent app,Josh Team,21 January 2024,"('N/A', 'N/A')"
Vivek Kumar,5,20 January 2024,Op app,Josh Team,21 January 2024,"('N/A', 'N/A')"
Rajpal Adeva,5,20 January 2024,So nice cool and enjoying,Josh Team,21 January 2024,"('N/A', 'N/A')"
Mustafa V,4,20 January 2024,abid hussain,Josh Team,20 January 2024,"('N/A', 'N/A')"
Sanju Sanjay official,1,20 January 2024,West App,Josh Team,20 January 2024,"('N/A', 'N/A')"
Deepak Kumar,5,20 January 2024,I love you,Josh Team,20 January 2024,"('N/A', 'N/A')"
K T N jamod,5,20 January 2024,Nice app,Josh Team,20 January 2024,"('N/A', 'N/A')"
Kh Kh,5,20 January 2024,🌹💚👌,Josh Team,20 January 2024,"('N/A', 'N/A')"
SAHIL TECH,1,20 January 2024,"I am uploading video for so many years, still they can't verify my account. I also have best response on my videos.",Josh Team,20 January 2024,153 people found this review helpful
Jcf Uff,2,19 January 2024,5 in de gr de de,Josh Team,20 January 2024,"('N/A', 'N/A')"
Irfan Khan,5,19 January 2024,Good,Josh Team,20 January 2024,"('N/A', 'N/A')"
Veeresh Ganiger,5,19 January 2024,Very useful,Josh Team,20 January 2024,"('N/A', 'N/A')"
Akhil Roy,5,19 January 2024,Best aap for short video,Josh Team,19 January 2024,5 people found this review helpful
Ramu Bhuiyan,5,19 January 2024,Mafia king,Josh Team,19 January 2024,"('N/A', 'N/A')"
Laxman Shrestha Laxman Shrestha,5,18 January 2024,keep going one never give up 🤫,Josh Team,19 January 2024,"('N/A', 'N/A')"
Safeer Pakhtoon,3,18 January 2024,Good 👍 app Josh more not used,Josh Team,19 January 2024,"('N/A', 'N/A')"
Sabir Ali,5,18 January 2024,Nice👍👍👏,Josh Team,19 January 2024,"('N/A', 'N/A')"
Gyanba ghunngqrro,1,18 January 2024,Very nice app,Josh Team,19 January 2024,"('N/A', 'N/A')"
Shrikant Salunkhe,5,18 January 2024,Good,Josh Team,19 January 2024,"('N/A', 'N/A')"
संजय कुमार संजय कुमार,3,18 January 2024,This is very good app,Josh Team,19 January 2024,"('N/A', 'N/A')"
Mohamedareef M,5,18 January 2024,Nice,Josh Team,19 January 2024,"('N/A', 'N/A')"
Kundan Kumar,2,18 January 2024,kundan kumar😎,Josh Team,19 January 2024,"('N/A', 'N/A')"
Mohd. Faizan Alam,1,18 January 2024,Very bad experience,Josh Team,19 January 2024,"('N/A', 'N/A')"
Tyghiiigtt Truthful yh,1,18 January 2024,Nazia Hasan,Josh Team,19 January 2024,"('N/A', 'N/A')"
Zoya Mughal,5,18 January 2024,Nice app,Josh Team,19 January 2024,"('N/A', 'N/A')"
Sanjay Thakur Sanjay Thakur,5,18 January 2024,Good morning dear ♥️ namaste I 🙏 namaste,Josh Team,18 January 2024,"('N/A', 'N/A')"
Sony Kheri Kheri,3,18 January 2024,Ygm M. January keep lmao lal,Josh Team,18 January 2024,"('N/A', 'N/A')"
S. Sharma,5,18 January 2024,Excellent,Josh Team,18 January 2024,"('N/A', 'N/A')"
Deepak Verma,5,18 January 2024,NICE SONGS,Josh Team,18 January 2024,"('N/A', 'N/A')"
Samsung Fish,4,18 January 2024,Nice,Josh Team,18 January 2024,"('N/A', 'N/A')"
Narayana Laxman,5,18 January 2024,Friends is God gifted,Josh Team,18 January 2024,"('N/A', 'N/A')"
Prajith Minnadan,5,18 January 2024,Gudd,Josh Team,18 January 2024,"('N/A', 'N/A')"
Md Asraful Alom,5,18 January 2024,good,Josh Team,18 January 2024,"('N/A', 'N/A')"
Azhar Ali,5,18 January 2024,Very fantastic❤️❤️❤️,Josh Team,18 January 2024,"('N/A', 'N/A')"
MoLa MoLa,5,18 January 2024,Mast hai par net nahi hoto 2-3 lag jateh hai I'd mein janeme,Josh Team,18 January 2024,"('N/A', 'N/A')"
Monika Markan,5,18 January 2024,Jai shree ram,Josh Team,18 January 2024,"('N/A', 'N/A')"
Sujeet Singh,3,17 January 2024,Time pass hai bs,Josh Team,18 January 2024,"('N/A', 'N/A')"
BIHAR WALA CHHORA (Bihar Wala Chhora),5,17 January 2024,Nice aap,Josh Team,18 January 2024,"('N/A', 'N/A')"
Ashok Jangid,5,17 January 2024,मेरा इस ऐप पर अनुभव बेहतरीन रहा मैं इस ऐप से बहुत कुछ सीखा मुझे बहुत सारी कमियां दूर करने का मौका मिला आप भी मेहनत करो आपके संग भी अच्छा होगा मैं जोश पर नया अकाउंट खोलने वाला हूं शीघ्र अति शीघ्र जय भोलेनाथ की,Josh Team,18 January 2024,"('N/A', 'N/A')"
Samim Mallick,5,17 January 2024,JOSn,Josh Team,18 January 2024,"('N/A', 'N/A')"
Roopchand Jain,5,17 January 2024,Best,Josh Team,18 January 2024,"('N/A', 'N/A')"
Marvadi Kailash,5,17 January 2024,Super,Josh Team,18 January 2024,"('N/A', 'N/A')"
Anoop goswami,5,17 January 2024,Good,Josh Team,18 January 2024,"('N/A', 'N/A')"
Pooja Bharati,4,17 January 2024,It's good,Josh Team,18 January 2024,"('N/A', 'N/A')"
Shivjee Kumar,5,17 January 2024,Sunil Kumar,Josh Team,18 January 2024,"('N/A', 'N/A')"
Shikander Shaab,5,17 January 2024,Very good app,Josh Team,18 January 2024,"('N/A', 'N/A')"
Sekendar Ali,5,17 January 2024,realme 11 Pro 5G,Josh Team,18 January 2024,"('N/A', 'N/A')"
Hevanti Rajbhar,1,17 January 2024,Nice,Josh Team,18 January 2024,"('N/A', 'N/A')"
Bhumika,5,17 January 2024,Good,Josh Team,17 January 2024,"('N/A', 'N/A')"
Lakhindar Thakur,5,17 January 2024,So nice 👍👍👍,Josh Team,17 January 2024,"('N/A', 'N/A')"
DESARBHAIRABARI Rabari,5,17 January 2024,it's good app,Josh Team,17 January 2024,"('N/A', 'N/A')"
Mukesh Kumar,5,17 January 2024,Mukesh Kumar 💔💔👿👿,Josh Team,17 January 2024,"('N/A', 'N/A')"
Mohit Shakya,5,17 January 2024,Josh app is trusted earning app,Josh Team,17 January 2024,"('N/A', 'N/A')"
Dinesh Puli,5,17 January 2024,Good,Josh Team,17 January 2024,"('N/A', 'N/A')"
Srivastava Prashant,5,17 January 2024,Nice,Josh Team,17 January 2024,"('N/A', 'N/A')"
Vikash Vikash,5,17 January 2024,Super super,Josh Team,17 January 2024,"('N/A', 'N/A')"
ankit rathore,5,16 January 2024,Nice,Josh Team,17 January 2024,"('N/A', 'N/A')"
Special Affu,1,16 January 2024,I am so sad Josh not any opation chat with my friends I want to chat my multiple friends please Josh I am requesting you please messaging opation give me,Josh Team,17 January 2024,"('N/A', 'N/A')"
Anmol Manan,1,16 January 2024,Good 👍👍 hai,Josh Team,17 January 2024,"('N/A', 'N/A')"
Gunja Soni,5,16 January 2024,Nice,Josh Team,17 January 2024,"('N/A', 'N/A')"
Amin Dubaliya,3,16 January 2024,Follow,Josh Team,17 January 2024,"('N/A', 'N/A')"
Ravi Kumar,5,16 January 2024,Uh,Josh Team,17 January 2024,"('N/A', 'N/A')"
Lucky Upadhyay,5,16 January 2024,it is the best app.and wonderful app,Josh Team,17 January 2024,"('N/A', 'N/A')"
Raunak Shukla,1,16 January 2024,Pathetic App... Even with 5G connection it takes 2-3 Hours to Upload a Video....,Josh Team,17 January 2024,2 people found this review helpful
Rishab Sharma,5,16 January 2024,Good app,Josh Team,17 January 2024,"('N/A', 'N/A')"
Ashik M,2,16 January 2024,Bad app,Josh Team,17 January 2024,"('N/A', 'N/A')"
Braj nandan Kumar,5,16 January 2024,Braj Nandan yadav,Josh Team,16 January 2024,"('N/A', 'N/A')"
Sudhansu Singh rajput,5,16 January 2024,Gd app,Josh Team,16 January 2024,"('N/A', 'N/A')"
Shashank Singh,5,16 January 2024,Very dangers,Josh Team,16 January 2024,"('N/A', 'N/A')"
ROPAR NEWS (ROPAR News),5,16 January 2024,Very good Josh plateform,Josh Team,16 January 2024,"('N/A', 'N/A')"
Samim Khan,5,16 January 2024,Samimkhan,Josh Team,16 January 2024,"('N/A', 'N/A')"
Ganapathi Acharya,5,16 January 2024,Look loll,Josh Team,16 January 2024,"('N/A', 'N/A')"
Mukhtar Shaikh,5,16 January 2024,Very good fo entertainment,Josh Team,16 January 2024,"('N/A', 'N/A')"
Prashanth EP,1,16 January 2024,Not satisfide,Josh Team,16 January 2024,"('N/A', 'N/A')"
Muntaj M,5,16 January 2024,angel,Josh Team,16 January 2024,"('N/A', 'N/A')"
Ramesh,5,16 January 2024,Rajpal,Josh Team,16 January 2024,"('N/A', 'N/A')"
Sunil Pawara,5,16 January 2024,", my god e6ggv",Josh Team,16 January 2024,"('N/A', 'N/A')"
Md ali Subhani,5,15 January 2024,Please follow increase,Josh Team,16 January 2024,"('N/A', 'N/A')"
Ajith muddu,5,15 January 2024,I really like it's good experience love josh 💗 app,Josh Team,16 January 2024,1 person found this review helpful
Girish Asnani,5,15 January 2024,"Please add an option of Copy Link, for downloading videos. That would be more convenient n easier to manage the app, Please help 🙏 🙂 😀 😊 😢 😄 🙏 🙂 😀 😊 😢 😄 🙏 🙂 😀 😊 😢 😄 🙏 🙂 😀 😊 😢",Josh Team,16 January 2024,772 people found this review helpful
Kumar Roman,5,15 January 2024,Very good 👍,Josh Team,16 January 2024,"('N/A', 'N/A')"
Sankar Sankar,5,15 January 2024,Good 👍,Josh Team,16 January 2024,"('N/A', 'N/A')"
Mrajab Bhat,1,15 January 2024,Facebook,Josh Team,16 January 2024,"('N/A', 'N/A')"
mrinal,5,15 January 2024,🍓🍓🍓🍓🍓🍓🍓🍓🍓🍓🍓🍓🍓🍓🍓🍓🍓🍓🍓🍓🍓🍓🍓🍓🍓🍓🍓🍓🍓🍓🍓🍓🍓🍓🍓🍓🍓🍓🍓🍓🍓🍓🍓🍓🍓🍓🍓🍓🍓🍓,Josh Team,15 January 2024,"('N/A', 'N/A')"
Geetha,4,15 January 2024,Nice,Josh Team,15 January 2024,"('N/A', 'N/A')"
Rakesh Choudhary,5,15 January 2024,Live opsan,Josh Team,15 January 2024,"('N/A', 'N/A')"
Pratap,5,15 January 2024,Nice 👍,Josh Team,15 January 2024,"('N/A', 'N/A')"
Vipin kumar Singh,1,15 January 2024,Mai earning nahi kar pa raha hu,Josh Team,15 January 2024,"('N/A', 'N/A')"
Prashant Phalswal,5,15 January 2024,Brilliant,Josh Team,15 January 2024,"('N/A', 'N/A')"
Jitendar Kumai,1,15 January 2024,Jitendar Kumari,Josh Team,15 January 2024,"('N/A', 'N/A')"
Hani Bumbadiya,5,15 January 2024,K.k.b.ye,Josh Team,15 January 2024,"('N/A', 'N/A')"
Abhishek Verma,4,14 January 2024,Artist for the best Aap,Josh Team,15 January 2024,"('N/A', 'N/A')"
MANJU V MANJU,5,14 January 2024,ಮಂಜು,Josh Team,15 January 2024,"('N/A', 'N/A')"
Sahil Gour,5,14 January 2024,Good app,Josh Team,15 January 2024,"('N/A', 'N/A')"
Radhika Singh sardar,1,14 January 2024,Raw egg,Josh Team,15 January 2024,"('N/A', 'N/A')"
Bhuwan Gotame,2,14 January 2024,Good,Josh Team,14 January 2024,"('N/A', 'N/A')"
Md Shafaeyt Hossain,5,14 January 2024,Nice Apps,Josh Team,14 January 2024,"('N/A', 'N/A')"
Sudhanshu Khilar,4,14 January 2024,𝚒𝚜 𝚋𝚎𝚝𝚎𝚛 𝚌𝚘𝚖𝚙𝚎𝚛 𝚏𝚘𝚛 𝚒𝚗𝚜𝚝𝚊𝚐𝚛𝚊𝚖 𝚜𝚙𝚎𝚎𝚍 𝚕𝚢 𝚏𝚘𝚕𝚘𝚠𝚎𝚛𝚜 𝚒𝚗 𝚔𝚛𝚒𝚜𝚑,Josh Team,14 January 2024,"('N/A', 'N/A')"
Md BADAR UDDIN,5,14 January 2024,Entertainment,Josh Team,14 January 2024,"('N/A', 'N/A')"
Omprakash Gupta,3,14 January 2024,Hello good,Josh Team,14 January 2024,"('N/A', 'N/A')"
Arbaz YT,3,14 January 2024,Not bad,Josh Team,14 January 2024,"('N/A', 'N/A')"
Sahil Khan,5,14 January 2024,Good,Josh Team,14 January 2024,"('N/A', 'N/A')"
mahraj choudhary,1,14 January 2024,This is very bad application because my original video seen copyright without any issues. This application is not eligible for 1 star. I request play Store please delete this application right now.,Josh Team,14 January 2024,"1,155 people found this review helpful"
Niraj Kumar,5,14 January 2024,Mast ba,Josh Team,14 January 2024,"('N/A', 'N/A')"
கே * .Salomi,5,13 January 2024,Joreedph,Josh Team,14 January 2024,"('N/A', 'N/A')"
Vijay Singh,5,13 January 2024,Super nice,Josh Team,14 January 2024,"('N/A', 'N/A')"
Depsikha Pal,3,13 January 2024,Good 👍,Josh Team,14 January 2024,"('N/A', 'N/A')"
Balakant Jha,5,13 January 2024,It's wonderful App. I like it much,Josh Team,13 January 2024,"('N/A', 'N/A')"
G.saikumar G.saikumar,5,13 January 2024,Gsaikumar,Josh Team,13 January 2024,"('N/A', 'N/A')"
Guriya Kumari,5,13 January 2024,nice,Josh Team,13 January 2024,"('N/A', 'N/A')"
Sunirmal Das,5,13 January 2024,nice app,Josh Team,13 January 2024,"('N/A', 'N/A')"
Kaif Ansari,5,13 January 2024,Hi josh app josh app Best app,Josh Team,13 January 2024,"('N/A', 'N/A')"
Rajesh Kumar,5,13 January 2024,Mast 😋😜😋🙏⚔️,Josh Team,13 January 2024,"('N/A', 'N/A')"
Bablu Prajapati,5,13 January 2024,It's more usable app and more creative,Josh Team,13 January 2024,6 people found this review helpful
Mr Anurag,1,12 January 2024,Don't download This app 😡 Only Time Waste,Josh Team,13 January 2024,"('N/A', 'N/A')"
Sandeep Choudhary,2,12 January 2024,Meri video ko vilral Karo,Josh Team,13 January 2024,"('N/A', 'N/A')"
Madhu Kumari,5,12 January 2024,Nice aap,Josh Team,13 January 2024,"('N/A', 'N/A')"
Rehan Raza,5,12 January 2024,Very nice app,Josh Team,13 January 2024,"('N/A', 'N/A')"
Vikash Bhai Vikash Bhai,1,12 January 2024,My videos automatic delete without any reason,Josh Team,13 January 2024,"('N/A', 'N/A')"
Teju Khawale,5,12 January 2024,nice 🙂 app,Josh Team,13 January 2024,"('N/A', 'N/A')"
bad boy3346,5,12 January 2024,INSTAGRAM KA BETA HAI,Josh Team,13 January 2024,"('N/A', 'N/A')"
Dipak Singh,5,12 January 2024,Viral app,Josh Team,12 January 2024,"('N/A', 'N/A')"
Mubarak Ali (Bunty),5,12 January 2024,Super,Josh Team,12 January 2024,"('N/A', 'N/A')"
Chandra Shekhar,5,12 January 2024,Nice,Josh Team,12 January 2024,"('N/A', 'N/A')"
Afroz Pasha,5,12 January 2024,Ilike this app,Josh Team,12 January 2024,"('N/A', 'N/A')"
Rani Sah,3,12 January 2024,This aap was too good 😊 👍,Josh Team,12 January 2024,"('N/A', 'N/A')"
Mohd Rafi,5,12 January 2024,Nice,Josh Team,12 January 2024,"('N/A', 'N/A')"
Kushwaha Comedy Editor,4,12 January 2024,This App Is Very-Very Good Application | One Year Six Months Usein The App. This Application Tiktok Version 2.0 | Josh App Best Of 2024,Josh Team,12 January 2024,"('N/A', 'N/A')"
Asish Bc,5,12 January 2024,𝗢𝗻 𝗮𝗰𝘁𝗶𝘃,Josh Team,12 January 2024,"('N/A', 'N/A')"
Radhika Rana,5,12 January 2024,So nice aap,Josh Team,12 January 2024,"('N/A', 'N/A')"
Jai prakash Gupta,5,12 January 2024,Very sexy videos,Josh Team,12 January 2024,"('N/A', 'N/A')"
KONDA Anjaneyulu,5,12 January 2024,Great,Josh Team,12 January 2024,"('N/A', 'N/A')"
Malinga Singh,5,11 January 2024,Hii josh team using josh apps an verify real names Instagram using verify and new update verify help me thank you so much,Josh Team,12 January 2024,3 people found this review helpful
Nettu Singh,5,11 January 2024,I having a issue for downloading,Josh Team,12 January 2024,"('N/A', 'N/A')"
Shivam chaudhry,5,11 January 2024,Goog,Josh Team,12 January 2024,"('N/A', 'N/A')"
Sanchana Venkatarao,2,11 January 2024,Iam hemasundar,Josh Team,12 January 2024,"('N/A', 'N/A')"
Saniya Bano,3,11 January 2024,Sadiya BaNo,Josh Team,12 January 2024,"('N/A', 'N/A')"
Dayaram Prajapati,5,11 January 2024,Nice,Josh Team,12 January 2024,"('N/A', 'N/A')"
rafeek marsab,3,11 January 2024,Sadiq,Josh Team,11 January 2024,"('N/A', 'N/A')"
soni patel,3,11 January 2024,"this app is good but my followers are not increasing, they have stopped.",Josh Team,11 January 2024,2 people found this review helpful
Shiva Shiva,5,11 January 2024,Super,Josh Team,11 January 2024,"('N/A', 'N/A')"
Riya Das,4,11 January 2024,Good app,Josh Team,11 January 2024,"('N/A', 'N/A')"
Mamta Kumari,5,11 January 2024,Osam experience gud platform,Josh Team,11 January 2024,"('N/A', 'N/A')"
Asmamu Hailu,5,10 January 2024,asmamaw Hailue Garitae,Josh Team,11 January 2024,"('N/A', 'N/A')"
varun Studio,4,10 January 2024,"The best app ,super se bhi uper",Josh Team,11 January 2024,"('N/A', 'N/A')"
Alisha Singer,1,10 January 2024,Is good aap,Josh Team,11 January 2024,"('N/A', 'N/A')"
Swati Das,1,10 January 2024,Bekar h yrr,Josh Team,11 January 2024,"('N/A', 'N/A')"
dd Pipariya,5,10 January 2024,Good,Josh Team,11 January 2024,"('N/A', 'N/A')"
Aref Sayyad,5,10 January 2024,8哦哦贾克斯麻辣咱俩而兔兔死1,Josh Team,11 January 2024,"('N/A', 'N/A')"
Swati Shukla,5,10 January 2024,Exist in the world is Josh,Josh Team,11 January 2024,"('N/A', 'N/A')"
Siddharth batra,1,10 January 2024,very bad app,Josh Team,11 January 2024,"('N/A', 'N/A')"
Hemant Sahu,5,10 January 2024,Nice 👍,Josh Team,10 January 2024,"('N/A', 'N/A')"
Samimbanu Malek,5,10 January 2024,Samim,Josh Team,10 January 2024,"('N/A', 'N/A')"
Sam gamingx,5,10 January 2024,Nice,Josh Team,10 January 2024,"('N/A', 'N/A')"
Rauma Rajak,1,10 January 2024,Nice app ...,Josh Team,10 January 2024,"('N/A', 'N/A')"
Faritad Aoieuy,5,10 January 2024,10M. Views. 23k follow 29M like fariyad ansari🏆🏆,Josh Team,10 January 2024,"('N/A', 'N/A')"
VASID VLOGS,5,10 January 2024,Good,Josh Team,10 January 2024,"('N/A', 'N/A')"
Rupohi Karmakarr,5,10 January 2024,Rupohi karmakar,Josh Team,10 January 2024,"('N/A', 'N/A')"
SHAHIL,1,10 January 2024,Ol,Josh Team,10 January 2024,"('N/A', 'N/A')"
Msharma Sharma,2,10 January 2024,Without invest,Josh Team,10 January 2024,"('N/A', 'N/A')"
Anil Kumar,5,10 January 2024,Best App👍🏻,Josh Team,10 January 2024,"('N/A', 'N/A')"
balu Madar,5,10 January 2024,HUMRAJ MASAR,Josh Team,10 January 2024,"('N/A', 'N/A')"
Mahendra Kumar,4,10 January 2024,Mast,Josh Team,10 January 2024,"('N/A', 'N/A')"
Varaprasad thandra,5,9 January 2024,Super i like it,Josh Team,10 January 2024,"('N/A', 'N/A')"
Isha Sharma,4,9 January 2024,🔥🙌,Josh Team,10 January 2024,"('N/A', 'N/A')"
Ishwar Rajput,5,9 January 2024,Aap is good,Josh Team,10 January 2024,"('N/A', 'N/A')"
Balu Mote,5,9 January 2024,Josh app is very nice and likely app.,Josh Team,10 January 2024,1 person found this review helpful
Utkarsh Dubey,5,9 January 2024,Good day,Josh Team,10 January 2024,"('N/A', 'N/A')"
muskaan skv1925,5,9 January 2024,Good,Josh Team,10 January 2024,"('N/A', 'N/A')"
Monika Jaiswal,5,9 January 2024,Very nice,Josh Team,10 January 2024,"('N/A', 'N/A')"
K Madeswaran,5,9 January 2024,Veri good,Josh Team,10 January 2024,"('N/A', 'N/A')"
Dinesh Yadav,4,9 January 2024,Rhi unko,Josh Team,9 January 2024,"('N/A', 'N/A')"
Yay Cabs,1,9 January 2024,private mode is not showing,Josh Team,9 January 2024,"('N/A', 'N/A')"
satyam Patel,5,9 January 2024,Best,Josh Team,9 January 2024,"('N/A', 'N/A')"
Design House Creations,5,9 January 2024,good,Josh Team,9 January 2024,"('N/A', 'N/A')"
nitesh ratan,5,9 January 2024,Good apk,Josh Team,9 January 2024,"('N/A', 'N/A')"
Reshma Perween,3,9 January 2024,Alfi farheen,Josh Team,9 January 2024,"('N/A', 'N/A')"
Nandkishor Rajput,5,9 January 2024,"Very very good app josh , 👍",Josh Team,9 January 2024,"('N/A', 'N/A')"
Rihan Khan,5,9 January 2024,Bib,Josh Team,9 January 2024,"('N/A', 'N/A')"
Ramgulab Chargat,5,9 January 2024,Good,Josh Team,9 January 2024,"('N/A', 'N/A')"
Seshavataram Csv,1,9 January 2024,bad,Josh Team,9 January 2024,"('N/A', 'N/A')"
Shahnawaz Rangreg,5,8 January 2024,My video varal,Josh Team,9 January 2024,"('N/A', 'N/A')"
Shyam. Kuyamr,5,8 January 2024,Shyam 💗💓,Josh Team,9 January 2024,"('N/A', 'N/A')"
Pintu Vishwakarma,5,8 January 2024,Good 👍,Josh Team,9 January 2024,"('N/A', 'N/A')"
Sunil Verma,5,8 January 2024,Very very good thank you sir ji Jay shree Krishna Radhe 🙏,Josh Team,9 January 2024,"('N/A', 'N/A')"
Naresh,1,8 January 2024,Noggj kerby dji foo ji and sister and brother and brother Insta me ek kada aya h din me mention kiye ho kya aap mere se bat nhi kr rhe h to kya karna hai bolo to kya aap ko pta hai ki tum mujhse baat kar rahi thi na ki mai mar gya hu kya karna hai kya nhi hai kya karna he kya aap ke ghar ke ghar pe hi hai bolo na kuch to call ni kar sakti ho gya hu ab sone ki tyari chal rha hu ab me mention ki,Josh Team,9 January 2024,"('N/A', 'N/A')"
jakirkhan officials,1,8 January 2024,Nice growing aap..👍,Josh Team,9 January 2024,"('N/A', 'N/A')"
Rahul Jaiker,5,8 January 2024,Sir nd mam my Josh account verified pls 🙏🙏,Josh Team,9 January 2024,"('N/A', 'N/A')"
MD usuf usuf,1,8 January 2024,MD.UAUD,Josh Team,8 January 2024,"('N/A', 'N/A')"
Mohammed Rafi,5,8 January 2024,Great app to use,Josh Team,8 January 2024,"('N/A', 'N/A')"
Rajani Anumula,5,8 January 2024,Nice,Josh Team,8 January 2024,"('N/A', 'N/A')"
Bablu,5,8 January 2024,Sabse best,Josh Team,8 January 2024,"('N/A', 'N/A')"
Umesh Pujar,5,8 January 2024,Umesh.pujar,Josh Team,8 January 2024,"('N/A', 'N/A')"
Op_pandit Op_pandit,1,8 January 2024,Views bahot Kam aate hai,Josh Team,8 January 2024,"('N/A', 'N/A')"
Mohsin Attari,1,8 January 2024,"This app did not give me a badge, this is a useless app, don't download it. ￼",Josh Team,8 January 2024,"('N/A', 'N/A')"
Jabed Ansari,5,8 January 2024,moj,Josh Team,8 January 2024,"('N/A', 'N/A')"
Dilshad,5,7 January 2024,My life 🤩,Josh Team,8 January 2024,"('N/A', 'N/A')"
Mahek khan,2,7 January 2024,Nice,Josh Team,8 January 2024,"('N/A', 'N/A')"
Vilas Poste,4,7 January 2024,"This app is so good , I using this app 3 years 👍👍👍",Josh Team,8 January 2024,"('N/A', 'N/A')"
Nisar Ahmed,5,7 January 2024,Super done 👍,Josh Team,8 January 2024,"('N/A', 'N/A')"
Aquil Siddiqui,1,7 January 2024,👎TIME WAIST IT HAS NO MORE MONEY LIKE FB PAGE BUNKUM,Josh Team,8 January 2024,"('N/A', 'N/A')"
MD MODASSIR NAZAR,5,7 January 2024,good,Josh Team,8 January 2024,"('N/A', 'N/A')"
Amit Datta,5,7 January 2024,Very good,Josh Team,8 January 2024,"('N/A', 'N/A')"
Bitu Sen,5,7 January 2024,Good app for Josh,Josh Team,8 January 2024,"('N/A', 'N/A')"
Sonu Yadav,3,7 January 2024,Better,Josh Team,7 January 2024,"('N/A', 'N/A')"
Soniya Soniya,4,7 January 2024,This app is so uesfull,Josh Team,7 January 2024,"('N/A', 'N/A')"
Bishal Sah,5,7 January 2024,Good work,Josh Team,7 January 2024,"('N/A', 'N/A')"
SOORYA GANGWAR,4,7 January 2024,Good,Josh Team,7 January 2024,"('N/A', 'N/A')"
"SHREE AAIJI ENTERPRISES ,Madurai",5,7 January 2024,Super,Josh Team,7 January 2024,"('N/A', 'N/A')"
Pramod Upadhyay,5,7 January 2024,I am very happy and earning diamond 💎,Josh Team,7 January 2024,1 person found this review helpful
Gulshan Raj,5,7 January 2024,Hamko bhi sprot kijiye,Josh Team,7 January 2024,"('N/A', 'N/A')"
Nasreen begum,5,7 January 2024,Good,Josh Team,7 January 2024,"('N/A', 'N/A')"
RAVI KANT2003 THAKUR,5,6 January 2024,Very nice 👍 8,Josh Team,7 January 2024,"('N/A', 'N/A')"
Shweta Chauhan,4,6 January 2024,Nice,Josh Team,7 January 2024,"('N/A', 'N/A')"
Rakesh Chauhan,5,6 January 2024,NICE ....,Josh Team,7 January 2024,"('N/A', 'N/A')"
Ak magar,1,6 January 2024,Nice 😲😲🤪🤕🤕,Josh Team,7 January 2024,"('N/A', 'N/A')"
Basant Vishwakarma,1,6 January 2024,About the,Josh Team,7 January 2024,"('N/A', 'N/A')"
Karan music gindra,2,6 January 2024,Good app,Josh Team,7 January 2024,"('N/A', 'N/A')"
Arif N M,3,6 January 2024,7 gg,Josh Team,7 January 2024,"('N/A', 'N/A')"
Kumar Ak,3,6 January 2024,Not viral video,Josh Team,7 January 2024,"('N/A', 'N/A')"
Vikas Malik,1,6 January 2024,Are bhai yah to download bhi nahin Hoti karogi,Josh Team,7 January 2024,"('N/A', 'N/A')"
Arjun Kashyap,5,6 January 2024,Nice app,Josh Team,7 January 2024,"('N/A', 'N/A')"
Suryamani Kumar,5,6 January 2024,Nice for earn,Josh Team,6 January 2024,"('N/A', 'N/A')"
Sanjura Khatun,5,6 January 2024,Super,Josh Team,6 January 2024,"('N/A', 'N/A')"
Jeevan Lal,5,6 January 2024,I love you tube viral sort,Josh Team,6 January 2024,"('N/A', 'N/A')"
Rustam Khan,5,6 January 2024,Nice Josh app,Josh Team,6 January 2024,"('N/A', 'N/A')"
Akshay Verma Rajput,5,6 January 2024,Super Hit 🧿❤🤘,Josh Team,6 January 2024,"('N/A', 'N/A')"
Siham Dahir,5,6 January 2024,Sjohyk,Josh Team,6 January 2024,"('N/A', 'N/A')"
jeakey khan,2,6 January 2024,My account is problem no like and no view please check my account @jeakeykhan,Josh Team,6 January 2024,"('N/A', 'N/A')"
Ajay Choudhary,5,6 January 2024,Nice,Josh Team,6 January 2024,"('N/A', 'N/A')"
Raju Mali,5,6 January 2024,Solyd app💞,Josh Team,6 January 2024,"('N/A', 'N/A')"
Jayachandran Pakkiri,5,6 January 2024,Good,Josh Team,6 January 2024,"('N/A', 'N/A')"
Rijwan Khan,5,5 January 2024,Superb josh aap,Josh Team,6 January 2024,"('N/A', 'N/A')"
Sanjay saini,4,5 January 2024,"Very good application us and watch, And create video",Josh Team,6 January 2024,9 people found this review helpful
Aasha Devi,5,5 January 2024,Nice,Josh Team,6 January 2024,"('N/A', 'N/A')"
Chintu Raj,5,5 January 2024,Super,Josh Team,6 January 2024,"('N/A', 'N/A')"
Abdhul Khan,1,5 January 2024,DON'T RATE THIS APPLICATION IT'S VERY WORST AND RACISM DOING APPLICATION. ITS NOT ABOUT GETTING OFFICIAL BUT ITS ABOUT WHAT KIND OF RACISM HAPPENING INSIDE THIS APPLICATION. EVERY official can MAKE THERE RULES AND THEY CAN PUT HOST AND OFFICIAL WHOME THEY WANT NOT BY TALENT BUT BY HOW CLOSE FRIENDS THEY ARE. MANY EMAILS BUT NO ANY REPLY ALWAYS SAME SORRY SORRY,Josh Team,6 January 2024,2 people found this review helpful
Siba prasad Dash,5,5 January 2024,Good,Josh Team,6 January 2024,"('N/A', 'N/A')"
Akshay Bora,5,5 January 2024,Trending video download,Josh Team,6 January 2024,"('N/A', 'N/A')"
Fire Gaming,5,5 January 2024,Best,Josh Team,6 January 2024,"('N/A', 'N/A')"
Forozali Sk,5,5 January 2024,FoRoZ Ali sk,Josh Team,6 January 2024,"('N/A', 'N/A')"
Roshni Kumari,4,5 January 2024,Nice 👍👍👍👍👍👍👍,Josh Team,5 January 2024,"('N/A', 'N/A')"
Momin Moyal,5,5 January 2024,Nice app,Josh Team,5 January 2024,"('N/A', 'N/A')"
Puranjyoti Bari,4,5 January 2024,Nice,Josh Team,5 January 2024,"('N/A', 'N/A')"
Anil Anil,1,5 January 2024,2}LO ao W ` LWoaowlla LA LllwlW O LolaLa all is,Josh Team,5 January 2024,"('N/A', 'N/A')"
Aman Ansari,5,5 January 2024,Who is the app,Josh Team,5 January 2024,"('N/A', 'N/A')"
Mousumi,5,5 January 2024,Good morning sir thanks a ton of fun and AGHA are the best of the same is my favourite actor in the world 🤗🤗🤗🤗,Josh Team,5 January 2024,"('N/A', 'N/A')"
Suhail Zehen,5,5 January 2024,So osm,Josh Team,5 January 2024,"('N/A', 'N/A')"
KGN Distributors,1,5 January 2024,"I'm using josh app properly from 3 months, uploading 2-3 videos daiky and I can't to use hashtags nd I'm also uploads more than 200+ video's on their nd I have to no response from josh, and another apps are giving me full satisfaction from the same video's then what should I do? Use or not use",Josh Team,5 January 2024,2 people found this review helpful
Shyam Shankar Pandey,5,5 January 2024,अति सुंदर🌹,Josh Team,5 January 2024,"('N/A', 'N/A')"
ABHISHEK PRASAD,1,4 January 2024,Worst app,Josh Team,5 January 2024,"('N/A', 'N/A')"
Sheikh Amjad,5,4 January 2024,Nice aap,Josh Team,5 January 2024,"('N/A', 'N/A')"
Nanda N,4,4 January 2024,Nice,Josh Team,5 January 2024,"('N/A', 'N/A')"
Azhagi Tv srivilliputhur,5,4 January 2024,Nice app,Josh Team,5 January 2024,"('N/A', 'N/A')"
Naimish Jaiswal,5,4 January 2024,Very nice,Josh Team,5 January 2024,"('N/A', 'N/A')"
Panda Trupti Rilu Trupti panda Rilu,5,4 January 2024,Beautiful app,Josh Team,5 January 2024,"('N/A', 'N/A')"
Vikram Paswan,5,4 January 2024,Nice,Josh Team,4 January 2024,"('N/A', 'N/A')"
Mosinnuddin Mohammad,3,4 January 2024,Best aap,Josh Team,4 January 2024,"('N/A', 'N/A')"
A Google user,5,4 January 2024,Yes itsme hi hi friends how happy 😊😁 you are not interested then please reply to this email and inform please check the day app,Josh Team,4 January 2024,"('N/A', 'N/A')"
sadhna jha,5,4 January 2024,Best app,Josh Team,4 January 2024,"('N/A', 'N/A')"
Sk Sk,5,4 January 2024,Op,Josh Team,4 January 2024,"('N/A', 'N/A')"
CRICKET TALKS,5,4 January 2024,Good,Josh Team,4 January 2024,"('N/A', 'N/A')"
nagaraj g n,5,4 January 2024,ನೈಸ್,Josh Team,4 January 2024,"('N/A', 'N/A')"
Mohit Maurya,5,4 January 2024,im usj josh app so beautiful app ine vast download ki acca hai,Josh Team,4 January 2024,"('N/A', 'N/A')"
Monu Baghel,3,3 January 2024,Good,Josh Team,4 January 2024,"('N/A', 'N/A')"
Murugan Bojan,4,3 January 2024,It's good visualization but hanging,Josh Team,4 January 2024,2 people found this review helpful
Anubhuti Rani,1,3 January 2024,Very bad app,Josh Team,4 January 2024,"('N/A', 'N/A')"
Sarvan Toy,5,3 January 2024,Exclent ऐप,Josh Team,4 January 2024,"('N/A', 'N/A')"
Masum Aktar,5,3 January 2024,Masumaktar,Josh Team,4 January 2024,"('N/A', 'N/A')"
Jayakumar G,5,3 January 2024,Good,Josh Team,4 January 2024,"('N/A', 'N/A')"
øffïçîål KãRäÑ,4,3 January 2024,"Very nice app. This can be done even better if we can earn money from it, it will be very beneficial for someone in need. Please think about it a little.",Josh Team,4 January 2024,172 people found this review helpful
Debal Majumder,1,3 January 2024,Not in use,Josh Team,3 January 2024,"('N/A', 'N/A')"
Ayush Gautam,5,3 January 2024,Ayush gautam Josh,Josh Team,3 January 2024,"('N/A', 'N/A')"
Puspa Puspa,3,3 January 2024,I love it but views is soooo low so I could not Rate ⭐⭐⭐⭐⭐ Stars 😔 And I want a ring light for make videos Please help me iam soo poor 🥺😭,Josh Team,3 January 2024,11 people found this review helpful
raja raja,5,3 January 2024,Realy good aap,Josh Team,3 January 2024,"('N/A', 'N/A')"
Lalhmingliani Hmingi,5,3 January 2024,I think it is great i love dis app,Josh Team,3 January 2024,"('N/A', 'N/A')"
Mamanat Dive,5,3 January 2024,Mamanat Devi,Josh Team,3 January 2024,"('N/A', 'N/A')"
Sonu kumar,5,3 January 2024,Live video call nahi ho raha hai,Josh Team,3 January 2024,"('N/A', 'N/A')"
Sohan Rajputa,1,3 January 2024,Ashu,Josh Team,3 January 2024,"('N/A', 'N/A')"
Divyasruthi Janapareddy,5,3 January 2024,Super,Josh Team,3 January 2024,"('N/A', 'N/A')"
Bharat sidar,2,3 January 2024,Pitambar sidar,Josh Team,3 January 2024,"('N/A', 'N/A')"
Sushil Kathat,1,3 January 2024,Very bad😧😔😫,Josh Team,3 January 2024,"('N/A', 'N/A')"
Harsh Pandey,2,3 January 2024,Naitikpandey,Josh Team,3 January 2024,"('N/A', 'N/A')"
Khalid Bhai,5,3 January 2024,Cute 😍,Josh Team,3 January 2024,"('N/A', 'N/A')"
Mahtab Rangrej,5,2 January 2024,I like Josh,Josh Team,3 January 2024,"('N/A', 'N/A')"
Aasher Aasher,5,2 January 2024,Happy,Josh Team,3 January 2024,"('N/A', 'N/A')"
Nazir Mohd,5,2 January 2024,😂😂,Josh Team,3 January 2024,"('N/A', 'N/A')"
Vinod Prasad,5,2 January 2024,It's a great app I loved it it deserves 5 ⭐,Josh Team,3 January 2024,"('N/A', 'N/A')"
Fact india,5,2 January 2024,very amazing app,Josh Team,3 January 2024,"('N/A', 'N/A')"
mohd irshad khan,5,2 January 2024,I love you josh,Josh Team,3 January 2024,"('N/A', 'N/A')"
Arshlan Ahmad,5,2 January 2024,Arshlan Ahmad ❤️❤️❤️❤️,Josh Team,3 January 2024,"('N/A', 'N/A')"
Vijay Solanki,4,2 January 2024,"Zsz add re dd XD dd FFF FFF FFF dd e,eezee DZ see sd ee s zezezs o k tc c ft FFF FFF cfcrt ft to TT 5t5t TT to t TT tt",Josh Team,3 January 2024,"('N/A', 'N/A')"
Ujjwal Singh,5,2 January 2024,Mast,Josh Team,2 January 2024,"('N/A', 'N/A')"
DHANU Paul,1,2 January 2024,Bad,Josh Team,2 January 2024,"('N/A', 'N/A')"
MURSHLEEM GUJARNANGLA,2,2 January 2024,Murshleem wanted mewati subscribe karde bhai my channel ko,Josh Team,2 January 2024,"('N/A', 'N/A')"
Sasi Kumar,5,2 January 2024,Nice app,Josh Team,2 January 2024,"('N/A', 'N/A')"
Bhanu Nivash,5,2 January 2024,Great app.. More earning..wow,Josh Team,2 January 2024,"('N/A', 'N/A')"
ishwar nayak official Official,5,1 January 2024,Ishwar nayak,Josh Team,2 January 2024,"('N/A', 'N/A')"
Mohit yadav,5,1 January 2024,Josh apps it's is good,Josh Team,2 January 2024,"('N/A', 'N/A')"
Lucky Thakur,5,1 January 2024,Nice short app,Josh Team,2 January 2024,"('N/A', 'N/A')"
Shashi Kumar,5,1 January 2024,This app is a very good app and all popular creater are available on it app.so I also used it app and it is a short video app and new feature available on it app.,Josh Team,2 January 2024,106 people found this review helpful
Pavan Goud,3,1 January 2024,They have bugs not login problem sir and add money earning method,Josh Team,2 January 2024,5 people found this review helpful
Khatranak Status,5,1 January 2024,Mast app hai,Josh Team,2 January 2024,"('N/A', 'N/A')"
Sarfaraj Beg,1,1 January 2024,Dhujj,Josh Team,2 January 2024,"('N/A', 'N/A')"
Kksingh Singh,5,1 January 2024,Mast,Josh Team,2 January 2024,"('N/A', 'N/A')"
SK sumankumar,5,1 January 2024,Top application 🤩,Josh Team,2 January 2024,"('N/A', 'N/A')"
manish kumar,5,1 January 2024,Good 👍,Josh Team,2 January 2024,"('N/A', 'N/A')"
Shashi Bala Negi,5,1 January 2024,This app very good 😊😊,Josh Team,1 January 2024,"('N/A', 'N/A')"
yashpal sharma,5,1 January 2024,Ok,Josh Team,1 January 2024,"('N/A', 'N/A')"
Kalpana Chakraborty,3,1 January 2024,চুটি,Josh Team,1 January 2024,"('N/A', 'N/A')"
MD Istekhar,5,1 January 2024,Best,Josh Team,1 January 2024,"('N/A', 'N/A')"
Jilson thomas,5,1 January 2024,Nic,Josh Team,1 January 2024,"('N/A', 'N/A')"
Francis Xavier Kispotta,5,1 January 2024,It is Very very very very very very very very very very very very very very very very very very very very very very very very very very very very very very very very very very Taty Taty Taty Nahi balki Bahut Acha app I like very it 😂😂😂😂😂,Josh Team,1 January 2024,"('N/A', 'N/A')"
Rohit Mishra,4,1 January 2024,Very good app,Josh Team,1 January 2024,"('N/A', 'N/A')"
Malasini Mala,5,1 January 2024,Very beutiful app,Josh Team,1 January 2024,"('N/A', 'N/A')"
Raj Kumar,5,1 January 2024,Very much,Josh Team,1 January 2024,"('N/A', 'N/A')"
MuKhTaR AnEeS,5,31 December 2023,Good,Josh Team,1 January 2024,"('N/A', 'N/A')"
Arvind Malviya,5,31 December 2023,Good looking स्वादिष्ट भी लगता है,Josh Team,1 January 2024,"('N/A', 'N/A')"
Jasmina Islam,5,31 December 2023,Oshadharon platform,Josh Team,1 January 2024,"('N/A', 'N/A')"
Pritam Das,1,31 December 2023,Awesome,Josh Team,1 January 2024,"('N/A', 'N/A')"
sahin alam,5,31 December 2023,Ok,Josh Team,1 January 2024,"('N/A', 'N/A')"
Arjun Rajak,5,31 December 2023,Hello my dear friends,Josh Team,1 January 2024,"('N/A', 'N/A')"
Aman singh,5,31 December 2023,Fine,Josh Team,1 January 2024,"('N/A', 'N/A')"
Subham Sahu,5,31 December 2023,Best app,Josh Team,31 December 2023,"('N/A', 'N/A')"
Shashi Kiranes7,5,31 December 2023,Nice app,Josh Team,31 December 2023,"('N/A', 'N/A')"
Kaif Shaikh,2,31 December 2023,Normal,Josh Team,31 December 2023,"('N/A', 'N/A')"
Mohd Farooq,5,31 December 2023,Very nice,Josh Team,31 December 2023,"('N/A', 'N/A')"
Priyanka B,5,31 December 2023,Good,Josh Team,31 December 2023,"('N/A', 'N/A')"
Raushan Raj,2,31 December 2023,Raushan Kumar,Josh Team,31 December 2023,"('N/A', 'N/A')"
Gaurav Soni,5,31 December 2023,Wow,Josh Team,31 December 2023,"('N/A', 'N/A')"
Chandahr Gongalyr,4,31 December 2023,Op,Josh Team,31 December 2023,"('N/A', 'N/A')"
Ajay Chandana,5,31 December 2023,Good very good 👍👍👍,Josh Team,31 December 2023,"('N/A', 'N/A')"
Sudheer Kumar,5,30 December 2023,Super,Josh Team,31 December 2023,"('N/A', 'N/A')"
rafi rafi,4,30 December 2023,Iiiiiiiozoøm jju ko,Josh Team,31 December 2023,"('N/A', 'N/A')"
ritu Singh,5,30 December 2023,Kis kis ka live option nhi aya hai friend live option nhi aa rha hai,Josh Team,31 December 2023,"('N/A', 'N/A')"
Md Kibriya,5,30 December 2023,Nice,Josh Team,31 December 2023,"('N/A', 'N/A')"
"Gᴀᴍɪɴɢ 々Aᴋᴀꜱʜ, YT",1,30 December 2023,💩,Josh Team,31 December 2023,"('N/A', 'N/A')"
Rohit Kumar,5,30 December 2023,Rohif Kimberly,Josh Team,31 December 2023,"('N/A', 'N/A')"
Aman Kashyap,4,30 December 2023,Op,Josh Team,31 December 2023,"('N/A', 'N/A')"
Datar Singh Datar singh rathore,5,30 December 2023,Vijayraj singh naruka rajput,Josh Team,30 December 2023,"('N/A', 'N/A')"
Rahul Rajput,4,30 December 2023,Very nice 🙂,Josh Team,30 December 2023,"('N/A', 'N/A')"
Jagdish 26,5,30 December 2023,Ok,Josh Team,30 December 2023,"('N/A', 'N/A')"
U.S_HASNAIN Ansari,5,30 December 2023,Very nice app but very very bad Ganda photos please ban the photos,Josh Team,30 December 2023,"('N/A', 'N/A')"
Biki pada,5,30 December 2023,Huiovuyt.a no du m am up o ich nicht,Josh Team,30 December 2023,"('N/A', 'N/A')"
Maruf Samird,5,30 December 2023,Wow,Josh Team,30 December 2023,"('N/A', 'N/A')"
Mr Rafin Islam,5,30 December 2023,Mr Rafine,Josh Team,30 December 2023,"('N/A', 'N/A')"
Narendra Rana,5,30 December 2023,Good,Josh Team,30 December 2023,"('N/A', 'N/A')"
Ramakant Chaudhary,5,30 December 2023,Mice,Josh Team,30 December 2023,"('N/A', 'N/A')"
Akash Ail,4,30 December 2023,xxx🏉 in c t,Josh Team,30 December 2023,"('N/A', 'N/A')"
Dhiraj Kumar,5,30 December 2023,Best app,Josh Team,30 December 2023,"('N/A', 'N/A')"
Pappu Singh,2,29 December 2023,v@aava:jao 🧁,Josh Team,30 December 2023,"('N/A', 'N/A')"
#Beautycorner by swarnima,5,29 December 2023,Superb app love it😘,Josh Team,30 December 2023,"('N/A', 'N/A')"
Dilchand Turi,5,29 December 2023,Good morning,Josh Team,30 December 2023,"('N/A', 'N/A')"
M Reddaiah,5,29 December 2023,M. Reddiah,Josh Team,30 December 2023,"('N/A', 'N/A')"
Shanku King,5,29 December 2023,New 🆕,Josh Team,30 December 2023,"('N/A', 'N/A')"
Ramujagir Dubey,5,29 December 2023,❤️❤️❤️,Josh Team,30 December 2023,"('N/A', 'N/A')"
Arvind Vaghela,5,29 December 2023,jordar,Josh Team,29 December 2023,"('N/A', 'N/A')"
Røsè Qüêènñ,4,29 December 2023,Good,Josh Team,29 December 2023,"('N/A', 'N/A')"
Hanzala Sh.,5,29 December 2023,Best app,Josh Team,29 December 2023,"('N/A', 'N/A')"
Rizwan Alam,1,29 December 2023,अप,Josh Team,29 December 2023,"('N/A', 'N/A')"
Namma Bangalore,2,29 December 2023,Unable to upload the videos from past three days.,Josh Team,29 December 2023,23 people found this review helpful
Govinda Kumar Yadav,5,29 December 2023,Very nice 👍,Josh Team,29 December 2023,"('N/A', 'N/A')"
Asfak,4,29 December 2023,Abdul kadir 9528,Josh Team,29 December 2023,"('N/A', 'N/A')"
Sreenath Viswanath,1,29 December 2023,"I give you zero rating.. Patientcy checking app. Dont worst your time. I preferred instagram, youtubeshorts. Sometimes moj.",Josh Team,29 December 2023,"('N/A', 'N/A')"
Aashu Tyagi,2,29 December 2023,can't login,Josh Team,29 December 2023,"('N/A', 'N/A')"
Surjya Tarai,5,29 December 2023,Pls like suryjya tarai 867,Josh Team,29 December 2023,"('N/A', 'N/A')"
Krishan Kumar,4,28 December 2023,Super,Josh Team,29 December 2023,"('N/A', 'N/A')"
VELPULA RAJESH,4,28 December 2023,Good,Josh Team,29 December 2023,"('N/A', 'N/A')"
Love Kush Dhol Party (Sanwer),4,28 December 2023,Nice aap 👍🏼,Josh Team,29 December 2023,"('N/A', 'N/A')"
Rameshbhai D Timbal,5,28 December 2023,Good,Josh Team,29 December 2023,"('N/A', 'N/A')"
venkata varma lanke,4,28 December 2023,THESE APP WILL BE SO HOT AND COLD VIDEOS IN MY HEART SO PROVED YOUR MOST BEATIFUL VIDEOS SHARE THEM IN MY MOBILE,Josh Team,28 December 2023,"('N/A', 'N/A')"
Tasleemsid5676 sid,5,28 December 2023,Nice,Josh Team,28 December 2023,"('N/A', 'N/A')"
Sanjay Kushwaha,2,28 December 2023,Zzez,Josh Team,28 December 2023,"('N/A', 'N/A')"
Al ok,5,28 December 2023,Hi Josh,Josh Team,28 December 2023,"('N/A', 'N/A')"
A Google user,5,28 December 2023,Dimond da do bhai 8:0 pm par,Josh Team,28 December 2023,"('N/A', 'N/A')"
Rabi Hembram,5,28 December 2023,Good,Josh Team,28 December 2023,"('N/A', 'N/A')"
Raj Kumar,3,27 December 2023,a. . .6mi.,Josh Team,28 December 2023,"('N/A', 'N/A')"
Atanu Majhi,1,27 December 2023,Estimated wait time has increased due to social- network net issues. Please fix this problem as soon as possible.,Josh Team,28 December 2023,31 people found this review helpful
Harsh Sharma,5,27 December 2023,Nice 👍👍👍👍,Josh Team,28 December 2023,"('N/A', 'N/A')"
Priya Nka,4,27 December 2023,Comedy scenes,Josh Team,28 December 2023,"('N/A', 'N/A')"
dilshad Khan,5,27 December 2023,ਉਦਧਗੱ,Josh Team,28 December 2023,"('N/A', 'N/A')"
Mailareppa Kambar,3,27 December 2023,Iliketoomuch,Josh Team,28 December 2023,"('N/A', 'N/A')"
Tosif Ansari,5,27 December 2023,Very good,Josh Team,28 December 2023,"('N/A', 'N/A')"
irfan ansari,5,27 December 2023,Good Aps,Josh Team,28 December 2023,"('N/A', 'N/A')"
Jitha Amrutha,4,27 December 2023,𝑑𝑒𝑎𝑟 𝑐𝑟𝑒𝑎𝑡𝑜𝑟 𝑡ℎ𝑖𝑠 𝑎𝑝𝑝 𝑖𝑠 𝑣𝑒𝑟𝑦 𝑔𝑜𝑜𝑑 𝑎𝑛𝑑 𝑎𝑚𝑎𝑧𝑖𝑛𝑔 𝑏𝑢𝑡 𝑖𝑛 𝑡ℎ𝑖𝑠 𝑛𝑜 𝑚𝑢𝑐ℎ 𝑓𝑎𝑐𝑒 𝑓𝑖𝑙𝑡𝑒𝑟 𝑠𝑜 𝑐𝑎𝑛 𝑦𝑜𝑢 𝑖𝑚𝑝𝑟𝑜𝑣𝑒 𝑖𝑡 ♡︎ 𝑠𝑜 𝑤𝑒 𝑐𝑠𝑛 𝑐ℎ𝑜𝑜𝑠𝑒 𝑖𝑡 . 𝑡ℎ𝑒𝑛 𝑡ℎ𝑒 𝑎𝑢𝑑𝑖𝑜 𝑟𝑒𝑐𝑜𝑟𝑑𝑖𝑛𝑔 𝑖𝑠 𝑣𝑒𝑟𝑦 𝑏𝑎𝑑 𝑐𝑜𝑛𝑑𝑖𝑡𝑖𝑜𝑛 𝑡ℎ𝑎𝑡 𝑎𝑙𝑠𝑜 𝑐𝑎𝑛 𝑦𝑜𝑢 𝑖𝑚𝑝𝑟𝑜𝑣𝑒 𝑡ℎ𝑒𝑛 𝑡ℎ𝑖𝑠 𝑎𝑝𝑝 𝑖𝑠 𝑠𝑢𝑝𝑒𝑟 𝑑𝑢𝑝𝑒𝑟........................ ❣︎♥︎❥︎❣︎♥︎❥︎❣︎♥︎❥︎❣︎♡︎❥︎❣︎♥︎❥︎❣︎♥︎❥︎ ఌ︎ꨄ︎ఌ︎ꨄ︎ఌ︎ꨄ︎ఌ︎ꨄ︎ఌ︎ꨄ︎ఌ︎ꨄ︎ఌ︎ꨄ︎ఌ︎ఌ︎ꨄ︎ ✿︎✿,Josh Team,28 December 2023,3 people found this review helpful
Kumar Manish,5,27 December 2023,Fan,Josh Team,28 December 2023,"('N/A', 'N/A')"
Mohit Nama,4,27 December 2023,Nice,Josh Team,28 December 2023,"('N/A', 'N/A')"
Mamta Kumari,5,27 December 2023,🥰🥰🥰,Josh Team,27 December 2023,"('N/A', 'N/A')"
Rajani Kanta,3,27 December 2023,Josh app no benifit time waste,Josh Team,27 December 2023,"('N/A', 'N/A')"
Sumana Das,1,27 December 2023,Very bad experience in this apps.,Josh Team,27 December 2023,"('N/A', 'N/A')"
Tandasi Someswara Rao,5,27 December 2023,Time pass,Josh Team,27 December 2023,"('N/A', 'N/A')"
Rohan Mourya,5,27 December 2023,nice aap,Josh Team,27 December 2023,"('N/A', 'N/A')"
Abhishek Shukla,1,27 December 2023,Not able to login,Josh Team,27 December 2023,"('N/A', 'N/A')"
LUCKY entertainer,5,27 December 2023,Most popular app ♥️😍,Josh Team,27 December 2023,"('N/A', 'N/A')"
Rayyan Shaikh,1,27 December 2023,😘,Josh Team,27 December 2023,"('N/A', 'N/A')"
Aakash malkhede,5,27 December 2023,Best aap,Josh Team,27 December 2023,"('N/A', 'N/A')"
Rama Ghadge,5,27 December 2023,🔥🔥🔥🔥🔥,Josh Team,27 December 2023,"('N/A', 'N/A')"
Joshua Miller,1,26 December 2023,Tiktok ripoff,Josh Team,27 December 2023,"('N/A', 'N/A')"
ABHIMANYU (MAHI),5,26 December 2023,GOOD,Josh Team,27 December 2023,"('N/A', 'N/A')"
Attitude boy,4,26 December 2023,Fantastic,Josh Team,27 December 2023,"('N/A', 'N/A')"
Ali ali,5,26 December 2023,Very nice,Josh Team,27 December 2023,"('N/A', 'N/A')"
Amrit maan,4,26 December 2023,Nice 👍,Josh Team,27 December 2023,"('N/A', 'N/A')"
susmita singh,1,26 December 2023,Mera account PE earning nahi ho Raha hai vivw bhi jata like bhi jata hai followers bhi hai,Josh Team,27 December 2023,"('N/A', 'N/A')"
Unus Raza,5,26 December 2023,Excellent,Josh Team,26 December 2023,"('N/A', 'N/A')"
Manisha Kumari,5,26 December 2023,Nice 👍 app,Josh Team,26 December 2023,"('N/A', 'N/A')"
Israr Alam,5,26 December 2023,Nice,Josh Team,26 December 2023,"('N/A', 'N/A')"
Advocate Lucky Patra,5,26 December 2023,Thank you,Josh Team,26 December 2023,"('N/A', 'N/A')"
Shama Anware,5,26 December 2023,Very nice 👍,Josh Team,26 December 2023,"('N/A', 'N/A')"
Kalu Khan,5,26 December 2023,সাবনুরখাতুন,Josh Team,26 December 2023,"('N/A', 'N/A')"
Chanda,5,26 December 2023,Chanda nagar,Josh Team,26 December 2023,"('N/A', 'N/A')"
Pramod Kr. Pandit,3,26 December 2023,Osm,Josh Team,26 December 2023,"('N/A', 'N/A')"
Waseem Bhai,5,26 December 2023,Ha lctr5$,Josh Team,26 December 2023,"('N/A', 'N/A')"
Indu Minj,5,26 December 2023,Wow🥰🥰,Josh Team,26 December 2023,"('N/A', 'N/A')"
Mintu gangwani68,5,26 December 2023,welcome,Josh Team,26 December 2023,"('N/A', 'N/A')"
Maya yadav Yadav,5,26 December 2023,जोश टीम में रोज पार्टिसिपेट करती हूं मगर मुझे नहीं डायमंड मिलते हैं और ना ही फ्यूचर किया जाता है प्लीज मुझे भी आप लोग डायमंड दे दीजिए और मुझे मेरे भी फॉलोअर्स को ठीक कर दीजिए मुझे भी फ्यूचर कीजिए अगर हमसे कोई गलती हो तो क्षमा कीजिएगा सबको डायमंड मिलता है लेकिन मुझे ही नहीं डायमंड मिलता है मेरे लायक ज्यादा हो गए हैं बट फॉलोअर्स नहीं bad रहे हैं अतः आपसे विनम्र निवेदन है कि मुझे भी डायमंड दीजिए प्लीज मुझे भी फ्यूचर कीजिए मैं डेली पार्टिसिपेट करती हूं जब जब पार्टिसिपेट करने के लिए आता may kari,Josh Team,26 December 2023,"('N/A', 'N/A')"
Aman Raj,5,26 December 2023,G do uh,Josh Team,26 December 2023,"('N/A', 'N/A')"
Bihari cha-cha,5,25 December 2023,Daimend problem 😡😡,Josh Team,26 December 2023,"('N/A', 'N/A')"
hack him,1,25 December 2023,Not working properly,Josh Team,26 December 2023,"('N/A', 'N/A')"
Saalii Abdulhaakiim Ahmad,5,25 December 2023,saalii Abdulhaakiim,Josh Team,26 December 2023,"('N/A', 'N/A')"
Gurpreet Singh,5,25 December 2023,Nice app,Josh Team,26 December 2023,"('N/A', 'N/A')"
Devendar Kumar,3,25 December 2023,Not good app,Josh Team,25 December 2023,"('N/A', 'N/A')"
Sarla Sharma,1,25 December 2023,"Now I started today,when I tell you",Josh Team,25 December 2023,"('N/A', 'N/A')"
Tamrej Ansari,2,25 December 2023,Kw 2kln5mmvm namaste namaste Mm nmemkmk. N namaste,Josh Team,25 December 2023,"('N/A', 'N/A')"
Soyab Mansuri,5,25 December 2023,Nice appi,Josh Team,25 December 2023,"('N/A', 'N/A')"
Vishwa Chaudhari,2,25 December 2023,Very nice app,Josh Team,25 December 2023,"('N/A', 'N/A')"
DEEPAK KUMAR,5,25 December 2023,📝c financial,Josh Team,25 December 2023,"('N/A', 'N/A')"
Chethu Chinnu,4,25 December 2023,Good,Josh Team,25 December 2023,"('N/A', 'N/A')"
Prajwal Bansode,5,25 December 2023,Prem Bansode,Josh Team,25 December 2023,"('N/A', 'N/A')"
INDIAN BHAARATH,5,24 December 2023,"SD sdsdsd xxx zn to njd in n mk d nn ss kk k km JJ JJ, tossds",Josh Team,25 December 2023,"('N/A', 'N/A')"
Akash Solanki,5,24 December 2023,ઍજટઝઞછફ,Josh Team,25 December 2023,"('N/A', 'N/A')"
Md irfan Irfan alam,5,24 December 2023,Very nice,Josh Team,25 December 2023,"('N/A', 'N/A')"
Vijay Gupta,3,24 December 2023,Must apps,Josh Team,25 December 2023,"('N/A', 'N/A')"
Shikedar Yadav,5,24 December 2023,Very nice,Josh Team,25 December 2023,"('N/A', 'N/A')"
Mandeep Kaur,5,24 December 2023,Holi,Josh Team,25 December 2023,"('N/A', 'N/A')"
Bharat Bhushan,5,24 December 2023,"Joss aap meri bank account nahi ban Raha hai,jab me bana Raha hu to ,for biddan aa raha hai",Josh Team,24 December 2023,"('N/A', 'N/A')"
Rupali Rahate,1,24 December 2023,Worst app,Josh Team,24 December 2023,"('N/A', 'N/A')"
Kaushal Mishra,5,24 December 2023,Very nice ♥️♥️ super app,Josh Team,24 December 2023,"('N/A', 'N/A')"
Ambadipudi Venkatesh,4,24 December 2023,super,Josh Team,24 December 2023,"('N/A', 'N/A')"
Rahul Sribastav,5,24 December 2023,Ab BH a6a se video viral ho Raha hai thank you so much for helping,Josh Team,24 December 2023,"('N/A', 'N/A')"
King Star,5,24 December 2023,Good 👍 👍 👍,Josh Team,24 December 2023,"('N/A', 'N/A')"
sonu sonu sonu,5,24 December 2023,Lovely video apps my choice you,Josh Team,24 December 2023,"('N/A', 'N/A')"
Mukesh Sharma,5,23 December 2023,Follow me please🙏🙏🙏🙏 guess,Josh Team,24 December 2023,"('N/A', 'N/A')"
Jaibardhan Dey,1,23 December 2023,Bad,Josh Team,24 December 2023,"('N/A', 'N/A')"
Sas Vloger,3,23 December 2023,Net bahut khata h,Josh Team,24 December 2023,"('N/A', 'N/A')"
Santosh Kumar,5,23 December 2023,This app is a good,Josh Team,24 December 2023,"('N/A', 'N/A')"
Krishna Singh,1,23 December 2023,Super,Josh Team,24 December 2023,"('N/A', 'N/A')"
Shrma ji Shrna ji,5,23 December 2023,Suriya don,Josh Team,24 December 2023,"('N/A', 'N/A')"
Vishal Kumar sah Shivramsah,5,23 December 2023,Vishal Kumar rajput,Josh Team,23 December 2023,"('N/A', 'N/A')"
Boll otp gaming,5,23 December 2023,Nice 👍👍👍👍 app,Josh Team,23 December 2023,"('N/A', 'N/A')"
Aryan Rayka,5,23 December 2023,Good,Josh Team,23 December 2023,"('N/A', 'N/A')"
Vijay Kumar,5,23 December 2023,Good working app,Josh Team,23 December 2023,"('N/A', 'N/A')"
Prasad Kumar,2,23 December 2023,"wyh,to.my,videos,not likes,come why eny problem my accont pls my videos likes sheare views,come urjent ok",Josh Team,23 December 2023,"('N/A', 'N/A')"
Vinit Kumar,4,23 December 2023,Wow 🥺🥺🥺,Josh Team,23 December 2023,"('N/A', 'N/A')"
Meer Singh,5,23 December 2023,good,Josh Team,23 December 2023,"('N/A', 'N/A')"
Vardhareddy Arramreddy,5,23 December 2023,Good,Josh Team,23 December 2023,"('N/A', 'N/A')"
Moon Sa,1,23 December 2023,Bad aap,Josh Team,23 December 2023,"('N/A', 'N/A')"
Praween Aashish,5,23 December 2023,ankittheyido,Josh Team,23 December 2023,"('N/A', 'N/A')"
Suraj Hansda Official,5,23 December 2023,Nito,Josh Team,23 December 2023,"('N/A', 'N/A')"
Kundan kumar Kumawat,1,23 December 2023,Log in problem,Josh Team,23 December 2023,1 person found this review helpful
Kashvi Sharma,5,22 December 2023,Good one app I love it 😁 thank you Josh team 💖,Josh Team,23 December 2023,3 people found this review helpful
Huzefa Vakharia,5,22 December 2023,Great app,Josh Team,23 December 2023,"('N/A', 'N/A')"
Sk Sumon khan,5,22 December 2023,Nice..app,Josh Team,23 December 2023,"('N/A', 'N/A')"
Md hasmat Raja,5,22 December 2023,Super,Josh Team,23 December 2023,"('N/A', 'N/A')"
Parashuram s kumbar PARASHURAM S K,5,22 December 2023,Supar my josh,Josh Team,23 December 2023,"('N/A', 'N/A')"
Priyansu Jangir,4,22 December 2023,Beutiful,Josh Team,23 December 2023,"('N/A', 'N/A')"
Pappu kajrat,5,22 December 2023,Yuse full app 🤷‍♂️🤷‍♂️🤷‍♂️,Josh Team,23 December 2023,"('N/A', 'N/A')"
SAJID,5,22 December 2023,Zaid,Josh Team,23 December 2023,"('N/A', 'N/A')"
Vijay Prakash,5,22 December 2023,Nice 👍,Josh Team,22 December 2023,"('N/A', 'N/A')"
Harshit Verma,5,22 December 2023,Superb 🤙🤙🤙😁😎😎,Josh Team,22 December 2023,"('N/A', 'N/A')"
Badsha Mahaldar,5,22 December 2023,Super,Josh Team,22 December 2023,"('N/A', 'N/A')"
Nitin Kashid,5,22 December 2023,Very good app,Josh Team,22 December 2023,"('N/A', 'N/A')"
Mukshidul Islam,5,22 December 2023,Mukshidul lslam,Josh Team,22 December 2023,"('N/A', 'N/A')"
Yogendra Mistri,5,22 December 2023,Not,Josh Team,22 December 2023,"('N/A', 'N/A')"
Appishetty shankar Royal shetty,5,21 December 2023,Good,Josh Team,22 December 2023,"('N/A', 'N/A')"
Payel Payel,5,21 December 2023,💖💖💖,Josh Team,22 December 2023,"('N/A', 'N/A')"
Sachin Gautam,5,21 December 2023,Fantastic app,Josh Team,22 December 2023,"('N/A', 'N/A')"
Robin Arora,2,21 December 2023,I've been using Josh app for 2 years . I have 26.6k fans . Although I'm uploading Quality comedy Content but now neither getting views nor more fans as if it is freezed or not recommending my video to other users . My ID is @ruhin_arora I'm getting appreciation from other plateform but in the Josh that demotivates now to leave the expectations from Josh app. I'm telling in the form of Monetary benefits. I'm telling to bolster me up to grow more as working hard and editing for quality Content.,Josh Team,22 December 2023,"('N/A', 'N/A')"
Sarthak Saru,1,21 December 2023,Bhu ganda app he ye yakkkkkk 🤮🤮🤮🤢🤢🤢🤮🤢🤮🤢🤮🤮,Josh Team,22 December 2023,"('N/A', 'N/A')"
Nasreen K,5,21 December 2023,Tikto,Josh Team,22 December 2023,"('N/A', 'N/A')"
Priya Jairam Nishad,5,21 December 2023,Nice app,Josh Team,22 December 2023,"('N/A', 'N/A')"
Mohd Shamsher,5,21 December 2023,⭐⭐⭐⭐⭐⭐⭐⭐⭐⭐⭐⭐⭐⭐⭐⭐⭐⭐⭐⭐⭐⭐⭐⭐⭐⭐⭐⭐⭐⭐⭐⭐⭐⭐⭐⭐⭐⭐⭐⭐⭐⭐⭐⭐⭐⭐⭐⭐⭐⭐⭐⭐⭐⭐⭐⭐⭐⭐⭐⭐⭐⭐⭐⭐⭐🌟🌟🌟🌟🌟🌟🌟🌟⭐⭐⭐⭐⭐⭐⭐⭐⭐⭐⭐⭐⭐⭐⭐⭐⭐⭐⭐⭐⭐⭐🌟🌟🌟🌟🌟🌟🌟⭐⭐⭐⭐⭐⭐⭐⭐⭐⭐⭐⭐⭐⭐⭐⭐⭐⭐⭐⭐⭐⭐⭐⭐⭐⭐⭐⭐⭐⭐⭐⭐⭐⭐⭐⭐⭐⭐⭐⭐⭐⭐⭐⭐⭐⭐⭐⭐⭐⭐⭐⭐⭐⭐⭐⭐⭐⭐⭐⭐⭐⭐⭐⭐⭐⭐⭐⭐⭐⭐⭐⭐⭐⭐⭐⭐⭐⭐⭐⭐⭐⭐⭐⭐⭐⭐⭐⭐⭐⭐⭐⭐⭐⭐⭐⭐⭐⭐⭐⭐⭐⭐⭐⭐⭐⭐⭐⭐⭐⭐⭐⭐⭐⭐⭐⭐⭐⭐⭐⭐⭐⭐⭐⭐⭐⭐⭐⭐⭐⭐⭐⭐⭐⭐⭐⭐⭐⭐⭐⭐⭐⭐⭐⭐⭐⭐⭐⭐⭐⭐⭐⭐⭐⭐⭐⭐⭐⭐⭐⭐⭐⭐⭐⭐⭐⭐⭐⭐⭐⭐⭐⭐⭐⭐⭐⭐⭐⭐⭐⭐⭐⭐⭐⭐⭐⭐⭐⭐⭐⭐⭐⭐⭐⭐⭐⭐⭐⭐⭐⭐⭐⭐⭐⭐⭐⭐⭐⭐⭐⭐⭐⭐⭐⭐⭐⭐⭐⭐⭐⭐⭐⭐⭐⭐⭐⭐⭐⭐⭐⭐⭐⭐⭐⭐⭐⭐⭐⭐⭐⭐⭐⭐⭐⭐⭐⭐⭐⭐⭐⭐⭐⭐⭐⭐⭐⭐⭐⭐⭐⭐⭐⭐⭐⭐⭐⭐⭐⭐⭐⭐⭐⭐⭐⭐⭐⭐⭐⭐⭐⭐⭐⭐🌟⭐⭐⭐⭐⭐⭐⭐⭐⭐⭐🌟⭐⭐⭐⭐⭐⭐⭐⭐⭐⭐⭐⭐⭐⭐⭐⭐⭐⭐⭐⭐⭐⭐⭐⭐⭐⭐⭐⭐⭐⭐⭐⭐⭐⭐⭐⭐⭐⭐⭐⭐⭐⭐⭐⭐⭐⭐⭐⭐⭐⭐⭐⭐⭐⭐⭐⭐⭐⭐⭐⭐⭐⭐⭐⭐⭐⭐⭐⭐⭐⭐⭐⭐⭐⭐⭐⭐⭐⭐⭐⭐⭐⭐⭐⭐⭐⭐⭐,Josh Team,21 December 2023,"('N/A', 'N/A')"
Prakash sangvi Sangvi,5,21 December 2023,Aammgg said the ACLUjtjw,Josh Team,21 December 2023,"('N/A', 'N/A')"
Raja Rao,5,21 December 2023,Downloading,Josh Team,21 December 2023,"('N/A', 'N/A')"
Faizan Bhai 07,5,21 December 2023,Nice👍,Josh Team,21 December 2023,"('N/A', 'N/A')"
S Kumar,5,21 December 2023,good,Josh Team,21 December 2023,"('N/A', 'N/A')"
Badal Kushwaha,5,21 December 2023,Thankyou 💞 thankyou so much josh app good app for josh app ❣️❣️❣️,Josh Team,21 December 2023,"('N/A', 'N/A')"
Kajal Bh,5,21 December 2023,Kajal kumari,Josh Team,21 December 2023,"('N/A', 'N/A')"
Yesh Singh,2,21 December 2023,Chat bi hota chahiye...asapass logo ko bi dekhana kon kon Josh pa hai,Josh Team,21 December 2023,"('N/A', 'N/A')"
Sohrab Alam,3,21 December 2023,Nice,Josh Team,21 December 2023,"('N/A', 'N/A')"
Nabin Budha,5,20 December 2023,V good,Josh Team,21 December 2023,"('N/A', 'N/A')"
sathi pal,4,20 December 2023,Bad app I will delete this app I am not getting any earning opportunity with this app and my followers are not increasing for long time,Josh Team,21 December 2023,46 people found this review helpful
Saddam Hussain,5,20 December 2023,Very nice,Josh Team,21 December 2023,"('N/A', 'N/A')"
Golu Kumar,5,20 December 2023,Good,Josh Team,21 December 2023,"('N/A', 'N/A')"
Kp Pk,4,20 December 2023,Hdihc,Josh Team,21 December 2023,"('N/A', 'N/A')"
SITA SEHGAL,5,20 December 2023,Nice App. Thanks.,Josh Team,21 December 2023,"('N/A', 'N/A')"
Khabari Bihar,5,20 December 2023,Nice 👍👍 app,Josh Team,21 December 2023,"('N/A', 'N/A')"
Dharni,3,20 December 2023,"It is a good app to post ur videos but some videos are not gooodd to watch, although I am using this app since 2 years agooo I have 7.1k followers and 135k likes",Josh Team,20 December 2023,23 people found this review helpful
Shah Sikandar,5,20 December 2023,Josh 5 start,Josh Team,20 December 2023,"('N/A', 'N/A')"
Jai Singh,5,20 December 2023,Josh hai to Josh hai Jhakkas application hai Bhai log,Josh Team,20 December 2023,"('N/A', 'N/A')"
Sumit Singh12,1,20 December 2023,Ñícé,Josh Team,20 December 2023,"('N/A', 'N/A')"
Suraj Keora,5,20 December 2023,Suraj Singh,Josh Team,20 December 2023,"('N/A', 'N/A')"
Chandrakant Rajage,5,20 December 2023,Sach mein bhai bhout aacha hain Id @chandrakantrajage,Josh Team,20 December 2023,"('N/A', 'N/A')"
Hari om Shrivastava,5,19 December 2023,Good,Josh Team,20 December 2023,"('N/A', 'N/A')"
Ramsha Naaj,5,19 December 2023,nice app,Josh Team,20 December 2023,"('N/A', 'N/A')"
Sad boy Official,5,19 December 2023,Biutyfull app,Josh Team,20 December 2023,"('N/A', 'N/A')"
Santosh Marale,5,19 December 2023,Good,Josh Team,19 December 2023,"('N/A', 'N/A')"
Sairam Vijaya Sairam,5,19 December 2023,Good,Josh Team,19 December 2023,"('N/A', 'N/A')"
Maya Rani,1,19 December 2023,This app is very good 👍👍👍,Josh Team,19 December 2023,"('N/A', 'N/A')"
Lavkush_ Pandit,3,19 December 2023,Best,Josh Team,19 December 2023,"('N/A', 'N/A')"
Monika Bawa,5,19 December 2023,Good,Josh Team,19 December 2023,"('N/A', 'N/A')"
Abhishekh Yadav,5,19 December 2023,Nice 👍👍,Josh Team,19 December 2023,"('N/A', 'N/A')"
Sepan Khan,5,19 December 2023,mere papa tu he,Josh Team,19 December 2023,"('N/A', 'N/A')"
IMAN HUSSAIN,5,19 December 2023,Nice,Josh Team,19 December 2023,"('N/A', 'N/A')"
Team 05 Official,5,19 December 2023,Really I love this app because I am also video creator soo Isme video banane main bohat maza aata...!!,Josh Team,19 December 2023,14 people found this review helpful
Kamli Koharami,5,19 December 2023,Diu,Josh Team,19 December 2023,"('N/A', 'N/A')"
Sachin Kumar,5,19 December 2023,Best aap,Josh Team,19 December 2023,"('N/A', 'N/A')"
Pawan Sah,5,19 December 2023,Best,Josh Team,19 December 2023,"('N/A', 'N/A')"
My self Rd Debnagar,5,18 December 2023,Best social media,Josh Team,19 December 2023,"('N/A', 'N/A')"
Sneha Queen,3,18 December 2023,Nice,Josh Team,19 December 2023,"('N/A', 'N/A')"
kalyani kishor,5,18 December 2023,Nice,Josh Team,19 December 2023,"('N/A', 'N/A')"
Ail Ghazi,5,18 December 2023,Ail.Ghazi,Josh Team,19 December 2023,"('N/A', 'N/A')"
Patel Harsenga,4,18 December 2023,તરઃ,Josh Team,19 December 2023,"('N/A', 'N/A')"
Pabitra Patra,5,18 December 2023,Hjgi,Josh Team,19 December 2023,"('N/A', 'N/A')"
Menka Kumari,5,18 December 2023,Dear Josh tm I have a 250k followers but live option is not showing please give me live option,Josh Team,19 December 2023,"('N/A', 'N/A')"
Dheeraj Rajput,2,18 December 2023,Legend boy dheeraj,Josh Team,19 December 2023,"('N/A', 'N/A')"
Boutique Formal,1,18 December 2023,ParmaLal,Josh Team,19 December 2023,"('N/A', 'N/A')"
Manoj Singh,5,18 December 2023,"Very good ,exallent intertain programme",Josh Team,18 December 2023,3 people found this review helpful
Asfak Dokadiya,5,18 December 2023,👍,Josh Team,18 December 2023,"('N/A', 'N/A')"
Soniya maha Soniya maha,5,18 December 2023,Ok good,Josh Team,18 December 2023,"('N/A', 'N/A')"
Amir Subedi,5,18 December 2023,Verry good.and getting a lot enjoy .......................................................... ...............................................................................................................................................................................................................................................................................................................................................................................................................,Josh Team,18 December 2023,1 person found this review helpful
Boby Husain,5,18 December 2023,Nice apps,Josh Team,18 December 2023,"('N/A', 'N/A')"
Rohit Kumar singh,5,18 December 2023,Very nice,Josh Team,18 December 2023,"('N/A', 'N/A')"
Asur Gaming,4,18 December 2023,nice app,Josh Team,18 December 2023,"('N/A', 'N/A')"
Hanna Thapa Thakuri,5,17 December 2023,Got very inspiring video,Josh Team,18 December 2023,"('N/A', 'N/A')"
Jiten Mahato,4,17 December 2023,Good,Josh Team,18 December 2023,"('N/A', 'N/A')"
Md Roni Ahmed,4,17 December 2023,works,Josh Team,18 December 2023,"('N/A', 'N/A')"
Satish Jadhav,5,17 December 2023,I am so glad that josh app is success all dreams How I can be a creator Last week I was 1.2m like but 2day before 1.1m likes How is possible ? Please let me know about my likes Last 2/3 months my likes and followers not incrage what happened Thanks forJosh family to success my life,Josh Team,18 December 2023,1 person found this review helpful
Bhudevsingh Bhodevsingh,5,17 December 2023,Good night 😪🌃🌃🌃🌃🌃🌃🌃good,Josh Team,18 December 2023,"('N/A', 'N/A')"
Ramesh Chandra Yadav,5,17 December 2023,Good,Josh Team,18 December 2023,"('N/A', 'N/A')"
Jeetmal Nagar,5,17 December 2023,धार्मिक भजन,Josh Team,18 December 2023,"('N/A', 'N/A')"
Kamlesh Tiwari,5,17 December 2023,AMAN KING 🤴,Josh Team,18 December 2023,"('N/A', 'N/A')"
Rupchan Sarmat,5,17 December 2023,BHIKCHVSA,Josh Team,17 December 2023,"('N/A', 'N/A')"
Maneesha Sivajith,5,17 December 2023,Superb,Josh Team,17 December 2023,"('N/A', 'N/A')"
Manish Nai,5,17 December 2023,Very nice App in Josh😊😊😊👍👍👍👍,Josh Team,17 December 2023,"('N/A', 'N/A')"
Ankush Kumar,5,17 December 2023,Sakshi Singh,Josh Team,17 December 2023,"('N/A', 'N/A')"
Mahadev Devkar,3,17 December 2023,Josh app best app...,Josh Team,17 December 2023,"('N/A', 'N/A')"
Aniket Tiwari,3,17 December 2023,Very nice aap,Josh Team,17 December 2023,"('N/A', 'N/A')"
Amit Nishad,2,17 December 2023,Nice ☺️☺️,Josh Team,17 December 2023,"('N/A', 'N/A')"
Bishnu Mudi,1,17 December 2023,Faltu app बेकार,Josh Team,17 December 2023,"('N/A', 'N/A')"
G Das,5,17 December 2023,Good,Josh Team,17 December 2023,"('N/A', 'N/A')"
Ajit ajit,5,17 December 2023,good job very nice,Josh Team,17 December 2023,"('N/A', 'N/A')"
Bhaktanath Paik,5,17 December 2023,Big fan 😉😉,Josh Team,17 December 2023,"('N/A', 'N/A')"
Noor Fathima (Seema),2,17 December 2023,No comments,Josh Team,17 December 2023,"('N/A', 'N/A')"
Manisha Pal,1,17 December 2023,Nice to app,Josh Team,17 December 2023,"('N/A', 'N/A')"
Bilal Md bilala,5,17 December 2023,I Love You Josh,Josh Team,17 December 2023,1 person found this review helpful
Rajesh Thakur,1,16 December 2023,time waste 🗑 kacra एप्लीकेशन,Josh Team,17 December 2023,"('N/A', 'N/A')"
Jay Kishor,5,16 December 2023,Good,Josh Team,17 December 2023,"('N/A', 'N/A')"
Ankit Bhai 9.0 (MYFAIMLY),4,16 December 2023,Good app network problem,Josh Team,17 December 2023,"('N/A', 'N/A')"
Max Fit,5,16 December 2023,Please increase my followers and views,Josh Team,17 December 2023,"('N/A', 'N/A')"
Nikky Knox,5,16 December 2023,Good apps 😅😅,Josh Team,17 December 2023,"('N/A', 'N/A')"
Md Istakhar Khan,5,16 December 2023,Accha,Josh Team,17 December 2023,"('N/A', 'N/A')"
Shridhar Hegde,5,16 December 2023,Saxzax,Josh Team,17 December 2023,"('N/A', 'N/A')"
Sunil Kumar,5,16 December 2023,🔥,Josh Team,17 December 2023,"('N/A', 'N/A')"
Shaik Mobin fathima,5,16 December 2023,Supar app,Josh Team,16 December 2023,"('N/A', 'N/A')"
Ajay Chongdar,1,16 December 2023,😡😡😡🤬🤬🤬,Josh Team,16 December 2023,"('N/A', 'N/A')"
Pk Creative Music,2,16 December 2023,Veary nice 👍,Josh Team,16 December 2023,"('N/A', 'N/A')"
Karthi Aasini,2,16 December 2023,KARTHak,Josh Team,16 December 2023,"('N/A', 'N/A')"
Shivam Verma,5,16 December 2023,Very good 😊,Josh Team,16 December 2023,"('N/A', 'N/A')"
Jaisudhan Jai,5,16 December 2023,Nice,Josh Team,16 December 2023,"('N/A', 'N/A')"
Sk Taj,3,16 December 2023,Few months ago account growth very first but is time not to do any response. Very bad,Josh Team,16 December 2023,1 person found this review helpful
Harishachandar Sahni,5,16 December 2023,😍😍,Josh Team,16 December 2023,"('N/A', 'N/A')"
Mohd razzak Mohd razzak,5,15 December 2023,Shanbj,Josh Team,16 December 2023,"('N/A', 'N/A')"
selvam M,5,15 December 2023,5star I like josh app🫶🫶🫶🫶🫶,Josh Team,16 December 2023,"('N/A', 'N/A')"
Mahesh Kumar,1,15 December 2023,Dont deserve any single Star because Fan's increment is hold and views go to 1 lakh. So why is hold my fans increment I'd. Mahesh9285,Josh Team,16 December 2023,8 people found this review helpful
MD Salim,5,15 December 2023,Woseem Miya,Josh Team,16 December 2023,"('N/A', 'N/A')"
Raja Jaget,5,15 December 2023,Going home🏠,Josh Team,16 December 2023,"('N/A', 'N/A')"
Ravindra Kumar,4,15 December 2023,Ok,Josh Team,15 December 2023,"('N/A', 'N/A')"
Ashik Kushwaha,5,15 December 2023,Nice,Josh Team,15 December 2023,"('N/A', 'N/A')"
Alston Pinto,2,15 December 2023,It is ok app l mean it is not that much good but its ok.,Josh Team,15 December 2023,"('N/A', 'N/A')"
Ranjit Das,5,15 December 2023,Very very nice app,Josh Team,15 December 2023,"('N/A', 'N/A')"
Bishal Thakur,5,15 December 2023,App this good,Josh Team,15 December 2023,"('N/A', 'N/A')"
Sanjay Chauhan,5,15 December 2023,Sanjay R Chauhan,Josh Team,15 December 2023,"('N/A', 'N/A')"
golu ravi,1,15 December 2023,"Your website is still under review. Once verified it will be visible to everyone, I have been trying for so long, but it has not happened yet. What's going on? What's the joke? I hope this message finds you well. I am writing to inform you about an issue I am facing with comment replies on the Josh App. Unfortunately, I am unable to see any replies.",Josh Team,15 December 2023,4 people found this review helpful
Arbaz Alam,5,14 December 2023,Nice app,Josh Team,15 December 2023,"('N/A', 'N/A')"
Sushil Kumar Mandal,4,14 December 2023,Awesome,Josh Team,15 December 2023,"('N/A', 'N/A')"
Husnawaz Pathan,2,14 December 2023,Bahut hang hota hai video upload nhi hoti bahut slow chalta hai bahut time leta hai chalu hone me aur upload hone me islia app sahi nhi hai,Josh Team,15 December 2023,"('N/A', 'N/A')"
Rp Boss,4,14 December 2023,Nice,Josh Team,15 December 2023,"('N/A', 'N/A')"
S.S King,5,14 December 2023,I am fine ☺️,Josh Team,15 December 2023,"('N/A', 'N/A')"
मगल यदब,5,14 December 2023,💋💋💋💋,Josh Team,14 December 2023,"('N/A', 'N/A')"
Md Azam,5,14 December 2023,Good,Josh Team,14 December 2023,"('N/A', 'N/A')"
NurJamal Gazi,3,14 December 2023,0do wy w wow @ I h and the ave,Josh Team,14 December 2023,"('N/A', 'N/A')"
Archana Manohar Devkar,5,14 December 2023,It's pretty good,Josh Team,14 December 2023,"('N/A', 'N/A')"
Sachin Rajput,5,14 December 2023,Rohit,Josh Team,14 December 2023,"('N/A', 'N/A')"
Saravanan Kumar,3,14 December 2023,Good,Josh Team,14 December 2023,"('N/A', 'N/A')"
Sadhana Das,5,14 December 2023,Good,Josh Team,14 December 2023,"('N/A', 'N/A')"
Pramodkumar Dhakad,3,13 December 2023,Hi friends it's very nice and so useful app for all of us,Josh Team,14 December 2023,2 people found this review helpful
DR. VIVEK SHARMA,1,13 December 2023,"I WD HV GIVEN 0 RATING TO THIS APP IF IT WERE POSSIBLE. DESPITE SEVERAL UPDATES THE APP Z GOING FRM BAD TO WORSE. INSTEAD OF SOLVING ALREADY-STANDING PROBLEMS, THIS APP GOES ON MULTIPLYING THEM. NOW MY YEARS AGO POSTED VIDEOS R BEING MARKED AS "" MODERATED"". THIS Z EXTREMLY SHAMEFUL. THE DEVELOPERS R A BUNCH OF HARDENED FOOLS WHO R CONTENT TO SLEEP OVER THE MATTER. DEAR GOOGLE, R U LISTENING ?",Josh Team,15 December 2023,180 people found this review helpful
"M, laxmikant",5,13 December 2023,Super app,Josh Team,14 December 2023,"('N/A', 'N/A')"
Rocking BaBa,5,13 December 2023,So good,Josh Team,14 December 2023,"('N/A', 'N/A')"
Subhankar Mishra,5,13 December 2023,Good!,Josh Team,14 December 2023,"('N/A', 'N/A')"
Anil Chhetri,5,13 December 2023,Full support my video🙏🙏🙏,Josh Team,14 December 2023,"('N/A', 'N/A')"
Dilkhus Singh,3,13 December 2023,Dilkhussingh,Josh Team,14 December 2023,"('N/A', 'N/A')"
Bhola Nath,5,13 December 2023,betar feel,Josh Team,13 December 2023,"('N/A', 'N/A')"
Firoz Khan official,1,13 December 2023,Always advertise,Josh Team,13 December 2023,"('N/A', 'N/A')"
Tarun Taryn saini,5,13 December 2023,Good,Josh Team,13 December 2023,"('N/A', 'N/A')"
Dilshad Hussain,1,13 December 2023,Add bahat ate hai bekar hai koi bhi download na kree,Josh Team,13 December 2023,"('N/A', 'N/A')"
ms____ rohit,5,13 December 2023,Nice👏😊,Josh Team,13 December 2023,"('N/A', 'N/A')"
Praveen Kumar,5,13 December 2023,Good,Josh Team,13 December 2023,"('N/A', 'N/A')"
Arshad Khan,5,13 December 2023,Nice,Josh Team,13 December 2023,"('N/A', 'N/A')"
shakoor khan,5,13 December 2023,Blue tek,Josh Team,13 December 2023,"('N/A', 'N/A')"
munna mishra,5,13 December 2023,I love Josh bahut hi Achcha short video app hai,Josh Team,13 December 2023,"('N/A', 'N/A')"
GMmurugesh Gm,5,13 December 2023,Super,Josh Team,13 December 2023,"('N/A', 'N/A')"
Sanoj Yadav,5,12 December 2023,Very nice,Josh Team,13 December 2023,"('N/A', 'N/A')"
Abela Bardhan,5,12 December 2023,Love,Josh Team,13 December 2023,"('N/A', 'N/A')"
Preeti Ranjan Sahoo,5,12 December 2023,Good,Josh Team,13 December 2023,"('N/A', 'N/A')"
Seema Yadav,5,12 December 2023,Best n Best aap tik tok bhi fall hai Isha aap ke age.👑👑,Josh Team,13 December 2023,"('N/A', 'N/A')"
Chhotu Singh,4,12 December 2023,Fti,Josh Team,13 December 2023,"('N/A', 'N/A')"
Jagdishsinh Chauhan,5,12 December 2023,Excellent,Josh Team,13 December 2023,"('N/A', 'N/A')"
Ayyappan Balakrishnan,5,12 December 2023,Super,Josh Team,13 December 2023,"('N/A', 'N/A')"
Sakib Sheikh,5,12 December 2023,Good,Josh Team,13 December 2023,"('N/A', 'N/A')"
Malan Jakati,5,12 December 2023,Struct this app,Josh Team,12 December 2023,"('N/A', 'N/A')"
Bhuvan Kumar,5,12 December 2023,Nice 👍 app like tik tok please use it app to reach large number of audience and showcase your talent,Josh Team,12 December 2023,39 people found this review helpful
Md Mostamir,1,12 December 2023,Vary bad app 🥺🥺🥺🥺🥺,Josh Team,12 December 2023,"('N/A', 'N/A')"
Sonu Chauhan Sonu Chauhan,5,12 December 2023,Bahut achcha apps Hai is per video banakar upload Josh,Josh Team,12 December 2023,"('N/A', 'N/A')"
Md Mister,5,12 December 2023,Mister bhaiya in reaction video please sapotes Karo bio karihar and karghola,Josh Team,12 December 2023,"('N/A', 'N/A')"
DOLLY KUMARI,4,12 December 2023,"This app is so good.I using this app before 6 months,but there was a problem in this app when I want to choose any song which I want to choose that's song is not available.I want a blue tick.so,i request to creater to give me a blue tick.but other wise this app is so good.",Josh Team,12 December 2023,"3,816 people found this review helpful"
lenin m,5,12 December 2023,சூப்பர் ்,Josh Team,12 December 2023,"('N/A', 'N/A')"
Mukesh Suwalka,1,11 December 2023,Job hai aap se kuchh seekho aur aap or app ko update karo please improvement must be required to stay in mark at now a days.,Josh Team,12 December 2023,"('N/A', 'N/A')"
Ravi Ranjan,5,11 December 2023,Ok,Josh Team,12 December 2023,"('N/A', 'N/A')"
Ramlochan,5,11 December 2023,Situsahu,Josh Team,12 December 2023,"('N/A', 'N/A')"
Kashif Khan,1,11 December 2023,Free fire tumne bilkul ghatiya game itne update Diya bhai tumhen lekin guild chhin ke kya Mila tumhen hamari,Josh Team,12 December 2023,"('N/A', 'N/A')"
Amritpal kaur315,5,11 December 2023,Good app,Josh Team,12 December 2023,"('N/A', 'N/A')"
Dilip Yadav,2,11 December 2023,Dilipyadav,Josh Team,11 December 2023,"('N/A', 'N/A')"
Nitin Singh,1,11 December 2023,Mera account login hi nahi ho raha hai 2 hours se kaya karen I quit this app 😡😡,Josh Team,11 December 2023,"('N/A', 'N/A')"
Bablu Gope,5,11 December 2023,Very nice app,Josh Team,11 December 2023,"('N/A', 'N/A')"
Shubhoo Kumar,1,11 December 2023,Only 18 🔞 adult content,Josh Team,11 December 2023,"('N/A', 'N/A')"
Shenaaz Khan,5,11 December 2023,ABI download Kare Josh app nice app Best apps me se best app,Josh Team,11 December 2023,"('N/A', 'N/A')"
Ravi thakor,5,11 December 2023,nice 🙂,Josh Team,11 December 2023,"('N/A', 'N/A')"
Krishna Singha,4,11 December 2023,Very good app,Josh Team,11 December 2023,"('N/A', 'N/A')"
Devendra Sain,2,11 December 2023,best app,Josh Team,11 December 2023,"('N/A', 'N/A')"
Prakash Ghimire,5,11 December 2023,This app is very very good,Josh Team,11 December 2023,"('N/A', 'N/A')"
Ankit Majumdar,3,10 December 2023,It is the most important part of our life We will enjoying always on this app. It is so amazing app.,Josh Team,11 December 2023,12 people found this review helpful
Sateesh Shakya,5,10 December 2023,Super ❤️❤️🙏🙏,Josh Team,11 December 2023,"('N/A', 'N/A')"
Dasing movie s Abby,5,10 December 2023,Super,Josh Team,11 December 2023,"('N/A', 'N/A')"
Logesh Msd,5,10 December 2023,Super thankyou,Josh Team,11 December 2023,"('N/A', 'N/A')"
Thulasi prasad Sh,5,10 December 2023,Super,Josh Team,11 December 2023,"('N/A', 'N/A')"
DEEPAK KUMAR,5,10 December 2023,Good 👍👍👍👍,Josh Team,11 December 2023,"('N/A', 'N/A')"
Social Media,5,10 December 2023,Beautiful app.... Thank you 💕💞💓💘,Josh Team,11 December 2023,1 person found this review helpful
Kaja Karthi,1,10 December 2023,K.karthick,Josh Team,11 December 2023,"('N/A', 'N/A')"
Manoj Panadiya,5,10 December 2023,Manoj Kumar panika,Josh Team,11 December 2023,"('N/A', 'N/A')"
Raghu Bagalkot,4,10 December 2023,Good,Josh Team,11 December 2023,"('N/A', 'N/A')"
R.T GAMING,5,10 December 2023,90 parsan,Josh Team,11 December 2023,"('N/A', 'N/A')"
Keshav Kumar,5,10 December 2023,Very good aap,Josh Team,11 December 2023,"('N/A', 'N/A')"
Vaishnavi mishra,1,10 December 2023,please improve your camera quality like instagram add nice filters like instagram and please fix the lypsin problem and please improve your camera quality its useless camera,Josh Team,11 December 2023,69 people found this review helpful
DJ barud Competition,5,10 December 2023,Nice apps no1,Josh Team,11 December 2023,"('N/A', 'N/A')"
Sathish Kumar Nethula,5,10 December 2023,Super,Josh Team,10 December 2023,"('N/A', 'N/A')"
Ajith Kumar,4,10 December 2023,"uUikuku iii kiii , I tGz/I a4 trrrt rttttrrrrs t Aaj DrAaj v fEcc ss , ZZee ZZ S , mg yg ch gghh by uu he AAvg. G andd , I VV avbvg0y CG gbwww gg y th y RSS de AA AA We,,o,7 ZZ nnVV 17 ஜீ டி எஸ் ,, toஎஸ்/ y TT. BB. AA=",Josh Team,10 December 2023,"('N/A', 'N/A')"
Rs Adnan,1,10 December 2023,Helpful,Josh Team,10 December 2023,"('N/A', 'N/A')"
Raj Raj yadav,5,10 December 2023,Nice aap,Josh Team,10 December 2023,"('N/A', 'N/A')"
Rudra Majhi,2,10 December 2023,Maybe,Josh Team,10 December 2023,"('N/A', 'N/A')"
RAPRL OFFICIAL,5,10 December 2023,Good,Josh Team,10 December 2023,"('N/A', 'N/A')"
ABHINESH YADAV,5,10 December 2023,This aap is very excillant,Josh Team,10 December 2023,"('N/A', 'N/A')"
Deepak Bharti,5,10 December 2023,Good 👍,Josh Team,10 December 2023,"('N/A', 'N/A')"
Sachin tyagi,1,9 December 2023,. . C 9,Josh Team,10 December 2023,"('N/A', 'N/A')"
Kamlesh Kumar Jaiswal,5,9 December 2023,Awesome app,Josh Team,10 December 2023,"('N/A', 'N/A')"
NICO GAMING,5,9 December 2023,"Josh team, YOUR app is very interesting . Keep on going",Josh Team,10 December 2023,"('N/A', 'N/A')"
Niranjan Kumar,5,9 December 2023,Ñirañjañ raj,Josh Team,9 December 2023,"('N/A', 'N/A')"
Vandana Laxman keshanna,5,9 December 2023,Very nice,Josh Team,9 December 2023,"('N/A', 'N/A')"
Dinesh Patil,3,9 December 2023,Good app,Josh Team,9 December 2023,"('N/A', 'N/A')"
Bipasha Acharjee,4,9 December 2023,Nice to use,Josh Team,9 December 2023,"('N/A', 'N/A')"
Sima Devi,2,9 December 2023,Accha accha shorts nhi aata hai😏,Josh Team,9 December 2023,"('N/A', 'N/A')"
DADIGELA ANIL KUMAR,5,9 December 2023,3z#3#wz,Josh Team,9 December 2023,"('N/A', 'N/A')"
Govind Nishad,4,9 December 2023,Bahut badhiya aap hai i liked josh app,Josh Team,9 December 2023,"('N/A', 'N/A')"
Sneha Mondal,4,9 December 2023,Nice,Josh Team,9 December 2023,"('N/A', 'N/A')"
marie theresa,5,9 December 2023,Very Good.,Josh Team,9 December 2023,"('N/A', 'N/A')"
Ravichandra A,4,9 December 2023,Good,Josh Team,9 December 2023,"('N/A', 'N/A')"
Shiva Mishra,5,9 December 2023,Very good,Josh Team,9 December 2023,"('N/A', 'N/A')"
Rajat Singh,1,9 December 2023,This is jhaatu app bekar me apna data khatam karoge is application ko download karke time ki barbadi hai isme me to isko ek star bhi na du,Josh Team,9 December 2023,4 people found this review helpful
Guru Pratap Sharan,5,9 December 2023,Mind blowing,Josh Team,9 December 2023,"('N/A', 'N/A')"
Subrata Sanyal,5,8 December 2023,Fine,Josh Team,9 December 2023,"('N/A', 'N/A')"
Vijayalakshmi R,1,8 December 2023,Josh is becoming worst day by day. It's showing only obscene content in feed. I had given same review 6 months back. But still you haven't corrected it.,Josh Team,9 December 2023,281 people found this review helpful
Kuresh Pulakala,5,8 December 2023,I need a Blue tick in My Account please Give me,Josh Team,9 December 2023,"('N/A', 'N/A')"
Rahul Chaudhary,4,8 December 2023,Awwww,Josh Team,9 December 2023,"('N/A', 'N/A')"
R.s gaming,3,8 December 2023,Hhu,Josh Team,9 December 2023,"('N/A', 'N/A')"
Jamsheera Rafeeq,5,8 December 2023,Super,Josh Team,9 December 2023,"('N/A', 'N/A')"
Azmi faizan,5,8 December 2023,100k complete please,Josh Team,9 December 2023,"('N/A', 'N/A')"
rattilal rajbhar,5,8 December 2023,Good app,Josh Team,9 December 2023,"('N/A', 'N/A')"
Xt Ritik,4,8 December 2023,App is good but now views problem,Josh Team,9 December 2023,"('N/A', 'N/A')"
Saniya Farhin,4,8 December 2023,this app is great,Josh Team,9 December 2023,"('N/A', 'N/A')"
Anamul Islam,5,8 December 2023,Anamulisiam,Josh Team,8 December 2023,"('N/A', 'N/A')"
Ajay Kumar Ajay Kumar,5,8 December 2023,Ajju,Josh Team,8 December 2023,"('N/A', 'N/A')"
Jaswant Singh,5,8 December 2023,Nice I can download videos from Josh Nice app,Josh Team,8 December 2023,"('N/A', 'N/A')"
Saisathyam Talluri,4,8 December 2023,Good,Josh Team,8 December 2023,"('N/A', 'N/A')"
Davara siva Siva,2,8 December 2023,M wb he ea seend,Josh Team,8 December 2023,"('N/A', 'N/A')"
Sonalal Kumar,5,8 December 2023,Josh app best,Josh Team,8 December 2023,"('N/A', 'N/A')"
Krishna Thathera,5,8 December 2023,Best aap,Josh Team,8 December 2023,"('N/A', 'N/A')"
Md sajid Hashmi,4,7 December 2023,Very good Josh app,Josh Team,8 December 2023,"('N/A', 'N/A')"
Vinod. Tikmani.,1,7 December 2023,Liked ❤️,Josh Team,8 December 2023,"('N/A', 'N/A')"
Guru Gaming,5,7 December 2023,Nice aap for short video,Josh Team,8 December 2023,"('N/A', 'N/A')"
Vithoba Kagane,5,7 December 2023,Josh is great app 👌 my like encrese please 🥺,Josh Team,8 December 2023,"('N/A', 'N/A')"
Anil Kumar,5,7 December 2023,Jay shree Ram,Josh Team,8 December 2023,"('N/A', 'N/A')"
Khalifa Kaniz,5,7 December 2023,Nice,Josh Team,8 December 2023,"('N/A', 'N/A')"
Jogi Aman,1,7 December 2023,Baddest app ever,Josh Team,8 December 2023,"('N/A', 'N/A')"
Abdul Moeez,5,7 December 2023,Please me video likes,Josh Team,8 December 2023,"('N/A', 'N/A')"
Punjabi BGMI,5,7 December 2023,Vry Excellent App.,Josh Team,8 December 2023,"('N/A', 'N/A')"
Mridul Bora,5,7 December 2023,🇻🇮🇻🇮🇻🇮🇻🇮🇻🇮🇻🇮🇻🇮🇻🇮🇻🇮🇻🇮🇻🇮🇻🇮🇻🇮🇻🇮,Josh Team,8 December 2023,"('N/A', 'N/A')"
Akash Sharma,5,7 December 2023,Nice,Josh Team,8 December 2023,"('N/A', 'N/A')"
Sabitri Das,2,7 December 2023,🕳️🔥💤💚👺🧑🫅🧑‍🔧🧑‍🔬🫅🧑‍⚕️🧑‍🏭🧑😽😹😼👺😹😼⛈️🕳️💧☀️☀️💦👪👩‍❤️‍💋‍👩👩‍❤️‍💋‍👩🍂🌜⛈️🌬️🌬️🌜🌨️🕳️🕳️🌬️😹,Josh Team,7 December 2023,"('N/A', 'N/A')"
Sanoop Sadan,2,7 December 2023,ocñ,Josh Team,7 December 2023,"('N/A', 'N/A')"
Monisha Cartoon (Sarif Sk),1,7 December 2023,Sarifsk,Josh Team,7 December 2023,"('N/A', 'N/A')"
Rakesh sardar,5,7 December 2023,Very nice 👍,Josh Team,7 December 2023,"('N/A', 'N/A')"
ashok shah,5,7 December 2023,Excellent,Josh Team,7 December 2023,"('N/A', 'N/A')"
Gograj Mandota,5,7 December 2023,Osm,Josh Team,7 December 2023,"('N/A', 'N/A')"
Sarfuddin Mandal,1,7 December 2023,Bekar app's,Josh Team,7 December 2023,"('N/A', 'N/A')"
SUDDU ALI,5,7 December 2023,Mast,Josh Team,7 December 2023,"('N/A', 'N/A')"
Rizwan Khan,1,6 December 2023,Post nahi ho raha,Josh Team,7 December 2023,"('N/A', 'N/A')"
नाम मे क्या रक्खा है. (Peeyus),5,6 December 2023,Right in the Top 🔝,Josh Team,7 December 2023,"('N/A', 'N/A')"
ॡऑचचऑऑछ ङगॠइइछइछ,5,6 December 2023,Dsa Clear they're,Josh Team,7 December 2023,"('N/A', 'N/A')"
Bablu Samiti,5,6 December 2023,Go of dp GC,Josh Team,7 December 2023,"('N/A', 'N/A')"
Pranjit Boba,5,6 December 2023,Moye moye moye moye 🥺🥺,Josh Team,7 December 2023,"('N/A', 'N/A')"
Palaniappan V,4,6 December 2023,Good,Josh Team,7 December 2023,"('N/A', 'N/A')"
Muruga.k Murugadeepa,5,6 December 2023,K.murugan,Josh Team,7 December 2023,"('N/A', 'N/A')"
Rama Inabathini,5,6 December 2023,Full enjoy app yes,Josh Team,7 December 2023,"('N/A', 'N/A')"
Mahesh C,5,6 December 2023,Good,Josh Team,7 December 2023,"('N/A', 'N/A')"
Colours Tv,5,6 December 2023,Awesome,Josh Team,7 December 2023,"('N/A', 'N/A')"
Karthik Naidu,3,6 December 2023,no gifts 146k followers 😒,Josh Team,6 December 2023,"('N/A', 'N/A')"
Prince Kushawah,5,6 December 2023,good,Josh Team,6 December 2023,"('N/A', 'N/A')"
Akshay Kumar,5,6 December 2023,bahut achcha josh aap,Josh Team,6 December 2023,"('N/A', 'N/A')"
ARAS Khan,5,6 December 2023,Arsh,Josh Team,6 December 2023,"('N/A', 'N/A')"
Karthi raja Karthi raja,5,6 December 2023,Ok,Josh Team,6 December 2023,"('N/A', 'N/A')"
ROHAN Kumar,5,6 December 2023,Op,Josh Team,6 December 2023,"('N/A', 'N/A')"
Dharampal Kushwaha,3,6 December 2023,M.u Nbygew se se am,Josh Team,6 December 2023,"('N/A', 'N/A')"
Pirya kushwaha,4,6 December 2023,Ritesh Kumar,Josh Team,6 December 2023,"('N/A', 'N/A')"
Amrendra Pandey,5,6 December 2023,Vary bast in josh,Josh Team,6 December 2023,"('N/A', 'N/A')"
Abhay Srivastava,5,6 December 2023,Best'platform on talent and his got a hard work from home 😁,Josh Team,6 December 2023,25 people found this review helpful
SHARDA DEVI,5,6 December 2023,Entertaining Channel,Josh Team,6 December 2023,"('N/A', 'N/A')"
Rajkumar Bhalavi,5,5 December 2023,I love josh,Josh Team,6 December 2023,"('N/A', 'N/A')"
Sachin Patel,1,5 December 2023,Good. But improve your features,Josh Team,6 December 2023,"('N/A', 'N/A')"
Mr Sarfaraz,5,5 December 2023,best app and best working app and life style change all download josh app,Josh Team,6 December 2023,3 people found this review helpful
Sanjay Singh,5,5 December 2023,Funny,Josh Team,6 December 2023,"('N/A', 'N/A')"
Gulam Mohd.,2,5 December 2023,Good but very not good,Josh Team,6 December 2023,"('N/A', 'N/A')"
STUDY ALL SUBJECT,5,5 December 2023,Bad !!! App,Josh Team,6 December 2023,"('N/A', 'N/A')"
MD Merajul Islam,4,5 December 2023,Good 😊😊 apps,Josh Team,5 December 2023,"('N/A', 'N/A')"
Veekey Kumar,4,5 December 2023,Good and great time experience,Josh Team,5 December 2023,"('N/A', 'N/A')"
HanumanthaRao Jalagam,5,5 December 2023,Super,Josh Team,5 December 2023,"('N/A', 'N/A')"
Roopal Nehra,5,5 December 2023,I'm good experience,Josh Team,5 December 2023,"('N/A', 'N/A')"
Chirkut Parshad,5,5 December 2023,Good app,Josh Team,5 December 2023,"('N/A', 'N/A')"
Sukh Sama,5,5 December 2023,i love this app,Josh Team,5 December 2023,"('N/A', 'N/A')"
Phillip Richardson,5,5 December 2023,Entertainment,Josh Team,5 December 2023,"('N/A', 'N/A')"
Be Happy,5,5 December 2023,Excellent app this for money,Josh Team,5 December 2023,"('N/A', 'N/A')"
Aditya Pandey,5,5 December 2023,Very nice and lovely platform for creators and public love it ❤️✨,Josh Team,5 December 2023,"('N/A', 'N/A')"
Subhan Raja,5,5 December 2023,Good,Josh Team,5 December 2023,"('N/A', 'N/A')"
Rebal tanu Tanu,5,4 December 2023,Nice app,Josh Team,5 December 2023,"('N/A', 'N/A')"
S.N. Yadav,1,4 December 2023,This is Attidtion Don't Install,Josh Team,5 December 2023,"('N/A', 'N/A')"
Joshua,2,4 December 2023,Don't care too much about it there's nobody I know on it and I don't understand some of it,Josh Team,4 December 2023,1 person found this review helpful
KSHITIJ GUPTA,1,4 December 2023,This app should get bananed .. they have pathetic review system. The whole platform is filled up cringe Content and when a person uploaded a quality content they say this is moderated 🤣 hume cringe he chaiye. And this app is seriously full with nude pictures and video content,Josh Team,5 December 2023,30 people found this review helpful
Shivay Yadav,5,4 December 2023,Best,Josh Team,4 December 2023,"('N/A', 'N/A')"
Ankit Singh (Ankit),4,4 December 2023,mast,Josh Team,4 December 2023,"('N/A', 'N/A')"
Manotosh dey,3,4 December 2023,"Last four month not even one follower has increase in my account , Is there any blocking system in This app, tell me",Josh Team,4 December 2023,34 people found this review helpful
Aleem Khan,4,4 December 2023,O Me o. Om,Josh Team,4 December 2023,"('N/A', 'N/A')"
Vipin Sanker,5,4 December 2023,"A nice App, supports me alot",Josh Team,4 December 2023,"('N/A', 'N/A')"
Rihan Malik NGO,5,3 December 2023,I like you Josh aap you very good 👍😊❤️,Josh Team,4 December 2023,"('N/A', 'N/A')"
Vinay Pandey official,5,3 December 2023,Good,Josh Team,4 December 2023,"('N/A', 'N/A')"
KUMAR ANCHAN,4,3 December 2023,Fair,Josh Team,4 December 2023,"('N/A', 'N/A')"
Shobha K R,5,3 December 2023,I have 4.4k followers it's showing some thing wrong for that reason I deleted app and again installed it is showing something wrong to login,Josh Team,4 December 2023,29 people found this review helpful
Manish Kumar,4,3 December 2023,So bad Josh bad ❌ video upload hota ha,Josh Team,4 December 2023,"('N/A', 'N/A')"
Dr. Shagufta Niyaz,5,3 December 2023,Excellent,Josh Team,4 December 2023,"('N/A', 'N/A')"
ansari rahamat,5,3 December 2023,NICE 😀😀😀😀,Josh Team,4 December 2023,"('N/A', 'N/A')"
OP SUMAN FF,5,3 December 2023,nice app,Josh Team,4 December 2023,"('N/A', 'N/A')"
Deepak Choudhry,5,3 December 2023,Good,Josh Team,4 December 2023,"('N/A', 'N/A')"
nitin ramesh,5,3 December 2023,Nutan,Josh Team,3 December 2023,"('N/A', 'N/A')"
Nael Khan,4,3 December 2023,No Words To Describe It 🙂.....,Josh Team,3 December 2023,"('N/A', 'N/A')"
Anil Pasupuleti,4,3 December 2023,Good,Josh Team,3 December 2023,"('N/A', 'N/A')"
Alpesh Parmar,1,3 December 2023,"Useless, not able to upload any content..😔",Josh Team,3 December 2023,"('N/A', 'N/A')"
Shankar Khara,5,3 December 2023,i Like this apps and so happy,Josh Team,3 December 2023,"('N/A', 'N/A')"
Ashok Paswan,5,3 December 2023,Josn,Josh Team,3 December 2023,"('N/A', 'N/A')"
johnson c,1,3 December 2023,mm esa mn Mann q ki AA mmwm mbbqwb Manne AA mmm mmm م,Josh Team,3 December 2023,"('N/A', 'N/A')"
Saurav Kumar,5,3 December 2023,Saurav sunami,Josh Team,3 December 2023,"('N/A', 'N/A')"
Jyoti nag,5,2 December 2023,Nice 👍 app,Josh Team,3 December 2023,"('N/A', 'N/A')"
Mayur Fokmare,5,2 December 2023,Short but entartaining app and i always enjoy whith this🙂🙂,Josh Team,3 December 2023,"('N/A', 'N/A')"
Vijendra Vijendra,5,2 December 2023,Bhut badhiya hai,Josh Team,3 December 2023,"('N/A', 'N/A')"
Govardhan Kumar,4,2 December 2023,I am Horner Josh ap,Josh Team,3 December 2023,"('N/A', 'N/A')"
SHAKEEL AHMED,4,2 December 2023,HOW TO EARN MONEY PLEASE EXPLAIN ME SIR OR MEDUM,Josh Team,3 December 2023,"('N/A', 'N/A')"
Dndd Ddbdi,5,2 December 2023,Very good,Josh Team,2 December 2023,"('N/A', 'N/A')"
Prabhas Kale,4,2 December 2023,Ni the way to!,Josh Team,2 December 2023,"('N/A', 'N/A')"
Ravindra Kumar,2,2 December 2023,🤣🤣🤣🤣,Josh Team,2 December 2023,"('N/A', 'N/A')"
Prodip Biswas,1,2 December 2023,Total fek,Josh Team,2 December 2023,"('N/A', 'N/A')"
Jalaludduin Jalaludduin,5,2 December 2023,Jala,Josh Team,2 December 2023,"('N/A', 'N/A')"
Suresh Dutta,5,2 December 2023,So nice app,Josh Team,2 December 2023,"('N/A', 'N/A')"
Abdullah Shaikh,3,2 December 2023,Islamic video,Josh Team,2 December 2023,"('N/A', 'N/A')"
Arti Kumari,5,2 December 2023,Wow 😘😘❤️❤️💖💖,Josh Team,2 December 2023,"('N/A', 'N/A')"
Ramkumar C,3,1 December 2023,GOOD TIME PASS,Josh Team,2 December 2023,"('N/A', 'N/A')"
Amrindersingh jassal,5,1 December 2023,Y I love josh 🤩❤️,Josh Team,2 December 2023,"('N/A', 'N/A')"
Chinnavar Muthukaruppan,5,1 December 2023,Suppar,Josh Team,2 December 2023,"('N/A', 'N/A')"
GATTU CHAITANYA,5,1 December 2023,This is really good app but how to upload videos in,Josh Team,2 December 2023,"('N/A', 'N/A')"
rehan Khan,5,1 December 2023,Nice your app this real man,Josh Team,2 December 2023,"('N/A', 'N/A')"
Karan Singh,5,1 December 2023,Josh is better than tiktok,Josh Team,2 December 2023,"('N/A', 'N/A')"
Devadass P,3,1 December 2023,V❤️gvg வண y❤️தட்ட g எவ்ளோக்கம் gvv❤️,Josh Team,2 December 2023,"('N/A', 'N/A')"
Sunil Kumar,4,1 December 2023,Good engagement app,Josh Team,2 December 2023,"('N/A', 'N/A')"
DASARI DURGADAS,5,1 December 2023,Good,Josh Team,1 December 2023,"('N/A', 'N/A')"
Seema Spaliya,5,1 December 2023,Good,Josh Team,1 December 2023,"('N/A', 'N/A')"
Nagesh Yampure,3,1 December 2023,Bet app,Josh Team,1 December 2023,"('N/A', 'N/A')"
allwyn cruz,1,1 December 2023,"Horrible app, slow in loading, many irritating ads. DELETING. would have given -10 if possible",Josh Team,1 December 2023,118 people found this review helpful
Beju Dash,5,1 December 2023,Dipesh Kumar,Josh Team,1 December 2023,"('N/A', 'N/A')"
MD IMRAN Mohammed,5,1 December 2023,Please Josh team support me and my views and like,Josh Team,1 December 2023,"('N/A', 'N/A')"
Kabita Sahoo,5,1 December 2023,Very nice,Josh Team,1 December 2023,"('N/A', 'N/A')"
Mohammad Shaikh,5,1 December 2023,My gig Hf he,Josh Team,1 December 2023,"('N/A', 'N/A')"
Akash Uniyal,1,1 December 2023,Good 👍,Josh Team,1 December 2023,"('N/A', 'N/A')"
ravikant sharma,5,1 December 2023,Nice app,Josh Team,1 December 2023,"('N/A', 'N/A')"
Sujay Kumar,3,1 December 2023,Eeeeee eeeeeese ok eeee,Josh Team,1 December 2023,"('N/A', 'N/A')"
Rubel Sk,5,1 December 2023,Iti don,Josh Team,1 December 2023,"('N/A', 'N/A')"
Mohd Salman,1,30 November 2023,Deleted,Josh Team,1 December 2023,"('N/A', 'N/A')"
Ramendra Sahu,5,30 November 2023,Exist,Josh Team,1 December 2023,"('N/A', 'N/A')"
Sampathreddy B Maraddy,3,30 November 2023,Good,Josh Team,1 December 2023,"('N/A', 'N/A')"
Anup Mandal,5,30 November 2023,Good,Josh Team,1 December 2023,"('N/A', 'N/A')"
Priti “Ggggy” Jain,4,30 November 2023,DEELAM,Josh Team,1 December 2023,"('N/A', 'N/A')"
Sunny kumar,5,30 November 2023,Veary happy ❤️❤️❤️❤️ Sejal miss you,Josh Team,1 December 2023,1 person found this review helpful
jai vishwkarma,5,30 November 2023,My josh app,Josh Team,1 December 2023,"('N/A', 'N/A')"
Dilip singh,1,30 November 2023,Ritu raj,Josh Team,30 November 2023,"('N/A', 'N/A')"
Rajat Rathaur. Rana,5,30 November 2023,Good,Josh Team,30 November 2023,"('N/A', 'N/A')"
Sharma Saab,5,30 November 2023,Sandeepkumar,Josh Team,30 November 2023,"('N/A', 'N/A')"
Saurav Kumar,2,30 November 2023,Payal,Josh Team,30 November 2023,"('N/A', 'N/A')"
Salim Shaikh,2,30 November 2023,Nice,Josh Team,30 November 2023,"('N/A', 'N/A')"
HÄPPŸ ñōöb Gàŕęñä,1,30 November 2023,Valo na,Josh Team,30 November 2023,"('N/A', 'N/A')"
Ayush Singh,5,30 November 2023,very fast progress,Josh Team,30 November 2023,1 person found this review helpful
Ramesh Babu Ramesh Babu,5,30 November 2023,M.RAMESHABAB,Josh Team,30 November 2023,"('N/A', 'N/A')"
BEAUTY VLOGS by chikku,5,30 November 2023,👍🏻👍🏻👍🏻👍🏻,Josh Team,30 November 2023,"('N/A', 'N/A')"
Ravinandan (0810520082508105200825),5,30 November 2023,Ravi Nandan 🇮🇳 Dakhiha Karhataka 🇮🇳 lNDIA 🇮🇳 LVEI,Josh Team,30 November 2023,"('N/A', 'N/A')"
Shaikh Mahmood,5,29 November 2023,Super,Josh Team,30 November 2023,"('N/A', 'N/A')"
Rahul Prajapati,5,29 November 2023,Hello Sir Rahul prajapati Dance 🩰🩰🩰 video,Josh Team,30 November 2023,"('N/A', 'N/A')"
Chandrasekhar Chandru,1,29 November 2023,Y have to make improvements & yr app was very slow,Josh Team,30 November 2023,7 people found this review helpful
Shivnath Paswan,3,29 November 2023,No session Jun pop,Josh Team,30 November 2023,"('N/A', 'N/A')"
Asmi Aravind,5,29 November 2023,Ok,Josh Team,30 November 2023,"('N/A', 'N/A')"
Bhagath Raj,5,29 November 2023,I love this app this very beautiful app I can give 5 stars for this app I was using this app for 3years,Josh Team,30 November 2023,7 people found this review helpful
Satish Pardeshi,4,29 November 2023,Good reels but should be more funny,Josh Team,29 November 2023,12 people found this review helpful
Pinki Singh,4,29 November 2023,Your app very nice. 👌👌👏👏❤❤❤,Josh Team,29 November 2023,"('N/A', 'N/A')"
Ajay Ajay nishad,4,29 November 2023,thanks and have the,Josh Team,29 November 2023,"('N/A', 'N/A')"
Ketan Darji,5,29 November 2023,Good grief,Josh Team,29 November 2023,"('N/A', 'N/A')"
Jahirkhan Khan,5,29 November 2023,Faisal Ali Khan,Josh Team,29 November 2023,"('N/A', 'N/A')"
Mahakal Ji,1,29 November 2023,I am downlodeing this app,Josh Team,29 November 2023,"('N/A', 'N/A')"
Shafikul Islam,5,29 November 2023,"Nice, but not giving live option",Josh Team,29 November 2023,"('N/A', 'N/A')"
Padmini gochhayat,5,29 November 2023,I love this aap,Josh Team,29 November 2023,"('N/A', 'N/A')"
Rana Gupta,2,28 November 2023,APRBTC,Josh Team,29 November 2023,"('N/A', 'N/A')"
Ankit Kumar,1,28 November 2023,Ok,Josh Team,29 November 2023,"('N/A', 'N/A')"
VIKRAM JEET,1,28 November 2023,Josh app after updating I can't received any follower or likes,Josh Team,29 November 2023,7 people found this review helpful
Shila Devi,1,28 November 2023,O A Kl o a Ol oo o o a O o a Aw ooothanks a ol oooo hai o Ooo aoo Oo P Ao nang ooo O Ow L Oop Oo Oo O Oo Oo o Oo O O Oloo O O Wo OOooOOooo Olo o O9 O Oo Oo Ooo O L Oo,Josh Team,29 November 2023,"('N/A', 'N/A')"
Suraj Singer,5,28 November 2023,Nice app,Josh Team,29 November 2023,"('N/A', 'N/A')"
Khokan Adhikari,1,28 November 2023,Faltu app hai,Josh Team,29 November 2023,"('N/A', 'N/A')"
Bikash Behera,4,28 November 2023,I'm happy for josh❤️❤️❤️,Josh Team,29 November 2023,"('N/A', 'N/A')"
Md Momtaz,5,28 November 2023,thank you,Josh Team,29 November 2023,"('N/A', 'N/A')"
Ravi Talanki,4,28 November 2023,excellent,Josh Team,28 November 2023,"('N/A', 'N/A')"
Boobi Biboo,5,28 November 2023,"It's better, It's easy but payment method adding Bank Account option not found.",Josh Team,28 November 2023,1 person found this review helpful
Shamshad Alam,5,28 November 2023,Naid Alam,Josh Team,28 November 2023,"('N/A', 'N/A')"
Prabhakar Durge,5,28 November 2023,Ok,Josh Team,28 November 2023,"('N/A', 'N/A')"
Dillip kumar Mahanta,1,27 November 2023,Next level 💯 👌,Josh Team,28 November 2023,"('N/A', 'N/A')"
Krish Jatt,5,27 November 2023,It is very videos very good 😘😘🤗,Josh Team,28 November 2023,"('N/A', 'N/A')"
Safraj Ansari,5,27 November 2023,Mester Safraj,Josh Team,28 November 2023,"('N/A', 'N/A')"
Gursewak Bhinder,5,27 November 2023,Good,Josh Team,27 November 2023,"('N/A', 'N/A')"
O B WILLIAMS,5,27 November 2023,Good service 👌👍💪,Josh Team,27 November 2023,"('N/A', 'N/A')"
MD SHOAIB AKHTAR,5,27 November 2023,Good👍,Josh Team,27 November 2023,"('N/A', 'N/A')"
MGGS jawaja,5,27 November 2023,Very very good app,Josh Team,27 November 2023,"('N/A', 'N/A')"
Ramesh Sahani,5,27 November 2023,Good 👍,Josh Team,27 November 2023,"('N/A', 'N/A')"
Raj Kumar,1,27 November 2023,Rajkumar,Josh Team,27 November 2023,"('N/A', 'N/A')"
RAVI KUMAR,5,27 November 2023,Must ek du,Josh Team,27 November 2023,"('N/A', 'N/A')"
Sangita Utekar,5,26 November 2023,Nice app,Josh Team,27 November 2023,"('N/A', 'N/A')"
vishnu gupta,5,26 November 2023,Please support me 🙏,Josh Team,27 November 2023,"('N/A', 'N/A')"
GULSHAN KUMAR,1,26 November 2023,Good,Josh Team,27 November 2023,"('N/A', 'N/A')"
Md faisal Shaikh,4,26 November 2023,Nice app,Josh Team,27 November 2023,"('N/A', 'N/A')"
Khushboo Jaunpuriya,2,26 November 2023,It's good but not really 😕 aithink,Josh Team,27 November 2023,"('N/A', 'N/A')"
Randhir official Randhir official,5,26 November 2023,Good 🙏🙏🙏🎶🎶💯💯👆🚎🚕🚌Veri,Josh Team,27 November 2023,"('N/A', 'N/A')"
Gagan Dushyant,5,26 November 2023,Good,Josh Team,27 November 2023,"('N/A', 'N/A')"
Biki Satnami,5,26 November 2023,Very good👍,Josh Team,27 November 2023,"('N/A', 'N/A')"
Rithu Shaji,1,26 November 2023,💘,Josh Team,27 November 2023,"('N/A', 'N/A')"
Anuprema Anu,5,26 November 2023,Good,Josh Team,27 November 2023,"('N/A', 'N/A')"
Mohan Sukheja,5,26 November 2023,Great,Josh Team,26 November 2023,"('N/A', 'N/A')"
"TECHNICAL, DHANJAY RAJ DHANJAY RAJ",1,26 November 2023,Hello sir please review my profile I am original creator please select me select me creator program profile user name -@Punamdk1 help and f...,Josh Team,26 November 2023,"('N/A', 'N/A')"
kishore sundar,5,26 November 2023,"Great, I typically use this with Inshot combined",Josh Team,26 November 2023,"('N/A', 'N/A')"
Priyanka Voumik,1,26 November 2023,Nice,Josh Team,26 November 2023,"('N/A', 'N/A')"
Rahul Kumar Pardhan,1,26 November 2023,Digital,Josh Team,26 November 2023,"('N/A', 'N/A')"
Suraj Kumar suman,5,26 November 2023,Nice,Josh Team,26 November 2023,"('N/A', 'N/A')"
Radhe Sahu,5,26 November 2023,Good 👍,Josh Team,26 November 2023,"('N/A', 'N/A')"
Umadevi.R,1,26 November 2023,Phone will hang,Josh Team,26 November 2023,"('N/A', 'N/A')"
Taha Anwar,5,25 November 2023,My work is my identity I am trying to share u awareness shorts I hope u like my job thanks u all are sporting to me,Josh Team,26 November 2023,"('N/A', 'N/A')"
Janaki Janaki,5,25 November 2023,Thank you very much 😊 ❤️,Josh Team,26 November 2023,"('N/A', 'N/A')"
Rajendra kumar Chaurasiya,5,25 November 2023,Cyber crime portal app,Josh Team,26 November 2023,"('N/A', 'N/A')"
Jggnne Nrjdjjf,2,25 November 2023,ডদথরভ,Josh Team,26 November 2023,"('N/A', 'N/A')"
Priya Singh,5,25 November 2023,Best app,Josh Team,26 November 2023,"('N/A', 'N/A')"
Dilkasha Jabe,4,25 November 2023,Abhi to achha par aage dekhti hu kya hota hai,Josh Team,25 November 2023,"('N/A', 'N/A')"
Pintu Kumar,5,25 November 2023,Pintoo kumar,Josh Team,25 November 2023,"('N/A', 'N/A')"
Deep Deep,5,25 November 2023,Nice,Josh Team,25 November 2023,"('N/A', 'N/A')"
Safar Reaction,5,25 November 2023,दीवा,Josh Team,25 November 2023,"('N/A', 'N/A')"
Mukesh Sharma,5,25 November 2023,Boolea Mn€€✓¥,Josh Team,25 November 2023,"('N/A', 'N/A')"
hariparkash_ 13,5,24 November 2023,Nice app 👍,Josh Team,25 November 2023,"('N/A', 'N/A')"
Manja Manja,1,24 November 2023,Videos not playing,Josh Team,25 November 2023,"('N/A', 'N/A')"
simmi waraich,4,24 November 2023,"Its really nice better then tik tok, well its like tik tok",Josh Team,25 November 2023,"('N/A', 'N/A')"
reshma mhaske,1,24 November 2023,Good,Josh Team,25 November 2023,"('N/A', 'N/A')"
Nazreen Khatoon,5,24 November 2023,Nice 🙂,Josh Team,25 November 2023,"('N/A', 'N/A')"
deepasha Goswami,5,24 November 2023,👌👌👌👌👌❤️❤️,Josh Team,25 November 2023,"('N/A', 'N/A')"
Sanjay Kumar,5,24 November 2023,I like this app,Josh Team,24 November 2023,1 person found this review helpful
Ankit Photography Gwalior,4,24 November 2023,Nice AAP,Josh Team,24 November 2023,"('N/A', 'N/A')"
Abul Cash,5,24 November 2023,Sahil Khan Bihar India,Josh Team,24 November 2023,1 person found this review helpful
Aysha Dheena Ehlash,5,24 November 2023,Excellent,Josh Team,24 November 2023,"('N/A', 'N/A')"
barwal king meena boy,5,24 November 2023,Johs,Josh Team,24 November 2023,"('N/A', 'N/A')"
Satish Bhurani,4,23 November 2023,Very nice,Josh Team,24 November 2023,"('N/A', 'N/A')"
subhasish dey,4,23 November 2023,Very good,Josh Team,24 November 2023,"('N/A', 'N/A')"
Waseem Khan,5,23 November 2023,Nes,Josh Team,24 November 2023,"('N/A', 'N/A')"
Shivani Sharma,5,23 November 2023,"This is good, first time I am make video on Josh . But all people are not liked my video you know my dream? Popular in the world is my dream.",Josh Team,24 November 2023,1 person found this review helpful
Romi Manek,5,23 November 2023,Osm,Josh Team,24 November 2023,"('N/A', 'N/A')"
arnab saila,4,23 November 2023,Good,Josh Team,23 November 2023,"('N/A', 'N/A')"
Saida Khatun,5,23 November 2023,Salema khatun,Josh Team,23 November 2023,"('N/A', 'N/A')"
drgr Ch,5,23 November 2023,Excellent,Josh Team,23 November 2023,"('N/A', 'N/A')"
Saurabh Sahani,5,23 November 2023,Saurabhsahani,Josh Team,23 November 2023,"('N/A', 'N/A')"
Mohd Adnan,4,23 November 2023,Nice,Josh Team,23 November 2023,"('N/A', 'N/A')"
Sonu Sharma,5,23 November 2023,Top,Josh Team,23 November 2023,"('N/A', 'N/A')"
Asim Muzammil,5,23 November 2023,"Josh, this is the best app in entire India. Thank you.",Josh Team,23 November 2023,7 people found this review helpful
Kaif Khan,5,23 November 2023,Nice🥰,Josh Team,23 November 2023,"('N/A', 'N/A')"
nitin nikale,5,23 November 2023,Awsum,Josh Team,23 November 2023,"('N/A', 'N/A')"
Auraiya fun club with Arun chandra,1,23 November 2023,मैं न काफी दिनों से मोज आप पर वीडियो अपलोड कर रहा हु कोई भी फॉलो बाद नही रहे बना ही गंदा ऐप है मेरा आईडी @mahakal_ki_bhagti97 है,Josh Team,23 November 2023,"('N/A', 'N/A')"
farsan ibramsa,5,23 November 2023,Nice,Josh Team,23 November 2023,"('N/A', 'N/A')"
Ashish Patel,5,23 November 2023,Very good jose,Josh Team,23 November 2023,"('N/A', 'N/A')"
Charan Pratap,5,23 November 2023,Com,Josh Team,23 November 2023,"('N/A', 'N/A')"
Pradeep singh Singh,5,23 November 2023,R innkeeper and ;you u:hubby hubby,Josh Team,23 November 2023,"('N/A', 'N/A')"
ɢɢ ɢᴀᴍɪɴɢ,5,23 November 2023,Op,Josh Team,23 November 2023,"('N/A', 'N/A')"
Jai Pandagre,1,22 November 2023,"This app is a mental stress. Doesn't refresh, doesn't upload, keep beautifying uploaded video for 2 days now.... Very slow. And there is no option to cancel or restart uploading. DEVELOPERS SHOULD USE THIS APP FIRST.",Josh Team,23 November 2023,41 people found this review helpful
Ram Gawde,1,22 November 2023,Excellent,Josh Team,23 November 2023,"('N/A', 'N/A')"
akhilesh sharma,3,22 November 2023,Nice,Josh Team,23 November 2023,"('N/A', 'N/A')"
Nitin Yadav,5,22 November 2023,Hn jbhi,Josh Team,23 November 2023,"('N/A', 'N/A')"
Mehboob Shaikh,5,22 November 2023,Very Very good Josh app,Josh Team,23 November 2023,"('N/A', 'N/A')"
Prince Sharma,5,22 November 2023,Mast app,Josh Team,23 November 2023,"('N/A', 'N/A')"
Jayu Ratate,5,22 November 2023,Plzz sapot,Josh Team,23 November 2023,"('N/A', 'N/A')"
Tusar Kumar Nandi,2,22 November 2023,I like this app but it is not responding the internet. please fix it.,Josh Team,23 November 2023,"('N/A', 'N/A')"
Abdul Kadir,5,22 November 2023,Full enjoy app,Josh Team,22 November 2023,"('N/A', 'N/A')"
Mohmmad Wafa,5,22 November 2023,जगह,Josh Team,22 November 2023,"('N/A', 'N/A')"
JASSI JASWINDER,5,22 November 2023,Good 👍,Josh Team,22 November 2023,"('N/A', 'N/A')"
VikashATNM,5,22 November 2023,This aap is most likely to be able to make sure that you,Josh Team,22 November 2023,"('N/A', 'N/A')"
Shivchandra Gautam,5,21 November 2023,Shivchandra,Josh Team,22 November 2023,"('N/A', 'N/A')"
Paresh Solanki,5,21 November 2023,One of the most amazing and safe app.,Josh Team,22 November 2023,8 people found this review helpful
Satish Kumar,5,21 November 2023,Superhit,Josh Team,22 November 2023,"('N/A', 'N/A')"
raja Kumar,4,21 November 2023,very good,Josh Team,22 November 2023,"('N/A', 'N/A')"
Prasant Viswkrma,4,21 November 2023,This is app verry good,Josh Team,22 November 2023,"('N/A', 'N/A')"
Aashish Singh,5,21 November 2023,Good,Josh Team,22 November 2023,"('N/A', 'N/A')"
Jayadhason P,5,21 November 2023,Ok,Josh Team,21 November 2023,"('N/A', 'N/A')"
Venatesha L,2,21 November 2023,Lvenkatesh,Josh Team,21 November 2023,"('N/A', 'N/A')"
uttam kumar,2,21 November 2023,Nice,Josh Team,21 November 2023,"('N/A', 'N/A')"
Munmun Bauri,5,21 November 2023,Nice,Josh Team,21 November 2023,"('N/A', 'N/A')"
Suraj,5,21 November 2023,Open,Josh Team,21 November 2023,"('N/A', 'N/A')"
Rk Kumar,5,21 November 2023,Xllm h sab pe Bhari mehfil me know when to kar lete . lXllm,Josh Team,21 November 2023,"('N/A', 'N/A')"
Jainendra Gond,5,21 November 2023,Josh app se gift🎁 kab milega,Josh Team,21 November 2023,"('N/A', 'N/A')"
Shashi Kumar,3,21 November 2023,ंध दिल्ली,Josh Team,21 November 2023,"('N/A', 'N/A')"
Prashant Singh Rajpoot,5,20 November 2023,Great app but money can not be released on websites,Josh Team,21 November 2023,"('N/A', 'N/A')"
rashatpal wasekar,3,20 November 2023,Vidhav Ada,Josh Team,21 November 2023,"('N/A', 'N/A')"
Ashok Ashok,2,20 November 2023,Mera comment on hai fr bhi comment nhi aata hai comment dijiye please,Josh Team,20 November 2023,"('N/A', 'N/A')"
ಪರಶುರಾಮ್ ವಿಷ್ಣು ದಾದಾ,4,20 November 2023,👍👍,Josh Team,20 November 2023,"('N/A', 'N/A')"
Neha bahuguna,5,20 November 2023,Wow Mere 22 ghante se pahle 600 views and 54 likes a gai hai so much it bahut Achcha Laga Mujhe aur yah bahut Achcha grooving platform hai please aap apply Kijiye aur download kijiye Na Ho Jaaye Achcha platform hai aur I think Mujhe earning bhi ho jaaye to Achcha hai,Josh Team,20 November 2023,"('N/A', 'N/A')"
Ajit Yadav,5,20 November 2023,ALlal per,Josh Team,20 November 2023,"('N/A', 'N/A')"
Laxmi Londhe,5,20 November 2023,I like this app,Josh Team,20 November 2023,"('N/A', 'N/A')"
Sudipto Official,5,20 November 2023,Dipto,Josh Team,20 November 2023,"('N/A', 'N/A')"
VISSU TANNA,5,20 November 2023,Good,Josh Team,20 November 2023,"('N/A', 'N/A')"
Jeyachandran Musuvathi,5,20 November 2023,Not useful,Josh Team,20 November 2023,"('N/A', 'N/A')"
prince kumar,1,20 November 2023,Hij,Josh Team,20 November 2023,"('N/A', 'N/A')"
Prabal Shrestha,1,20 November 2023,so useless when posting it goes like freezing all the time so bad,Josh Team,20 November 2023,"('N/A', 'N/A')"
Sobhanmaya Patnaik,5,20 November 2023,Good,Josh Team,20 November 2023,"('N/A', 'N/A')"
Gul Rana,5,20 November 2023,Nice,Josh Team,20 November 2023,"('N/A', 'N/A')"
Kuruva Naharaju,5,19 November 2023,Support me josh,Josh Team,20 November 2023,"('N/A', 'N/A')"
Munu CK Official,5,19 November 2023,Good,Josh Team,20 November 2023,"('N/A', 'N/A')"
Saif Ali khan Fan club,5,19 November 2023,Very usefull,Josh Team,20 November 2023,"('N/A', 'N/A')"
Sandeep Thakur,3,19 November 2023,They yyyyyy,Josh Team,20 November 2023,"('N/A', 'N/A')"
Venkatesh Venkatesh,5,19 November 2023,Nic app,Josh Team,20 November 2023,"('N/A', 'N/A')"
Ramfuli Dhanka,5,19 November 2023,Ramfulhi,Josh Team,20 November 2023,"('N/A', 'N/A')"
Dabhi kishor Kishor,5,19 November 2023,Dabhi Abhay,Josh Team,19 November 2023,"('N/A', 'N/A')"
Jaypal,5,19 November 2023,please sir Josh unlock,Josh Team,19 November 2023,"('N/A', 'N/A')"
kajal,1,19 November 2023,"Kajal, kumari",Josh Team,19 November 2023,"('N/A', 'N/A')"
Miguel Perez,5,19 November 2023,Mi mm LP pp 0 of 08 no,Josh Team,19 November 2023,"('N/A', 'N/A')"
Chandresh Kumar,1,19 November 2023,Chandeshkuar,Josh Team,19 November 2023,"('N/A', 'N/A')"
Mukendar Ji,5,18 November 2023,Nice,Josh Team,19 November 2023,"('N/A', 'N/A')"
jancy rani,1,18 November 2023,Cost No used,Josh Team,19 November 2023,"('N/A', 'N/A')"
Latest Status Videos,1,18 November 2023,🤮🤮🤮 always shuffle gallery content when I access gallery through Josh,Josh Team,19 November 2023,"('N/A', 'N/A')"
Sudhanshu Kumar,5,18 November 2023,very useful 🌟🌟💫,Josh Team,19 November 2023,"('N/A', 'N/A')"
Azad Alam,5,18 November 2023,Very 👍,Josh Team,19 November 2023,"('N/A', 'N/A')"
Pankaj Kumar Jha,3,18 November 2023,Nice aap,Josh Team,18 November 2023,"('N/A', 'N/A')"
Sai Santosh,5,18 November 2023,Punda,Josh Team,18 November 2023,"('N/A', 'N/A')"
mohdarsad7786 Arsalangada,5,18 November 2023,Arslan gada,Josh Team,18 November 2023,"('N/A', 'N/A')"
Intjar Husain,5,18 November 2023,Very very good 👍,Josh Team,18 November 2023,"('N/A', 'N/A')"
Banti Yadav,5,18 November 2023,Khushi Kumari,Josh Team,18 November 2023,"('N/A', 'N/A')"
Arti Bara,4,18 November 2023,Good,Josh Team,18 November 2023,"('N/A', 'N/A')"
Gilson Juru,5,18 November 2023,Look it's nice,Josh Team,18 November 2023,"('N/A', 'N/A')"
sudipta das,4,17 November 2023,GOOD,Josh Team,18 November 2023,"('N/A', 'N/A')"
V LOHITH REDDY,5,17 November 2023,Lovely,Josh Team,18 November 2023,"('N/A', 'N/A')"
Kamla Kamla,5,17 November 2023,Exellent app,Josh Team,18 November 2023,"('N/A', 'N/A')"
Ajju Bhai,5,17 November 2023,Very good app,Josh Team,18 November 2023,"('N/A', 'N/A')"
Rahul Charan,5,17 November 2023,Bhut Sundar hai,Josh Team,18 November 2023,"('N/A', 'N/A')"
Babbu Sambyal,5,17 November 2023,Good,Josh Team,18 November 2023,"('N/A', 'N/A')"
Shane Alam,1,17 November 2023,Full of nudity videos,Josh Team,18 November 2023,"('N/A', 'N/A')"
Raja Raj,5,17 November 2023,Nyc app,Josh Team,17 November 2023,"('N/A', 'N/A')"
Choti Khatun,4,17 November 2023,.. on opinion jb me know SZ Mahatma8uu ubi 8x0,Josh Team,17 November 2023,"('N/A', 'N/A')"
The Aksh,5,17 November 2023,very good,Josh Team,17 November 2023,"('N/A', 'N/A')"
Chhotu Yadav,5,17 November 2023,Thiku,Josh Team,17 November 2023,"('N/A', 'N/A')"
B.NARAYANA MURTHY,5,17 November 2023,Wonderful app,Josh Team,17 November 2023,"('N/A', 'N/A')"
Bhanu Dubey,5,17 November 2023,fabulous app in shorts videos and full entertainment,Josh Team,17 November 2023,10 people found this review helpful
Akash Kumar,5,17 November 2023,Nice,Josh Team,17 November 2023,"('N/A', 'N/A')"
Ganesh Sahu,5,17 November 2023,Superb 🤟,Josh Team,17 November 2023,"('N/A', 'N/A')"
Abdul Razak Koduvil,4,17 November 2023,Informative as well entertaining !,Josh Team,17 November 2023,6 people found this review helpful
Babita Rai,5,17 November 2023,Good,Josh Team,17 November 2023,"('N/A', 'N/A')"
ramvinay kumar,5,17 November 2023,Good,Josh Team,17 November 2023,"('N/A', 'N/A')"
Moti Sarma,5,16 November 2023,Very nice,Josh Team,17 November 2023,"('N/A', 'N/A')"
neeraj maurya,5,16 November 2023,good app,Josh Team,17 November 2023,"('N/A', 'N/A')"
Voice uk11,5,16 November 2023,Good 👍,Josh Team,17 November 2023,"('N/A', 'N/A')"
Ishrat,4,16 November 2023,Albino inch union dam manICYMI again Jami research that thick exactly,Josh Team,17 November 2023,"('N/A', 'N/A')"
Prosenjit Sarkar,5,16 November 2023,Best App,Josh Team,17 November 2023,"('N/A', 'N/A')"
Sachin Raj,4,16 November 2023,good app,Josh Team,16 November 2023,"('N/A', 'N/A')"
Vijay Gautam,4,16 November 2023,Thanks for🙏💕 Josh Vijay vks 47 my id,Josh Team,16 November 2023,"('N/A', 'N/A')"
Sahil Arora,1,16 November 2023,Views videos sahil arora87 te likes comment nahi aa rahe karo like comment💬 please🙏 views videos likes comment s,Josh Team,16 November 2023,"('N/A', 'N/A')"
Alexis Khan,5,16 November 2023,Good 👍,Josh Team,16 November 2023,"('N/A', 'N/A')"
Dr.Sanjay Pandey,4,16 November 2023,Why nudity is not banned in such platform or can provide some parental controls,Josh Team,16 November 2023,1 person found this review helpful
Munna Kumar,3,16 November 2023,Llpa,Josh Team,16 November 2023,"('N/A', 'N/A')"
Jky Sk,4,16 November 2023,HAPPY,Josh Team,16 November 2023,"('N/A', 'N/A')"
Vara Laxmi,4,16 November 2023,"It's nice for publish, also build career",Josh Team,16 November 2023,9 people found this review helpful
Yamank Rajpoot,4,16 November 2023,Good app for the first time ever day,Josh Team,16 November 2023,"('N/A', 'N/A')"
Asik Khan,5,16 November 2023,So cute and beautiful app,Josh Team,16 November 2023,"('N/A', 'N/A')"
VIKASH Kumar,5,16 November 2023,Vikash Kumar 🥰,Josh Team,16 November 2023,"('N/A', 'N/A')"
Fariyad Ansari,5,15 November 2023,Hi fariyadansari,Josh Team,16 November 2023,"('N/A', 'N/A')"
Nr Nagendra,5,15 November 2023,Super,Josh Team,16 November 2023,"('N/A', 'N/A')"
Anshu Nishad,1,15 November 2023,My videos were moderated without any reason so I request you to not moderate mu video,Josh Team,16 November 2023,"('N/A', 'N/A')"
Ashraf Alam,5,15 November 2023,Very nice 🙂👍,Josh Team,16 November 2023,"('N/A', 'N/A')"
Shishir Rane,2,15 November 2023,Awesome & nice,Josh Team,16 November 2023,"('N/A', 'N/A')"
Sandhya Devi,5,15 November 2023,😀😇,Josh Team,16 November 2023,"('N/A', 'N/A')"
Ramjan Tyi,5,15 November 2023,Nice app,Josh Team,16 November 2023,"('N/A', 'N/A')"
Tewodros Moges,5,15 November 2023,nice App I Like It,Josh Team,15 November 2023,"('N/A', 'N/A')"
Max cool service,5,15 November 2023,Very nice app,Josh Team,15 November 2023,"('N/A', 'N/A')"
Aarif Shaikh,5,15 November 2023,Naic,Josh Team,15 November 2023,"('N/A', 'N/A')"
Parkash Mankar,1,15 November 2023,घूस जय घूढू,Josh Team,15 November 2023,"('N/A', 'N/A')"
Abhishek Raj,5,15 November 2023,thanks send gift you my gift,Josh Team,15 November 2023,"('N/A', 'N/A')"
A k prank Tv,5,15 November 2023,Good,Josh Team,15 November 2023,"('N/A', 'N/A')"
Vikas Solanki,5,15 November 2023,Thank you please my earning 1000 Kar do thank you 😊 🙏,Josh Team,15 November 2023,"('N/A', 'N/A')"
Jackson Shiva,5,15 November 2023,Comfortable,Josh Team,15 November 2023,"('N/A', 'N/A')"
Dipak Verma,5,15 November 2023,World's best Tik Tok app JOSH,Josh Team,15 November 2023,"('N/A', 'N/A')"
Sanjay Kumar,5,15 November 2023,Naveen,Josh Team,15 November 2023,"('N/A', 'N/A')"
Deepak Bhagat,5,15 November 2023,Great app,Josh Team,15 November 2023,"('N/A', 'N/A')"
Mdevi Prasad,2,15 November 2023,Most of the videos doesn't load while watching and it skips ro next video,Josh Team,15 November 2023,"('N/A', 'N/A')"
Sahid Alam,4,14 November 2023,AaHaD,Josh Team,15 November 2023,"('N/A', 'N/A')"
Adil Aslam,5,14 November 2023,Good,Josh Team,15 November 2023,"('N/A', 'N/A')"
Veer Banswal,1,14 November 2023,Not good,Josh Team,15 November 2023,"('N/A', 'N/A')"
Sarveshwararao Adapa,5,14 November 2023,P Lakshmi,Josh Team,15 November 2023,"('N/A', 'N/A')"
3016_Aditya Kanojiya,3,14 November 2023,Very good app,Josh Team,15 November 2023,"('N/A', 'N/A')"
Akash Yadav,5,14 November 2023,Hi akash yadav,Josh Team,14 November 2023,"('N/A', 'N/A')"
Jivan Khodke,1,14 November 2023,🤮,Josh Team,14 November 2023,"('N/A', 'N/A')"
Satyam Jat,5,14 November 2023,Diheeo,Josh Team,14 November 2023,1 person found this review helpful
Aman Vishwakarama,5,14 November 2023,Nice 🙂,Josh Team,14 November 2023,"('N/A', 'N/A')"
BRINDA KUMARI,1,14 November 2023,Best,Josh Team,14 November 2023,"('N/A', 'N/A')"
Radhe Radhe Radhe kumar,5,14 November 2023,Tabahi paawan,Josh Team,14 November 2023,"('N/A', 'N/A')"
maikoo kumar singh,1,14 November 2023,🤮🤮🤮,Josh Team,14 November 2023,"('N/A', 'N/A')"
Pooja Mali,5,14 November 2023,Op,Josh Team,14 November 2023,"('N/A', 'N/A')"
Rohit Shakyawal,5,14 November 2023,Ok,Josh Team,14 November 2023,"('N/A', 'N/A')"
Guriya Kumari,5,14 November 2023,Good 😊,Josh Team,14 November 2023,"('N/A', 'N/A')"
Shivshnkar Yadav,3,14 November 2023,Prashant yadav Yadav kul,Josh Team,14 November 2023,"('N/A', 'N/A')"
Patiram Sahu,5,13 November 2023,पतिराम साहु भोपाल मध्यप्रदेश,Josh Team,14 November 2023,"('N/A', 'N/A')"
Mohd_Bin. Sharik,2,13 November 2023,Very nice app,Josh Team,14 November 2023,1 person found this review helpful
Pavi thra,3,13 November 2023,Arabic India 🇮🇳,Josh Team,14 November 2023,"('N/A', 'N/A')"
PARTHA OFFICIAL BOY,5,13 November 2023,Hlw josh them Please check me My original id... Flowers nahi aha rahi q... My original video view problem solved me Mey huu ek din mojur bhanda Please mera id check kordega... My id gift option nahi aha rahi hoo Please my all video vairl me please.... My original id,Josh Team,14 November 2023,"('N/A', 'N/A')"
Kanhaiya Lal Soni,2,13 November 2023,Videos are freeze,Josh Team,14 November 2023,"('N/A', 'N/A')"
Chadra Shekar,1,13 November 2023,Useless app.... Josh.,Josh Team,14 November 2023,"('N/A', 'N/A')"
Prafulla Prafulla,5,13 November 2023,KNIVES AND THE NEXT,Josh Team,13 November 2023,"('N/A', 'N/A')"
Jahid Hassan,5,13 November 2023,Great application must use it...,Josh Team,13 November 2023,"('N/A', 'N/A')"
Sameer Ahmed,5,13 November 2023,SAMEER AHMAD,Josh Team,13 November 2023,"('N/A', 'N/A')"
Suraj Raj (Sidhant),3,13 November 2023,Mast,Josh Team,13 November 2023,"('N/A', 'N/A')"
Sonam Meena,5,13 November 2023,Vvvvvv Beautiful 🥰🥰,Josh Team,13 November 2023,"('N/A', 'N/A')"
Deva.j,5,13 November 2023,Deva. I,Josh Team,13 November 2023,"('N/A', 'N/A')"
Hitesh Chuahan,5,13 November 2023,Wow beautiful,Josh Team,13 November 2023,"('N/A', 'N/A')"
Sahbaj Khan,5,13 November 2023,Sahahbbz,Josh Team,13 November 2023,"('N/A', 'N/A')"
Arfath Mark,5,12 November 2023,Hilo Josh 🥰,Josh Team,13 November 2023,"('N/A', 'N/A')"
Kena alex,4,12 November 2023,I will rate this app if they change the app name but for me evry thing is working fine and this app is the beast,Josh Team,13 November 2023,"('N/A', 'N/A')"
Hareesh Kumar,1,12 November 2023,Best intertainment app,Josh Team,13 November 2023,"('N/A', 'N/A')"
kaushik maity,1,12 November 2023,Cringe application 👎,Josh Team,13 November 2023,"('N/A', 'N/A')"
Lal Salam,1,12 November 2023,In kodi k hindustan k logo ko sharam bhi nhi ati dusre desh k app ka logo chori kar k puri duniya ko dikhate hum chor hai hame chori ati hai tiktok k logo chori kar k uske style ki copy nakal mar k bada tir mar rhe hai je tiktok ka logo hai usme t hai isme J diya jaise kisi ko pata nhi chalega hindustan jaise mand budhi ghatiya log pure duniya mai nhi dekha or isme jo engine lagi hai vo dusre app ka hai usme design badal k dikha rhe je india k log ham kite mahan hai mahan hai to khud kuch bnao..,Josh Team,12 November 2023,"('N/A', 'N/A')"
Khushbu Kumari,5,12 November 2023,This app was very helpful and aap name is Josh so this aap was very slow download but my network ari very slow aap ki koi galti nhi hai lekin mere aap ka abhi 34 % hai mujhe angry a raha hai,Josh Team,12 November 2023,"('N/A', 'N/A')"
Neeraj Kumar,2,12 November 2023,Josh please Bhai 👆👆👆,Josh Team,12 November 2023,"('N/A', 'N/A')"
Mahendra Naik,4,12 November 2023,Rkzuearlj,Josh Team,12 November 2023,"('N/A', 'N/A')"
C K R,1,12 November 2023,This application is good but not earning source,Josh Team,12 November 2023,"('N/A', 'N/A')"
Sourav manna,5,12 November 2023,Very nice app🥰🥰🥰🥰🥰,Josh Team,12 November 2023,"('N/A', 'N/A')"
Bkbobby Kumar,5,12 November 2023,Sports me Josh,Josh Team,12 November 2023,"('N/A', 'N/A')"
Ride Cg,3,11 November 2023,Nice,Josh Team,12 November 2023,"('N/A', 'N/A')"
Jaganath Panigrahi,5,11 November 2023,Jeetkarmolar Jagannath,Josh Team,12 November 2023,"('N/A', 'N/A')"
Ragunathan,1,11 November 2023,Sweet dreams,Josh Team,12 November 2023,"('N/A', 'N/A')"
Raju Mishra,5,11 November 2023,😍😍😍😍😍,Josh Team,12 November 2023,"('N/A', 'N/A')"
Sweta Sagar,5,11 November 2023,I love josh 💋💋,Josh Team,11 November 2023,"('N/A', 'N/A')"
રાજેશચંદ્ર ઉપાધ્યાય,5,11 November 2023,Superb,Josh Team,11 November 2023,"('N/A', 'N/A')"
Harjinder Singh,5,11 November 2023,Harjinder Singh galwatti,Josh Team,11 November 2023,"('N/A', 'N/A')"
Sourabha Gahir,3,11 November 2023,Is a,Josh Team,11 November 2023,"('N/A', 'N/A')"
Md Tafjjul,5,11 November 2023,Very good,Josh Team,11 November 2023,"('N/A', 'N/A')"
bapu panchal,5,11 November 2023,Good but moving fast before read,Josh Team,11 November 2023,"('N/A', 'N/A')"
Kali Charan,4,11 November 2023,Good,Josh Team,11 November 2023,"('N/A', 'N/A')"
kovvuisrihari Ready,5,10 November 2023,Nice,Josh Team,11 November 2023,"('N/A', 'N/A')"
SK GAMER,5,10 November 2023,Good,Josh Team,11 November 2023,"('N/A', 'N/A')"
Chaitanya Wagh,1,10 November 2023,"This one star is enough to this app,,.their is nothing good to talk about this worst and useless app 😑🤮👎",Josh Team,11 November 2023,2 people found this review helpful
Trevor Philips,1,10 November 2023,third world garbage,Josh Team,11 November 2023,"('N/A', 'N/A')"
Sairam W,5,10 November 2023,Fine,Josh Team,10 November 2023,"('N/A', 'N/A')"
Itichi Uicha,5,10 November 2023,Very good app like tik tok,Josh Team,10 November 2023,"('N/A', 'N/A')"
K K,2,10 November 2023,Audio and video sync isn't happening while creating video. It used to work fine in tiktok. Any solution guys ?,Josh Team,10 November 2023,"3,591 people found this review helpful"
Shaik Salman,4,10 November 2023,😢😢😢😢😢😢,Josh Team,10 November 2023,"('N/A', 'N/A')"
satish wankhade,5,10 November 2023,Wawawawawawawa,Josh Team,10 November 2023,"('N/A', 'N/A')"
Vijayasridhar. S,5,10 November 2023,Very good,Josh Team,10 November 2023,1 person found this review helpful
Ramashish Business,5,10 November 2023,"Hello Everyone, Josh Reels Gifts Option Show Nahi Hora Hain Josh Gifts Feature Not Showing Problem",Josh Team,10 November 2023,"('N/A', 'N/A')"
Tilakraj Singh,5,9 November 2023,Afsh,Josh Team,10 November 2023,"('N/A', 'N/A')"
Muzammil Khan,5,9 November 2023,So nice and cool 😎 👌 😊,Josh Team,10 November 2023,"('N/A', 'N/A')"
Ram Sundar kumar,2,9 November 2023,ऋक्षहथ जली यादें शथन मत उज क्षक्षणजोआऊ,Josh Team,9 November 2023,"('N/A', 'N/A')"
Travel Togood,2,9 November 2023,India not working,Josh Team,9 November 2023,"('N/A', 'N/A')"
Vikram Singh,5,9 November 2023,Ecilent,Josh Team,9 November 2023,"('N/A', 'N/A')"
Ankit bisht,1,9 November 2023,He is very useless app,Josh Team,9 November 2023,"('N/A', 'N/A')"
Srinuvas D,4,9 November 2023,Very nice,Josh Team,9 November 2023,"('N/A', 'N/A')"
Ajoy Gayen,5,9 November 2023,Yes sir I am really theatre music dancing,Josh Team,9 November 2023,"('N/A', 'N/A')"
Rakesh Mandala,1,9 November 2023,Waste app data balance waste I search one song coming another song,Josh Team,9 November 2023,"('N/A', 'N/A')"
KUNNU• YT,5,8 November 2023,Nice,Josh Team,9 November 2023,"('N/A', 'N/A')"
Chumki Rajak,5,8 November 2023,Jast wow 😲😲,Josh Team,9 November 2023,"('N/A', 'N/A')"
Manav Nayyar,5,8 November 2023,Very Very Very Very Very Very Very Very Very Very Very Very Very Very Very Very Very Very Very Very Very Very Very Very Very Very Very Very Very Very Very Very Very Very Very Very Nice,Josh Team,9 November 2023,5 people found this review helpful
Manish Gupta,1,8 November 2023,I am manish gupta,Josh Team,9 November 2023,"('N/A', 'N/A')"
Naveen Naveencr,4,8 November 2023,"C h a,d",Josh Team,9 November 2023,"('N/A', 'N/A')"
Adil Khan,3,8 November 2023,It's nice,Josh Team,9 November 2023,"('N/A', 'N/A')"
MD Meraj alam MR,5,8 November 2023,Josh app very good,Josh Team,9 November 2023,"('N/A', 'N/A')"
Purushottam Singh,5,8 November 2023,👌👌👌👌,Josh Team,9 November 2023,"('N/A', 'N/A')"
Memers UP,5,8 November 2023,I very very very very very very very very very very very very very very very very very.like josh app,Josh Team,9 November 2023,1 person found this review helpful
கோ தனசேகரன்,1,8 November 2023,Fully enjinering videos playing 👎👎👎,Josh Team,9 November 2023,42 people found this review helpful
Moshin Khan,5,8 November 2023,Best Application very good Application I'm interested Application useful ☺️👍,Josh Team,9 November 2023,"('N/A', 'N/A')"
Chhibiben Patel,5,8 November 2023,Chhibi patel,Josh Team,9 November 2023,"('N/A', 'N/A')"
Rudra prasad Khatua,5,8 November 2023,AHA,Josh Team,9 November 2023,"('N/A', 'N/A')"
UJJAWAL Rai,1,8 November 2023,KITNE WELLE LOG HAI YAAR DUNIYA MEIN KI AISA APP USE KAR RAHE HAI,Josh Team,9 November 2023,"('N/A', 'N/A')"
santosh kumar,4,8 November 2023,Super,Josh Team,9 November 2023,"('N/A', 'N/A')"
Mamatha V,1,8 November 2023,Not good to kids,Josh Team,8 November 2023,"('N/A', 'N/A')"
Abjal Ali,5,8 November 2023,Nice app,Josh Team,8 November 2023,"('N/A', 'N/A')"
Saksham Madhok,1,8 November 2023,Just a money minting app. So many ads. Pathetic experience.,Josh Team,8 November 2023,28 people found this review helpful
Aakash Kumar,1,8 November 2023,So bad app,Josh Team,8 November 2023,"('N/A', 'N/A')"
Irfan ali,5,8 November 2023,Op py,Josh Team,8 November 2023,"('N/A', 'N/A')"
Anurag Singh,5,8 November 2023,Good app,Josh Team,8 November 2023,"('N/A', 'N/A')"
Raghav Reema,5,8 November 2023,Nyc aap,Josh Team,8 November 2023,"('N/A', 'N/A')"
Milan Jilariya,1,8 November 2023,Bed system,Josh Team,8 November 2023,"('N/A', 'N/A')"
Redmi 11,5,8 November 2023,Wonderful app,Josh Team,8 November 2023,"('N/A', 'N/A')"
Anuj Gangwar,2,8 November 2023,Josh aap baut acha hai,Josh Team,8 November 2023,"('N/A', 'N/A')"
Kishan Pyare,5,8 November 2023,Nice,Josh Team,8 November 2023,"('N/A', 'N/A')"
Uday Mayekar,5,7 November 2023,Wow...........,Josh Team,8 November 2023,"('N/A', 'N/A')"
Ibrahim Middya,4,7 November 2023,It is such a expensive app,Josh Team,8 November 2023,"('N/A', 'N/A')"
Rajkumar Singh,5,7 November 2023,Good,Josh Team,8 November 2023,"('N/A', 'N/A')"
Jayti Thakor,5,7 November 2023,. View. Mn mcc,Josh Team,8 November 2023,"('N/A', 'N/A')"
Rita Das,1,7 November 2023,Very poor,Josh Team,8 November 2023,"('N/A', 'N/A')"
Yash,1,7 November 2023,Jab bhi koi video upload kar ta hu to vo gallery mein save hota hai ise off karne ki koi setting nahi please update karo ise 2 month se problem hai,Josh Team,7 November 2023,7 people found this review helpful
Hariom nayak 123,5,7 November 2023,Good app,Josh Team,7 November 2023,"('N/A', 'N/A')"
Baliram Prasad,1,7 November 2023,Very very bad,Josh Team,7 November 2023,"('N/A', 'N/A')"
Akash Roy,5,7 November 2023,This app is an excellent,Josh Team,7 November 2023,"('N/A', 'N/A')"
Kishan Kahar,4,7 November 2023,Josh account official_boy44 Live,Josh Team,7 November 2023,"('N/A', 'N/A')"
VK Crick,1,6 November 2023,Bakwas application 👍,Josh Team,7 November 2023,"('N/A', 'N/A')"
Jhuma Patra,5,6 November 2023,Wowwwww,Josh Team,7 November 2023,"('N/A', 'N/A')"
Raju Kumar,5,6 November 2023,I liked this app,Josh Team,7 November 2023,"('N/A', 'N/A')"
Vikash Parmar,5,6 November 2023,Whatsapp messenger,Josh Team,7 November 2023,"('N/A', 'N/A')"
Thuka dku,1,6 November 2023,Data wasted app,Josh Team,7 November 2023,"('N/A', 'N/A')"
Lalit Raj,4,6 November 2023,Godd,Josh Team,7 November 2023,"('N/A', 'N/A')"
N. PHANINDRA,5,6 November 2023,Best entertainment app,Josh Team,7 November 2023,"('N/A', 'N/A')"
Ak saini Saini,1,6 November 2023,Don't like this app,Josh Team,7 November 2023,"('N/A', 'N/A')"
MD THAKOR,1,6 November 2023,Can I earn money hear,Josh Team,6 November 2023,"('N/A', 'N/A')"
Girija Girija p,5,6 November 2023,தமிழ்,Josh Team,6 November 2023,"('N/A', 'N/A')"
Manoj Majumder,5,6 November 2023,Very good 👍,Josh Team,6 November 2023,"('N/A', 'N/A')"
Dilip Nathany,5,6 November 2023,Love the contents,Josh Team,6 November 2023,"('N/A', 'N/A')"
Vimla devi Bimla,5,6 November 2023,Nice this app👏👏,Josh Team,6 November 2023,"('N/A', 'N/A')"
Angle Sona,4,6 November 2023,Nice app,Josh Team,6 November 2023,23 people found this review helpful
Subham upadhya,5,6 November 2023,Shubham Upadhyay,Josh Team,6 November 2023,"('N/A', 'N/A')"
A Google user,1,5 November 2023,"Such a scam, linking tango and advertising as live. waste of time",Josh Team,6 November 2023,5 people found this review helpful
சந்தனக் கலை,1,5 November 2023,Very poor App,Josh Team,6 November 2023,"('N/A', 'N/A')"
Nishad Hafiz,5,5 November 2023,Rajla Nn,Josh Team,6 November 2023,"('N/A', 'N/A')"
Guddu Pachare,5,5 November 2023,Best aap,Josh Team,6 November 2023,"('N/A', 'N/A')"
varun sahu,5,5 November 2023,Very nice aap for reels 😜😜🥳🥳🥳😘🥰😘😘😘 thanku for this aap,Josh Team,6 November 2023,"('N/A', 'N/A')"
Subhash Shinde,3,5 November 2023,Ok,Josh Team,6 November 2023,"('N/A', 'N/A')"
INZAMAMUL OP,5,5 November 2023,Nice 👍,Josh Team,6 November 2023,"('N/A', 'N/A')"
Shweta Ya,1,5 November 2023,I love this app it's 1 year now I have 2.6 k fans 🥰😊,Josh Team,5 November 2023,"('N/A', 'N/A')"
Hozrat Ali,1,5 November 2023,Good 👍👍👏,Josh Team,5 November 2023,"('N/A', 'N/A')"
Sanni Rana,4,5 November 2023,Sunny rana.dj,Josh Team,5 November 2023,"('N/A', 'N/A')"
Sakibssp Salmani,5,5 November 2023,Very useful app,Josh Team,5 November 2023,"('N/A', 'N/A')"
Shubinder Jaswal,4,5 November 2023,This is very good app but tuis app is ______,Josh Team,5 November 2023,"('N/A', 'N/A')"
Pooja Yadav,5,5 November 2023,Good,Josh Team,5 November 2023,"('N/A', 'N/A')"
Uvesh Khan,5,5 November 2023,Good,Josh Team,5 November 2023,"('N/A', 'N/A')"
Prema Poojary,5,5 November 2023,Super aap 🤗🤗🤩🤩😘😘😍🤗🤗🤩🤩😘😘😘,Josh Team,5 November 2023,"('N/A', 'N/A')"
Rajkumar kohli,2,5 November 2023,Nice,Josh Team,5 November 2023,"('N/A', 'N/A')"
pratham tunwar,5,5 November 2023,My Experience is Very Good,Josh Team,5 November 2023,"('N/A', 'N/A')"
kotamraju ramarao,5,4 November 2023,very nice,Josh Team,5 November 2023,"('N/A', 'N/A')"
Danish khan,1,4 November 2023,!!! Khan josh app,Josh Team,5 November 2023,"('N/A', 'N/A')"
गोरे साऊंड कुर्डू,5,4 November 2023,Ok,Josh Team,5 November 2023,"('N/A', 'N/A')"
Srinatha K,1,4 November 2023,Not good,Josh Team,5 November 2023,"('N/A', 'N/A')"
Manoj Debnath,5,4 November 2023,Samsunglo L Lll L,Josh Team,5 November 2023,"('N/A', 'N/A')"
Pooja Rana,1,4 November 2023,bad app🙊🙊🙊🙊🙊🚫🚫🚫🚫,Josh Team,5 November 2023,"('N/A', 'N/A')"
JJ Deadman,5,4 November 2023,Nice,Josh Team,5 November 2023,"('N/A', 'N/A')"
Murad Ali,5,4 November 2023,Muradali,Josh Team,4 November 2023,"('N/A', 'N/A')"
SALMAN SALMAN,5,4 November 2023,Love Love Love,Josh Team,4 November 2023,"('N/A', 'N/A')"
भोगेंद्र कुमार,5,4 November 2023,Nice mc,Josh Team,4 November 2023,"('N/A', 'N/A')"
Nicho Sangma,3,4 November 2023,The 🌱j,Josh Team,4 November 2023,"('N/A', 'N/A')"
Suvam Saket,5,4 November 2023,Sunil Saket,Josh Team,4 November 2023,"('N/A', 'N/A')"
Ramsingh Patel,4,4 November 2023,"Xxxxr t,,₹*to,*,,z,rt",Josh Team,4 November 2023,"('N/A', 'N/A')"
gaurav mishra,4,4 November 2023,Good,Josh Team,4 November 2023,"('N/A', 'N/A')"
Avi creater,1,3 November 2023,Not fan for me,Josh Team,4 November 2023,"('N/A', 'N/A')"
Kaushal Patel,5,3 November 2023,Meri life bana di isne,Josh Team,4 November 2023,"('N/A', 'N/A')"
Secret Gamer,5,3 November 2023,Op bri,Josh Team,4 November 2023,"('N/A', 'N/A')"
Mohammed Faisal,4,3 November 2023,Vv#m .. . Mijxb bzjh fry i Mᕙ( ~ . ~ )ᕗᕙ( ~ . ~ )ᕗᕙ(ಠ ਊ ಠ)ᕗᕙ( ~ . ~ )ᕗᕙ( ~ . ~ )ᕗᕙ( ~ . ~ )ᕗv✓× .f tt g rr Vvv f. ᕦ༼✩ل͜✩༽ᕤᕙ(☉ᕦ༼ຈل͜ຈ༽ᕤਊ☉ᕦ༼ຈل͜ຈ༽ᕤ)ᕗᕙ(⇀‸↼‶)ᕗᕦ[ ◑ □ ◑ ]ᕤᕦ[ ◑ □ ◑ ]ᕤ,Josh Team,4 November 2023,"('N/A', 'N/A')"
KHENAVAR SANJEEV KUMAR,5,3 November 2023,Sanjeev Kumar,Josh Team,3 November 2023,"('N/A', 'N/A')"
ẞ,1,3 November 2023,Ye mujre vala app kisne download Kiya bee,Josh Team,3 November 2023,"('N/A', 'N/A')"
Ayush Nishad,5,3 November 2023,Josh app par video upload karke real money 💰 earn Karo trusted app hai,Josh Team,3 November 2023,"('N/A', 'N/A')"
Aas Mohammad,5,3 November 2023,Good 👍 afsaid Happy josh app very nice Josh Company,Josh Team,3 November 2023,"('N/A', 'N/A')"
Anil Kumar,5,3 November 2023,"Wa qaq q13we se w99 Rey waq wc ninee 5G Dede www eyes yy,№_",Josh Team,3 November 2023,"('N/A', 'N/A')"
Gurpeet Goor,2,3 November 2023,Gurpreet,Josh Team,3 November 2023,"('N/A', 'N/A')"
Zulfi_Rider 727_gaming,5,3 November 2023,1 best àpp,Josh Team,3 November 2023,"('N/A', 'N/A')"
Tau Tanwar,5,2 November 2023,"This app is very interesting very entertaining and exploring I love it I am enjoying my life with this app nice very good thanks to Josh app making team.,#",Josh Team,3 November 2023,105 people found this review helpful
12K Hoque,5,2 November 2023,Nice video apps,Josh Team,3 November 2023,"('N/A', 'N/A')"
Alkaben Hira,5,2 November 2023,Hot,Josh Team,3 November 2023,"('N/A', 'N/A')"
Samir Chakraborty,4,2 November 2023,Good,Josh Team,3 November 2023,"('N/A', 'N/A')"
Sunita Soni,4,2 November 2023,"genres, including comedy, dance, DIY, travel, entertainment, bollywood, sports & more",Josh Team,3 November 2023,"('N/A', 'N/A')"
Laksh Purbhoo,5,2 November 2023,Nice but please keep improving,Josh Team,3 November 2023,"('N/A', 'N/A')"
binod kumar,5,2 November 2023,Anit🐅🐅,Josh Team,3 November 2023,"('N/A', 'N/A')"
Farad Khan,5,2 November 2023,Siraj khan,Josh Team,3 November 2023,"('N/A', 'N/A')"
Nana,5,2 November 2023,कीतीकौ षल बध,Josh Team,2 November 2023,"('N/A', 'N/A')"
Rajesh Sreekumar,4,2 November 2023,Excellent,Josh Team,2 November 2023,"('N/A', 'N/A')"
Mohammed Feroz (Afroz),1,2 November 2023,Not good wasting time new comers,Josh Team,2 November 2023,"('N/A', 'N/A')"
Satyaveer Singh,5,2 November 2023,🙏,Josh Team,2 November 2023,"('N/A', 'N/A')"
Tadkeshwar Shukla,5,2 November 2023,Op,Josh Team,2 November 2023,"('N/A', 'N/A')"
Md Javed,1,2 November 2023,Bad,Josh Team,2 November 2023,"('N/A', 'N/A')"
Loveu Mom,1,1 November 2023,Only china videos play no enjoy,Josh Team,2 November 2023,"('N/A', 'N/A')"
Sonu Sonu,5,1 November 2023,Super,Josh Team,2 November 2023,"('N/A', 'N/A')"
md imran,5,1 November 2023,Imran F Zakir Dukaan Bagdhara haat District Araria Bihar ok ok.,Josh Team,2 November 2023,"('N/A', 'N/A')"
Dashai Munda,4,1 November 2023,N Bgl be coming no by I'll,Josh Team,2 November 2023,"('N/A', 'N/A')"
Kumar Kunal,5,1 November 2023,Very good 👍,Josh Team,2 November 2023,"('N/A', 'N/A')"
Neelam Bhakar,5,1 November 2023,Neelam bhakar sahil Jaat,Josh Team,2 November 2023,"('N/A', 'N/A')"
Layaj Laskar,5,1 November 2023,My love josh,Josh Team,1 November 2023,"('N/A', 'N/A')"
Nehasbz,1,1 November 2023,Very very bad app aplod speed slow motion video not qwalite,Josh Team,1 November 2023,"('N/A', 'N/A')"
Shahid Shahid,5,1 November 2023,mdsahid,Josh Team,1 November 2023,"('N/A', 'N/A')"
Leo Aaki,4,1 November 2023,Excellent Josh app,Josh Team,1 November 2023,"('N/A', 'N/A')"
Pravin Solanki,5,1 November 2023,I love you💞💞💞 josh app,Josh Team,1 November 2023,"('N/A', 'N/A')"
Sundar Mimikiri,5,1 November 2023,Ext Land,Josh Team,1 November 2023,"('N/A', 'N/A')"
Pawan Kumar,5,1 November 2023,India is number 1aap,Josh Team,1 November 2023,"('N/A', 'N/A')"
Vijay Pachalkar,4,31 October 2023,Vighnesn,Josh Team,1 November 2023,"('N/A', 'N/A')"
Safdar Ali mondal,5,31 October 2023,Why is my monetization application not working? 😞,Josh Team,1 November 2023,"('N/A', 'N/A')"
Nisanth Dev,5,31 October 2023,Please give me a gift,Josh Team,1 November 2023,"('N/A', 'N/A')"
Javed Hussain,5,31 October 2023,Niche,Josh Team,1 November 2023,"('N/A', 'N/A')"
Suraj Patel,3,31 October 2023,Priti Singh,Josh Team,1 November 2023,"('N/A', 'N/A')"
Satyavan Thombare,5,31 October 2023,Op,Josh Team,1 November 2023,"('N/A', 'N/A')"
ROYAL MAFIYA,5,31 October 2023,RR otha gulo ki,Josh Team,1 November 2023,"('N/A', 'N/A')"
MONISH VARGHESE,1,31 October 2023,No use,Josh Team,1 November 2023,"('N/A', 'N/A')"
Sujatha Katta,2,31 October 2023,🤨🤨🤨,Josh Team,1 November 2023,"('N/A', 'N/A')"
Rohit Kumar,4,31 October 2023,Nice app,Josh Team,1 November 2023,"('N/A', 'N/A')"
Anil Jadhav,5,31 October 2023,Army,Josh Team,1 November 2023,"('N/A', 'N/A')"
Aarohi Bajpai,1,31 October 2023,No very poor app use less app 🤮🤮🤮 0 star rate this app Content is very poor 😡😡😡 no download this app very very poor app,Josh Team,1 November 2023,"('N/A', 'N/A')"
Chandan Kv,5,31 October 2023,Verygood..expecting latest videos please.also Jimnastic and artificial Intelligent and robotic...etc...,Josh Team,31 October 2023,"('N/A', 'N/A')"
God's General,1,31 October 2023,Don't don't waste your time in this,Josh Team,31 October 2023,"('N/A', 'N/A')"
Go Li,5,31 October 2023,Manaka zim issue solved in m issue in j.akz,Josh Team,31 October 2023,1 person found this review helpful
Yash,3,31 October 2023,Ui Improve Kro Aura Ads Remove Karo App Shi Hai,Josh Team,31 October 2023,"('N/A', 'N/A')"
Suraj Saha,5,31 October 2023,Nice 👍🙂 this project app,Josh Team,31 October 2023,"('N/A', 'N/A')"
LABIB Hoque,5,31 October 2023,Best app👍,Josh Team,31 October 2023,"('N/A', 'N/A')"
Dharmaraju Pukkalla,5,31 October 2023,Thank you,Josh Team,31 October 2023,"('N/A', 'N/A')"
Sadanand Sarthi,1,31 October 2023,Very nice,Josh Team,31 October 2023,"('N/A', 'N/A')"
Savita Gupta,1,31 October 2023,"1. Video uploading takes too much time, 2. Not much good filters are available, 3. Video quality making low. 4. Very typical app",Josh Team,31 October 2023,"2,560 people found this review helpful"
Jayesh Chavda,2,31 October 2023,Open mahi ho raha,Josh Team,31 October 2023,"('N/A', 'N/A')"
Arshu Qureshi,5,31 October 2023,Please support me,Josh Team,31 October 2023,"('N/A', 'N/A')"
Shyam Chaudhary,5,31 October 2023,Very good morning,Josh Team,31 October 2023,"('N/A', 'N/A')"
rai nabin,5,31 October 2023,Eerrtyyu,Josh Team,31 October 2023,"('N/A', 'N/A')"
Abisama Khan,5,31 October 2023,Arbaj,Josh Team,31 October 2023,"('N/A', 'N/A')"
Sithik Sithik,5,31 October 2023,Very nice video Useful enjoyed all videos 5 ⭐ good app,Josh Team,31 October 2023,16 people found this review helpful
Pintoo Gautam,5,31 October 2023,Good,Josh Team,31 October 2023,"('N/A', 'N/A')"
Mr.Mukesh Raj,5,31 October 2023,Furji app,Josh Team,31 October 2023,"('N/A', 'N/A')"
Nody Salh,1,31 October 2023,سيءءءء,Josh Team,31 October 2023,"('N/A', 'N/A')"
Tanaji Yenkure,3,30 October 2023,Jio,Josh Team,31 October 2023,"('N/A', 'N/A')"
Full On Funny Entertainment,5,30 October 2023,Nice,Josh Team,31 October 2023,"('N/A', 'N/A')"
BAL BAHADUR Raj,5,30 October 2023,Like,Josh Team,31 October 2023,"('N/A', 'N/A')"
Sai Digitals,1,30 October 2023,I'm uninstall this app but automatically re installed how it is possible,Josh Team,31 October 2023,9 people found this review helpful
Praveen Kumar,5,30 October 2023,Good,Josh Team,31 October 2023,"('N/A', 'N/A')"
hariom kumar,4,30 October 2023,Good good,Josh Team,31 October 2023,"('N/A', 'N/A')"
Sk Asraf,5,30 October 2023,Please my josh account all videos viral feed help mee,Josh Team,31 October 2023,"('N/A', 'N/A')"
Suraj Dhondwad,5,30 October 2023,Good,Josh Team,30 October 2023,"('N/A', 'N/A')"
Yash NCR,5,30 October 2023,Very good app🤗,Josh Team,30 October 2023,"('N/A', 'N/A')"
Divyanshu Sogarwal,5,30 October 2023,Most interesting,Josh Team,30 October 2023,"('N/A', 'N/A')"
Kishor Yadav,3,30 October 2023,Good,Josh Team,30 October 2023,"('N/A', 'N/A')"
Mutyam Lskshmamma,3,30 October 2023,Nahdini,Josh Team,30 October 2023,"('N/A', 'N/A')"
A. Khalik Sherasiya,5,30 October 2023,Aafiya sherasiya,Josh Team,30 October 2023,"('N/A', 'N/A')"
Rohit Kumar,4,29 October 2023,"Sir ye app bhut acha hai is pr app apni video bhi bna skte hain . Ye app bhut hi acchi short video ati hai Jaise whatsapp status ,good morning status etc. Ab main bhi is pr video bnata hoon please josh team support krain jisse man apke is app pr aur bhi downloadrs kra doon .app,❤️❤️💓💞💞💜💕💕💛💕💜💞💞💞💓😅😂😂🤣🤣🤣😀😃😃🤣🤣",Josh Team,30 October 2023,"('N/A', 'N/A')"
VIJAY PATEL,5,29 October 2023,Superb,Josh Team,30 October 2023,"('N/A', 'N/A')"
Sapna “Ray” Ray,4,29 October 2023,R hi hi nahi ho sakta kya super hi tt hai tu 6errrt tt 5rrrty hu YYZ ree hai êhappy r hi hai na ki bhi nhi ho bhaiya se e na ho sakta kya hai to ee eeeeeeee3 hai er ok frr hi er r e e na ki na ehi er ok ok eeerr4r ehi er rrrrr444rr e na,Josh Team,30 October 2023,"('N/A', 'N/A')"
Nanhe Saifi,5,29 October 2023,Mr Nanha,Josh Team,30 October 2023,"('N/A', 'N/A')"
Hemant Sharma,4,29 October 2023,Well,Josh Team,30 October 2023,"('N/A', 'N/A')"
Manish Kumar Verma,1,29 October 2023,The upload speed is very slow even on fast internet and wifi and shows the error compile failed and check the storage space even I have enough space.,Josh Team,30 October 2023,264 people found this review helpful
Noor Alam,5,29 October 2023,NoorAlam,Josh Team,30 October 2023,"('N/A', 'N/A')"
Govinda Reddy,5,29 October 2023,O bv off u,Josh Team,29 October 2023,"('N/A', 'N/A')"
Arjun Arhirwar,5,29 October 2023,Good aap,Josh Team,29 October 2023,"('N/A', 'N/A')"
S Kotresh,5,29 October 2023,Good,Josh Team,29 October 2023,"('N/A', 'N/A')"
Ketan Singh Jadon Thakur,5,29 October 2023,Very Very good 😊,Josh Team,29 October 2023,1 person found this review helpful
Anjana Yadav,5,29 October 2023,Viral kardo bhai,Josh Team,29 October 2023,"('N/A', 'N/A')"
Manish Kumar Mishra,5,29 October 2023,I really appreciate that good reach at public in short term period,Josh Team,29 October 2023,14 people found this review helpful
A.mohamed Hussain A.Mohamed munna,5,29 October 2023,Good,Josh Team,29 October 2023,"('N/A', 'N/A')"
Aakash Kumar 2213,5,29 October 2023,Josh very nice app ap sab apna manorajan yaha kar sakte h or ap yha se bahut kuch shik sakte h har din New video yaha ati rehti h,Josh Team,29 October 2023,"('N/A', 'N/A')"
Baba Gavit,5,29 October 2023,Mast time pass he,Josh Team,29 October 2023,"('N/A', 'N/A')"
Khubsurat Baten sarvesh,5,29 October 2023,Good,Josh Team,29 October 2023,"('N/A', 'N/A')"
Daddu sahu,3,29 October 2023,anjali,Josh Team,29 October 2023,"('N/A', 'N/A')"
Rajeshkumar Joshi (gorakha),5,29 October 2023,I request for the removal of application data,Josh Team,29 October 2023,"('N/A', 'N/A')"
FIROJ HOSSAIN,1,29 October 2023,1kদাদা জলদি আমার অনকে করে দাও,Josh Team,29 October 2023,"('N/A', 'N/A')"
Mohd Rajjab,5,29 October 2023,Very very good Josh india Bahut hi Good injoy and Fresh khabar deta hai i hoped Magar theek se chalta nahi hai,Josh Team,29 October 2023,"('N/A', 'N/A')"
Devaraja Rathlavatha,5,29 October 2023,very Good,Josh Team,29 October 2023,"('N/A', 'N/A')"
Priyanshu Sharma,3,29 October 2023,Priyanushu sharma 😈🔥,Josh Team,29 October 2023,"('N/A', 'N/A')"
raghunatha reddy V,1,28 October 2023,I required only Telugu. Why r u mixing all other languages. This is very bad which I don't like it.,Josh Team,29 October 2023,27 people found this review helpful
Gottam Short,1,28 October 2023,Followers nahi badhega to me ye app delete kar dunga,Josh Team,29 October 2023,"('N/A', 'N/A')"
Rahul Sk,1,28 October 2023,Report help me 😭😭😭,Josh Team,29 October 2023,"('N/A', 'N/A')"
Kamlesh Dabi,1,28 October 2023,Not good,Josh Team,28 October 2023,"('N/A', 'N/A')"
Aasif Idrisi,5,28 October 2023,mast video aop,Josh Team,28 October 2023,"('N/A', 'N/A')"
HINDI GAMING,5,28 October 2023,Super,Josh Team,28 October 2023,"('N/A', 'N/A')"
Disha Das,5,28 October 2023,Nice,Josh Team,28 October 2023,"('N/A', 'N/A')"
Suvitha Suvitha,4,28 October 2023,WWe,Josh Team,28 October 2023,"('N/A', 'N/A')"
Arvind Bhamare,5,28 October 2023,Good to see adventure in men,Josh Team,28 October 2023,"('N/A', 'N/A')"
Sandhya Prajapati,5,28 October 2023,Main Josh Mein videos banati Thi kuch time ke liye ID band kar di thi but abhi views aana band ho Gaya please help Josh company Plsss,Josh Team,28 October 2023,"('N/A', 'N/A')"
Md Salim,5,28 October 2023,সাব্বির,Josh Team,28 October 2023,"('N/A', 'N/A')"
Niraj Kumar,5,28 October 2023,Nirajkumar,Josh Team,28 October 2023,"('N/A', 'N/A')"
Nandakumar Potey,5,27 October 2023,Very nice & good app,Josh Team,28 October 2023,"('N/A', 'N/A')"
Mohamed Basith,1,27 October 2023,How to solve this problem compile failed. please check the storage. tell me please...,Josh Team,28 October 2023,7 people found this review helpful
ABHIANI SL,5,27 October 2023,Good,Josh Team,28 October 2023,"('N/A', 'N/A')"
Bhagavat Panchal,5,27 October 2023,Very nice,Josh Team,28 October 2023,"('N/A', 'N/A')"
MaanavpreM,5,27 October 2023,Super,Josh Team,28 October 2023,"('N/A', 'N/A')"
rupesh kumar,5,27 October 2023,Amazing,Josh Team,28 October 2023,"('N/A', 'N/A')"
Pk yadav,5,27 October 2023,Op,Josh Team,28 October 2023,"('N/A', 'N/A')"
Irsad Rahaman,5,27 October 2023,Wow 😳,Josh Team,27 October 2023,"('N/A', 'N/A')"
Gamer Ranbir,5,27 October 2023,very nice app👍,Josh Team,27 October 2023,"('N/A', 'N/A')"
Thumbe Ravisankar,3,27 October 2023,I 😍,Josh Team,27 October 2023,"('N/A', 'N/A')"
Deba Basfor,5,27 October 2023,Good good good,Josh Team,27 October 2023,"('N/A', 'N/A')"
Caitlyn Meadows,5,27 October 2023,I LOVE THIS APP BECAUSE THIS APP ME GROW JALDISE HOTA HA MENE 7 DIN SE 2.5K FOLLOWERS HO GYA THANKS DEAR JOSH TEAM,Josh Team,27 October 2023,"('N/A', 'N/A')"
SK Official track,5,27 October 2023,Help full app...,Josh Team,27 October 2023,"('N/A', 'N/A')"
Ram Anand,5,27 October 2023,"Good,now many options I really like it.ur app iam giving 5 ✨.it's open heart.iam giving.but don't send hot vid.iam family man.my children also using my mobile ..but realy Supper app✨💫⭐💖",Josh Team,27 October 2023,278 people found this review helpful
Kalubhai Raval,5,26 October 2023,meetraval,Josh Team,27 October 2023,"('N/A', 'N/A')"
Aaryan Tyagi,5,26 October 2023,"JOSH, world no one app,very helpful, big entertainment, and best plateform for earning, thank you josh",Josh Team,27 October 2023,12 people found this review helpful
Sonu Shah,1,26 October 2023,He you you want to CT Htfcc t Ytftcc tchzv the b netts yyyyybhty,Josh Team,27 October 2023,"('N/A', 'N/A')"
Manjusanigol12,5,26 October 2023,Super,Josh Team,27 October 2023,"('N/A', 'N/A')"
Nitish Gupta,5,26 October 2023,सुकेश जी,Josh Team,27 October 2023,"('N/A', 'N/A')"
Anu Yadav,5,26 October 2023,Nice one this for me it a good entertainment perform and good source for earning money,Josh Team,27 October 2023,23 people found this review helpful
Bharat Sarama,5,26 October 2023,Rakesh Sharma,Josh Team,27 October 2023,"('N/A', 'N/A')"
Anita Devi,5,26 October 2023,Very nice Josh 👍🏻👍🏻👍🏻,Josh Team,26 October 2023,"('N/A', 'N/A')"
Dipmala Kumari,5,26 October 2023,It's app is good,Josh Team,26 October 2023,"('N/A', 'N/A')"
Prakash Sain,4,26 October 2023,. N N n hi - o ..I snhi,Josh Team,26 October 2023,"('N/A', 'N/A')"
Samar Khan,5,25 October 2023,Nice video app is good,Josh Team,26 October 2023,"('N/A', 'N/A')"
Piyush Jha,3,25 October 2023,Time pass app,Josh Team,26 October 2023,"('N/A', 'N/A')"
Mahabir Thakur,5,25 October 2023,Good app 👍👍👍👍👍,Josh Team,26 October 2023,"('N/A', 'N/A')"
Soheb Mullick,2,25 October 2023,Poor quality,Josh Team,26 October 2023,"('N/A', 'N/A')"
Sk Waseem,5,25 October 2023,👌👍💯,Josh Team,26 October 2023,"('N/A', 'N/A')"
Rayeesa Darrayeesa,5,25 October 2023,Good,Josh Team,26 October 2023,"('N/A', 'N/A')"
Shahid Choudhury,4,25 October 2023,It's good,Josh Team,25 October 2023,"('N/A', 'N/A')"
Intelligence wing,5,25 October 2023,Nice and good,Josh Team,25 October 2023,"('N/A', 'N/A')"
Malikarjun Gunadali,5,25 October 2023,MAiikARjON,Josh Team,25 October 2023,"('N/A', 'N/A')"
Sagar Kumar,2,25 October 2023,Nice👍👍👍👍👍👍,Josh Team,25 October 2023,"('N/A', 'N/A')"
Rasidkhan Khan,3,25 October 2023,Ecstatic dx 3eyy,Josh Team,25 October 2023,"('N/A', 'N/A')"
Sonu Ansary,1,25 October 2023,Josh mein kitne followers mein Paisa milega,Josh Team,25 October 2023,"('N/A', 'N/A')"
Rahidas Singh,5,25 October 2023,Gobinda Kumar official Rieter,Josh Team,25 October 2023,"('N/A', 'N/A')"
sajan sonu,5,25 October 2023,Nice,Josh Team,25 October 2023,"('N/A', 'N/A')"
Shivaprasad Yc,5,25 October 2023,Super,Josh Team,25 October 2023,"('N/A', 'N/A')"
Satish Kumar,3,25 October 2023,Thik thak,Josh Team,25 October 2023,"('N/A', 'N/A')"
Rajesh Bathija,5,24 October 2023,Good,Josh Team,25 October 2023,"('N/A', 'N/A')"
Vinay Kumar,2,24 October 2023,Ok,Josh Team,25 October 2023,"('N/A', 'N/A')"
Hitesh Chandarana,5,24 October 2023,Super duper,Josh Team,25 October 2023,"('N/A', 'N/A')"
Udaya Kumar,5,24 October 2023,Sujatha,Josh Team,25 October 2023,"('N/A', 'N/A')"
Swastik Sinhamahapatra,5,24 October 2023,I love this app ❤️❤️❤️❤️😍😍😍😍😍,Josh Team,25 October 2023,"('N/A', 'N/A')"
Rudra Singh,1,24 October 2023,Verygood,Josh Team,25 October 2023,"('N/A', 'N/A')"
radha Krishnan,4,24 October 2023,Lkky6'gyp hypo🙍‍♀,Josh Team,25 October 2023,"('N/A', 'N/A')"
Jomon t j,3,24 October 2023,UA 👍,Josh Team,24 October 2023,"('N/A', 'N/A')"
siddique qureshai,5,24 October 2023,Nice,Josh Team,24 October 2023,"('N/A', 'N/A')"
Ranina khatoon,4,24 October 2023,Saaitug,Josh Team,24 October 2023,"('N/A', 'N/A')"
Raj Rajyt,5,24 October 2023,I'm happy vs,Josh Team,24 October 2023,"('N/A', 'N/A')"
Ekansh Verma,5,24 October 2023,Good,Josh Team,24 October 2023,"('N/A', 'N/A')"
Vinay Kumar,5,24 October 2023,App shabhi ka sawagt hai josh app par 💔💘👍💕🌹🌹👍🌷🥀💐🌹🌷🌹🥀 shubah ho khooshbu apko mile suraj ke kirdne se good morning my friends ko,Josh Team,24 October 2023,"('N/A', 'N/A')"
Chaitanya N Chaitanya N,4,24 October 2023,Video super,Josh Team,24 October 2023,"('N/A', 'N/A')"
Krishna Gupta,1,24 October 2023,Very Bugs In Video Uploading,Josh Team,24 October 2023,"('N/A', 'N/A')"
Yb Nishad,5,23 October 2023,Good,Josh Team,24 October 2023,"('N/A', 'N/A')"
Official_Jani .07,5,23 October 2023,Goood,Josh Team,24 October 2023,"('N/A', 'N/A')"
Rajesh shukla,5,23 October 2023,Nice application,Josh Team,24 October 2023,"('N/A', 'N/A')"
RAAGHU MB,5,23 October 2023,Ok,Josh Team,23 October 2023,"('N/A', 'N/A')"
Sandeep Rawat,1,23 October 2023,Hello team Josh. I think My videos views and likes are freeze or stuck .. There is no growth in my videos since last 12 months .. it's really disappointed 😞☹️ Plz solve this issue ASAP... Thanks and regards...,Josh Team,23 October 2023,81 people found this review helpful
