reviewId,userName,userImage,content,score,thumbsUpCount,reviewCreatedVersion,at,replyContent,repliedAt,appVersion
435316a2-4369-420c-9569-1a9406eac109,Pti Imran,https://play-lh.googleusercontent.com/a/ACg8ocJ2OJGknYABrSaWRR-R1_HQ3g2tOT9O3JuGxR85JyJTzTAEbA=mo,good 👍,5,0,6.4.7.3,2025-04-18 12:57:42,,,6.4.7.3
258d33b7-07be-48e8-b79d-3612fafbb53b,Mohd shukri Mustafa,https://play-lh.googleusercontent.com/a-/ALV-UjVEAzWBbXc38vLJfGmvZ-8meGnnoFst9y5WovW0frR5viUH_UQ,good....now i very happy tq..love..,5,0,6.4.7.1,2025-04-17 13:09:32,,,6.4.7.1
992057e4-9b91-484f-9e74-9f66451bd690,MATA RANI Readymade Store,https://play-lh.googleusercontent.com/a-/ALV-UjWWVdn_VWY7VmvngGjHneXDTBc_N0XE6JSyF8vFdZ3R5pXU-zIz,good,5,0,6.4.3,2025-04-17 08:07:58,,,6.4.3
b8a8bd25-bb9b-4e5a-9cb4-6af85e4e644f,jaya kumar,https://play-lh.googleusercontent.com/a-/ALV-UjVsyICUDSwPhHT4yoaw8I_s38qkil1hAcyP0pTNPrExG6-IUamt,good,4,0,6.4.3,2025-04-16 23:57:36,,,6.4.3
cf715414-4eb3-416f-9245-6c9080eab66e,Mauritius Titiyan,https://play-lh.googleusercontent.com/a-/ALV-UjXNOiPJgXA98uwyaOxuTI8-LEM_NZeD6nw8aYumcojC6QSYhIMpsw,always helpful,5,0,6.4.2,2025-04-16 08:06:18,,,6.4.2
90226dc2-bbdb-49de-ab50-2fd180efc642,Endra Dwi Cahyono,https://play-lh.googleusercontent.com/a-/ALV-UjW6Zd7kP3jnHlgnFzLWxZFOffb6SYK0E7EF5ivL0u1ld_1E1a0,"i can't open this app today, and i don't even know how yo fixed it",1,0,6.4.3,2025-04-16 07:49:26,Sorry for the inconvenience. I have updated app again which resolves the bugs,2025-04-16 10:05:38,6.4.3
f0ba178e-afd1-44d8-877b-45dad5d74446,Andy Kenzo,https://play-lh.googleusercontent.com/a-/ALV-UjUYGDClhTRw9NOjFAjUf6DpWduLZb9HyBx4j2FIwiUz_03wPWeL7w,can't open. BUGS !!!!!,1,0,6.4.3,2025-04-16 06:21:43,Sorry for the inconvenience. I have updated app again which resolves the bugs,2025-04-16 10:04:14,6.4.3
9d7647b5-65e9-4f76-8156-bd7611702d30,Haidar Nashir,https://play-lh.googleusercontent.com/a-/ALV-UjU4J-RbEr7HDbO_V1KsTMym5APAYK1TTLw7LxUY9HG90huwOmo,nice fine working,5,0,6.4.2,2025-04-16 05:51:29,,,6.4.2
7d14f6c5-f290-4b34-8b3c-7721b99cc9df,Dionisius I. Prasetianto,https://play-lh.googleusercontent.com/a-/ALV-UjVCc-HogPbUk4pUXmpJVED8VHurXhmv75j-Lqh_5u6bUjaaJgQbQA,Can't open on my Infinix Note50 Pro. FYI : My subscribtion still active till 3 April 2026,3,0,6.4.3,2025-04-16 04:58:24,Sorry for the inconvenience. I have updated app again which resolves the bugs,2025-04-16 10:03:22,6.4.3
8dcfc5bd-0b37-449b-adbb-deefc81c79e4,888 water treatment &supply services,https://play-lh.googleusercontent.com/a/ACg8ocLHf7-mkmMflrTs8NF3YfR4VgkWYuqDXTm_o7TJw5-ot_Zu9A=mo,"very useful application,5 stars",5,0,6.4.2,2025-04-15 18:48:17,,,6.4.2
8dc92ba7-6355-49da-9882-4f4bc8329187,SAINUL ABID NV,https://play-lh.googleusercontent.com/a-/ALV-UjV_EAIBGUDYSobERG6kvoi_R7VMWGbWCxAuoyFcyqynTNq_xg-G,update all gone,1,0,6.2.6,2025-04-15 18:30:32,Sorry for the inconvenience. I have updated app again which resolves the bugs,2025-04-15 18:33:14,6.2.6
2422ec1f-bbcf-4f81-a9c1-f81c0fc9482e,YASIR KHAN,https://play-lh.googleusercontent.com/a-/ALV-UjUSZiXjUcMKl18YQmn5FeCqyu6-z_C1-tWxHNKRIGeO80LhLDgF,i cannot use it,1,1,,2025-04-15 10:11:10,Sorry for the inconvenience. I have updated app again which resolves the bugs,2025-04-16 10:09:17,
b13a5ac4-f52a-40d3-a3c8-f7b7c23be010,Erin Christiana,https://play-lh.googleusercontent.com/a-/ALV-UjV3lNCmEzEdJTg5kf4SefVM1-Srlt4N210Gkl7yan4mXxFHasHL,very gooooid,5,0,,2025-04-14 16:02:12,,,
23feb6b4-e426-469e-9652-4ce2bf3db080,Bashar Bhuiyan,https://play-lh.googleusercontent.com/a/ACg8ocKXx_h9rXnYj_g7AOHg_S8hYsDTNKKwy37aLZQ6dpA92Fv5lg=mo,receipt is not being created after pressing the receipt icon at the top right corner.,1,0,6.4.2,2025-04-13 23:46:36,Can you please share a screenshot on support email?,2025-04-15 09:54:43,6.4.2
e0aaa1e0-5bad-4b69-aec6-0c84421b17d7,Katrina Casandra Garcia,https://play-lh.googleusercontent.com/a-/ALV-UjWrmHte_zYm_S29_NrqUpsfXAnfPfRzgQiWEl5CKLA6UHomhPNu,Happy,5,0,6.4.2,2025-04-12 04:50:52,,,6.4.2
e5db7e9e-fec4-4b98-897e-cc480830a152,renee blakemore,https://play-lh.googleusercontent.com/a-/ALV-UjVXNM9-h9VqFfr-LbsHZxuWvdV5BkJNluPYnSueJwEo2mBjRuE,fine,5,0,6.4.2,2025-04-11 21:04:27,,,6.4.2
effc9a38-fad4-4ddb-961c-ffef78e303fc,Novita Andriani,https://play-lh.googleusercontent.com/a/ACg8ocKX1L8E4TrZm4dZ765g4IURphZGXqKPi_XPfPVHS4jDz8u6sQ=mo,good,5,0,6.4.2,2025-04-11 09:34:21,,,6.4.2
e4ad0751-5782-49cb-b45c-bbfa4e6d7832,Forhad Hasan,https://play-lh.googleusercontent.com/a-/ALV-UjVWTlZS9Nt2y3vd3xRoCAQP4DzLw6MESMVLKcys2GjwOBPz0DmHqQ,Best service,5,0,6.4.2,2025-04-10 11:22:20,,,6.4.2
dfa4514e-4b8e-4ad6-8f00-7c34bf802a21,Mfix Accounts mfix,https://play-lh.googleusercontent.com/a/ACg8ocJxv1XXRIzEI3adP9uKQfSOYGDOw9cSsgZpVVxNT44wUEFVkw=mo,so nice and simple. Thank you,5,0,6.4.2,2025-04-08 05:32:25,,,6.4.2
8543ff99-2457-4159-9f16-e240e19d5eec,Deddy Ferdiansyah,https://play-lh.googleusercontent.com/a-/ALV-UjXln8mGQHOosZJblSKvvIZm-dgIETE3YgyuWdZJSm6-h5L7-HE,i buy te subscription but why stil an adds appear in this app,3,0,6.4.2,2025-04-07 06:31:54,,,6.4.2
45da02ff-ff0c-47fb-953b-009acca95bad,Rizwan Khalil,https://play-lh.googleusercontent.com/a-/ALV-UjUGYvBkshYSLXkyLrfemn0TA3i9XMa0ls7suB1kbYZ66-eVK3wK,good app,5,0,6.4.2,2025-04-03 15:01:02,,,6.4.2
3a11173e-30c2-43b7-8177-946d4444d4f6,Jacky-lyn Polis,https://play-lh.googleusercontent.com/a-/ALV-UjUb2Jrg7EGfOmY_RAor2i8x94anaDG9-sSiVaYEsbXRQ3iGWFU,maDaling I connect at gamitin,5,0,6.4.2,2025-03-31 12:09:35,,,6.4.2
cc4bc2b9-916f-426d-b1d5-d14a15e5ad81,மணி creation,https://play-lh.googleusercontent.com/a-/ALV-UjXK5QCINpkoCBs6orm7DOyGZWK0Gwi6AEinNinh9EEwtb2f3RzG,super,5,0,6.4.2,2025-03-29 20:29:18,,,6.4.2
b301484c-4668-4178-b1fd-010155d68b33,Shantal Daniely,https://play-lh.googleusercontent.com/a-/ALV-UjXpnkPHE0lFXAHdngS3jGELDH4cZFldfRiMUQLCu6pNHI-iuDFb,"easy and convenient, very helpful and super great works like magic",5,0,6.4.2,2025-03-29 11:13:40,,,6.4.2
088d2b73-bb4d-4126-b630-174f4c32e1fd,Rinku Purkasto,https://play-lh.googleusercontent.com/a-/ALV-UjU7N5yTnEM0VtXnqBgqNak1VoLIHVtjgk2i5qaoxhW3oxgKuRwZlw,Excellent 👍,5,0,6.4.2,2025-03-26 21:58:22,,,6.4.2
0023435f-1b5f-4a08-8416-f15f2bb764dc,Gorka Notebuk,https://play-lh.googleusercontent.com/a/ACg8ocKEfS_wWaOBN7nX9NhMsB6gKnm9kolkIaUe-QqSIT4NpMC3VQ=mo,"Unnecessary complicated, difficult to adapt to your needs and full screen ads",1,0,,2025-03-25 22:35:11,,,
7fd530c5-8315-4b0a-afe6-48a88f26bf38,Kushal Singh Gusain,https://play-lh.googleusercontent.com/a-/ALV-UjXACmax3R6_ZtyD2Iji1O_SO_0Ndghnh-va-TRgqRHLN2WI8Lvxww,Best use for shop,5,0,6.3.8,2025-03-25 11:01:46,,,6.3.8
4caa8be9-3335-47a3-b42f-1778ec6ab684,andri prabowo,https://play-lh.googleusercontent.com/a-/ALV-UjVYt5n5b5b1kpUG_HeKsq0Gx92AdM8RLEFWq4eChcv_9BJNJizv,good,5,0,6.4.2,2025-03-25 06:45:30,,,6.4.2
421b7889-5635-4179-b50d-7868cf947bde,Bhajan Das,https://play-lh.googleusercontent.com/a-/ALV-UjUgeq99dVVTAFXpCOK4JGMgojDvmZ3HB2L3tZVB41XA5XKzimfA,excellent,5,0,6.4.2,2025-03-21 17:58:12,,,6.4.2
34aa9691-30d1-4894-9de9-e44194ea544f,hour vincent,https://play-lh.googleusercontent.com/a/ACg8ocI5VLQyiqrgzsQLsyP9InjO3YscRDNM6a3KlqWE7tCnyEMkmQ=mo,good,5,0,,2025-03-21 14:15:06,,,
fdc3c4eb-59cd-4adf-8fe4-c18f2350b22b,Hardja G.03 1305,https://play-lh.googleusercontent.com/a/ACg8ocI-MxOT3IsWnxS2TKk33jFn49d1iEIR3YCIdF9TFHUkXV0v3w=mo,so so so helpoooollll,5,0,6.4.2,2025-03-19 08:32:38,,,6.4.2
e1ba15ab-6001-4120-8f79-9be3fd1acc97,Juan Ortiz,https://play-lh.googleusercontent.com/a/ACg8ocL9wMjn4sfQcuuHqgd_IawO2TK0q6_-Y7CNDcgYknxEJD-NUg=mo,"Terrible app, the app opens Chrome and open a clothing page, when closing Chrome the page opens again and again, really disapointed",1,0,,2025-03-16 20:11:11,,,
6240757b-d13c-4756-a5f0-cdaf9a621d0e,pengembala sapi,https://play-lh.googleusercontent.com/a-/ALV-UjWFyN29jFhxxXamQwV9wiEAQ7kcbk9OB4ufyY4yCoKiX0Fc8ro,nice,5,0,,2025-03-14 23:32:36,,,
efbe4daf-3ab2-4cef-b5e0-654f8cde66d7,Mutia Mutmainah,https://play-lh.googleusercontent.com/a-/ALV-UjVuFEH-_xR6nfqWAMHIU-1HHQMxDdLB7rCHilnEd4L6kk2ND84,Mantap betul,5,0,6.4.2,2025-03-11 05:12:10,,,6.4.2
464c8ec5-ff72-4fba-8c75-c05aef2fcb30,Chadzamira Decide,https://play-lh.googleusercontent.com/a-/ALV-UjXrXTZupfNGn6y4QvsjaTmrP2OlMgTxFcKVHCNMb6BFM92hYzk,Mulfunctioning,3,0,6.4.2,2025-03-03 16:47:57,Could you please share your query in complete details on email so that I can fix on priority?,2025-03-03 16:49:19,6.4.2
185298ab-7b92-415e-a690-89e3b354c31c,Jacob Anyango,https://play-lh.googleusercontent.com/a-/ALV-UjU6_tZACmydKO0DnN2z6KPs1aNVHEVsXBRW0_H8j-mmi2t7aLjD,Awesome 💯🔥🔥🔥from Tanzania 🇹🇿,5,0,6.4.2,2025-03-01 15:48:06,,,6.4.2
a45fc328-6f6c-4b5a-a70b-8211890d85c8,Super Power,https://play-lh.googleusercontent.com/a/ACg8ocJwqTK0uEz72EPUemCNCi1_DXQ_vu6Wg60_FDxXSdZCYb0WmQ=mo,Amazing,5,0,6.4.2,2025-02-27 16:57:34,,,6.4.2
38780478-a603-42ce-9761-1ded1bd3ce80,Abelardo Lamier,https://play-lh.googleusercontent.com/a/ACg8ocLfJW41mqY189Xnqgcgy5wGyDjvREkEaKZQSVloJlhMR4ClYw=mo,Love it doing creative works,5,0,6.4.2,2025-02-27 08:48:58,,,6.4.2
627b79ca-d26c-4c61-898d-0371f485daca,Ibeto Jnr,https://play-lh.googleusercontent.com/a-/ALV-UjWk59bY2lgRQi8YxJezIuvmdu_lTwy_UHUkfuri2ZLXDQYZcNGq,Its very good,5,0,6.4.2,2025-02-26 16:31:42,,,6.4.2
2de21443-274c-4618-88eb-868ed58d8647,saviour effiong,https://play-lh.googleusercontent.com/a-/ALV-UjVCyNnk_O_HCH6-Zzd_f-Xwmj3Ds9aErek2BULee9qV77Pzu0Xk,It should be automatic on bluthod,4,0,6.3.8,2025-02-24 02:57:31,,,6.3.8
9c145e6b-46a9-45ef-869c-dc0a824dda16,Ashish singh Kushwah,https://play-lh.googleusercontent.com/a-/ALV-UjXUyZWov1OOURierBNTVQ5HlKMynNNmIQrIsF5EJUe3Ivjvsm8W,Good,5,0,6.4.2,2025-02-23 14:38:42,,,6.4.2
15511657-9fea-4651-92ff-8fbab9b3fc83,G Rajesh,https://play-lh.googleusercontent.com/a-/ALV-UjVirGh_up4HJZ7hLxYfWsteMVzaGcGelsDVyGYH0cUXVINPYOsm,Good app,5,0,6.4.2,2025-02-22 23:02:49,,,6.4.2
40c70632-da63-4ebc-bba1-304378ff6cce,Prenciss Pacay,https://play-lh.googleusercontent.com/a/ACg8ocIilCc646O34DUAm_xEWit5QQVhFG2tiT6M1LyhAfPRzqBhSg=mo,Nice for printing..,5,0,6.4.2,2025-02-22 20:58:26,,,6.4.2
ee8482ff-a0a1-44ad-b61a-436c0b07e292,Fitri Usman Ali,https://play-lh.googleusercontent.com/a-/ALV-UjVei_ORnjdcYm11N8rTrmOzWM1m9HSlcIK5M6CgyO4hdadhgL6Z,Very helpfull💖,5,0,6.4.2,2025-02-21 10:08:34,,,6.4.2
be76cbbf-137e-49e6-b243-9cfdabbfe535,Bridi Herman,https://play-lh.googleusercontent.com/a-/ALV-UjXpxhc8ZM-TqdiyXuayu2Q0dmYBQTIzpioQwLHRnG4_WSRNku64,Amazing easy 2 use it's better than I thought,5,0,6.4.2,2025-02-20 22:27:01,,,6.4.2
d259558e-8b87-4c01-9408-a9a86f1d8d02,OJO ESTHER OLUWABUKOLA,https://play-lh.googleusercontent.com/a-/ALV-UjVjGnmwBpK5BGvKMDp-FzpOWt186p7JuOcD0IzIhEHF83e9opLE,Excellent 👍,5,0,,2025-02-20 04:47:26,,,
2dfb6cfe-aa97-44c7-832f-f721795f6a1f,vikey mukhi,https://play-lh.googleusercontent.com/a-/ALV-UjWwMjaqUuqiTAnX7QxK1Lww5QNzARreo3KKdUQ5nmeD-mLJROE,Very best,5,0,6.4.2,2025-02-19 15:19:36,,,6.4.2
b4e651cb-cd49-49b1-913d-cfac6b47be27,Harwinder Singh,https://play-lh.googleusercontent.com/a-/ALV-UjV3aNay3NHRHh9-J2CGiuJEU6Olv1adJhgV2HmhR4-qmfw1DS_b0A,Bad,1,0,6.4.2,2025-02-17 12:25:16,Share an email to know your query in complete details,2025-02-17 14:03:08,6.4.2
206f8212-94ff-4a98-87e5-904a6c7fd18c,Intan Natalia,https://play-lh.googleusercontent.com/a-/ALV-UjU8hKUazJ0u2jGCm9l68ZFiiOzRv1DMA4WxSZqa5bQtbFp4h9gO,Sangat mudahvmenggunakan aplikasi ini god job,5,0,6.4.2,2025-02-17 10:18:09,,,6.4.2
20a98083-5ea1-4af7-a3a4-a4f06c906a14,Reynan Lara,https://play-lh.googleusercontent.com/a-/ALV-UjUEQcD7RzjOLjkpeibWouUY718mJwgdSbCickzyxWs8n_4-XjEK,Love it,5,0,6.4.2,2025-02-16 21:15:55,,,6.4.2
beea8514-d905-4c2e-8cd2-e12a5bdb0668,nalsin nalsin,https://play-lh.googleusercontent.com/a/ACg8ocIqAJuy06vg9RRGKcG6YrveT88Uol-14CB09OGhif6apz8X5A=mo,Nice only few dollars per year,4,0,6.4.2,2025-02-14 08:14:48,,,6.4.2
4cb620e0-e662-4730-9fc4-ff9b7116901b,narinda giftcorner,https://play-lh.googleusercontent.com/a-/ALV-UjUrW3O7d2un9DsmMdRfGFta6tXglSllW3i_0CZs3Yv3w3uu3MUs,Good,5,0,6.4.2,2025-02-13 18:45:47,,,6.4.2
7b4afd1d-4670-49e8-8e6d-827136fbb103,JackCustom,https://play-lh.googleusercontent.com/a-/ALV-UjW9G4ZiNDnOHFxa1KOZ_ll5Db33IvG0sMdNScj9qWlkgsO9LnlD,Good,5,0,6.4.2,2025-02-13 09:02:49,,,6.4.2
d301af34-a49a-497d-9032-479b82711c4e,Sahil Md,https://play-lh.googleusercontent.com/a/ACg8ocJeX66vk8QA54uHQ7F6QV1bYiexp64fwCZyWapfQOBkx-9u=mo,Ok,5,0,6.4.2,2025-02-10 23:06:14,,,6.4.2
a034a307-2317-4e9a-b520-ca298dc71c5e,Musa David Ogu,https://play-lh.googleusercontent.com/a-/ALV-UjVdLxwHgq6CYswg9nOOksZlN4CmzX9j2cUqYR289shi0b82c80,Very satisfied,5,0,6.4.2,2025-02-09 11:11:51,,,6.4.2
6461101d-fb02-4346-98a1-cfae122444b5,Sopheap Pril,https://play-lh.googleusercontent.com/a-/ALV-UjXTM7XGAelb58EywTEE8d1X-w1OGhY7Sz1l_eR8foOdJLXWhQY,I absolutely love this!!!,5,0,6.4.2,2025-02-09 10:01:36,,,6.4.2
0bee7f30-db5f-47e7-86c3-5647e167e1de,Isah Mohammed,https://play-lh.googleusercontent.com/a/ACg8ocLv4la--dgzz3FlZpvdVbj9RWDUNlcwLszWSI_S-lOHKeNWTQ=mo,Beautiful,5,0,5.9.4,2025-02-06 02:36:43,,,5.9.4
559223b5-307f-496b-9283-a53128024b03,Ricoluka Nicola,https://play-lh.googleusercontent.com/a/ACg8ocK8AssCLMwt1E5gWNxvHtJz7jS1zVIiFHco_UtqbUWhZxU_NA=mo,Yessssssssssssss. 5 stars,5,0,6.4.2,2025-02-06 01:57:00,,,6.4.2
2fb1adec-9a0e-4af9-b716-da80332ed468,Uguru Pius,https://play-lh.googleusercontent.com/a/ACg8ocL7FURLPaOYcc7HyXVFF1Fyu20oMYbrK8l7K9yVvrehcWr4kw=mo,"I am tired of this app. After downloading this app to my phone, when i tried to use it and print it will close forcefully. It is annoying Please, try and fix it.",2,0,,2025-02-04 03:59:59,Can you please share a video issue screen recorder to let me know where you get this crashes. I will definitely resolve on priority.,2025-02-04 08:11:35,
9ead1fac-2b43-429c-a547-fd6ded0eadd7,Imran Nasim,https://play-lh.googleusercontent.com/a/ACg8ocJa0Z_cZJuyBg1zYY_6eKi-n4QytZCAskPY5y6Hkltgp_G_LA=mo,Good app,5,0,,2025-02-02 11:52:55,,,
486b59d4-1364-4953-ab1b-f0d4ccef98a6,precy manzano,https://play-lh.googleusercontent.com/a-/ALV-UjVbveXKCvrScJqnRApSbiIfNaY60vmik_kSa89M8mpDRa5Qbk8l,Exceptional,5,0,6.4.0,2025-01-30 18:00:45,,,6.4.0
5ba90bf6-0c91-42f0-ae3b-8d1c4c6d9382,Hernando Bejarano (Hernan),https://play-lh.googleusercontent.com/a-/ALV-UjUhtkE_5405sG1A1RznPfHt1Ynd7VRp-ByZg8ZPlR5T9cFsRueM,Awesome little app 😃 it does the job!,5,0,6.4.0,2025-01-29 23:00:49,,,6.4.0
06fe9a45-4f92-4a77-9d10-2de1f0b5b82e,Javier Paredes,https://play-lh.googleusercontent.com/a-/ALV-UjX9L5KjTp2r8WYCz-yMYbqKGBQ6jPv1mcLzNXG8N_vjMyMWyssVZA,Muy buena,5,0,6.4.0,2025-01-28 02:43:02,,,6.4.0
9cff9edb-4baa-446b-b62e-3340ba52d0b1,Raja Rajan,https://play-lh.googleusercontent.com/a/ACg8ocIooMnHeq0XXDGh0pXuNQI7kUw6i4nGIpoWyaArZeNQ4TCAEA=mo,It's good,4,0,6.4.0,2025-01-27 20:23:30,,,6.4.0
dca85c42-4f14-4529-b10f-9f3f43c322e9,MoeSat Phyu,https://play-lh.googleusercontent.com/a-/ALV-UjXZxfh_kqbVzgqLm2wzdWv3KKbeLh5RvXp7cjniXE5K50ZGx5n8,Good,5,0,6.4.0,2025-01-25 08:49:30,,,6.4.0
60517364-e0bd-4cf3-8699-a63eb05bd872,Cap'n Jack Webb,https://play-lh.googleusercontent.com/a-/ALV-UjU5K6N2l6rPq6sOYIFVspyfcNEzvj_Voxb0SJCJvmCABga2xKzs,"Very good app, nice interface. Works well.",5,0,6.4.0,2025-01-25 01:48:13,,,6.4.0
a17dac8f-f060-4646-a10b-6f36d57090f3,fl rk,https://play-lh.googleusercontent.com/a-/ALV-UjUBZSLZIaJ3O3ux_96dJnWAajG1wVLb2BH0UKwTPscDTQfzOzk,pervasive amount of ads,1,0,,2025-01-24 17:57:58,Sorry for the inconveniences caused. Will definitely improve the app experience in future versions.,2025-02-13 16:37:36,
48339aba-585e-4f80-910f-4d068115991a,JAKERU Kiyosaki,https://play-lh.googleusercontent.com/a-/ALV-UjWn3rbbI7rHqZY3phxGmW1Dp4Ae6KDrbN99wIQrB0b-aXvP0hJD,Best printer ever,5,0,6.4.0,2025-01-24 09:11:24,,,6.4.0
b04fb126-5477-4725-a109-5cb294e14c0b,obi energy,https://play-lh.googleusercontent.com/a/ACg8ocLxukd9ffdbVlScqQliG067OIIwN_0gIyOkWxGcPDdwI1WL=mo,Excellent,4,0,6.4.0,2025-01-24 00:31:15,,,6.4.0
d1777db6-14fc-4896-a8e7-f3c5a46ceba6,Luka Mirnić,https://play-lh.googleusercontent.com/a-/ALV-UjUb9pChSNlBrrZugniUsmr_PZUnMr7jonCSVMW4vaFE9v_edtYN,Loong ads after ads for every click i do... Its a remote printer app... I am trying to print receipts for business as most of us do but these ads really take up a lot of time and make this impractical and slow And no I dont want PRO subriprion version of PRINTER APP...,1,7,6.4.0,2025-01-23 02:15:51,Sorry for the inconveniences caused. Will definitely improve the app experience in future versions.,2025-02-13 16:37:10,6.4.0
62031eac-eb60-4945-b4ba-6b426ab24b8f,Shower Cebok,https://play-lh.googleusercontent.com/a-/ALV-UjWFycbuNBFC-ksJXxQbG3cXz_y-44_PhW0NK2VGLn0jjKQrn3s,"Edit function not good, need to improve",5,0,6.4.0,2025-01-20 10:34:48,,,6.4.0
70c58005-7dc3-4d3c-a6cb-2ace2e52152d,Prabhu Ram,https://play-lh.googleusercontent.com/a-/ALV-UjUHVzravTZ-PuAtPxufrLJqOdfTxbdeG48Haf3pZ-j8C_RBHg,Nice,4,0,6.4.0,2025-01-20 06:23:21,,,6.4.0
686c0fd7-eb0f-4896-b598-a59e8afcd500,YLF SG HCK,https://play-lh.googleusercontent.com/a-/ALV-UjWoX-crPhqaURFVXvwDr6e19BMgoqW_HeZnUuNIynrZzdbnqqXu,Just what I was looking for and easy to use.,5,0,6.4.0,2025-01-19 19:47:56,,,6.4.0
76acf69c-0ec8-42ce-b3df-bba0ffe5885f,Ranjan Kumar Sahoo,https://play-lh.googleusercontent.com/a-/ALV-UjWPfKyrLp5JXjCEfl71fkJZaEcilU6m_BEmPMFbE9uUgQVuiTSZ,Very Good work,5,0,6.4.0,2025-01-18 18:24:57,,,6.4.0
c7d54f1f-7581-4fb9-9af1-89fe3b68e9a3,F. Wijaya,https://play-lh.googleusercontent.com/a-/ALV-UjWccMC95HJ1VSu_EKFqO1Cu0VO4DsYovLKAKg8lbJM5WohsdCzQZw,Bad. it ruins my database every version of app. now i can't turn picture into black and white,2,0,6.4.0,2025-01-18 11:03:36,Please send an email to know your query in complete,2025-01-18 11:42:20,6.4.0
f567895c-497d-4a76-8e2d-7abefab52fd6,Lisa G,https://play-lh.googleusercontent.com/a-/ALV-UjUcX7q6CBq328DxkoSKwynGwTCYm0bewbdPvLsf65ffw4zlhskE,can't even print one label without paying $8 a year. I get it if you want features. I don't want features. I want to print a plain old mailing address,1,0,,2025-01-17 23:23:33,You may print receipts without paying for subscription,2025-01-18 11:42:45,
b5eeec9f-bb15-4ba9-8727-a010a1e45280,Charles Uzogara,https://play-lh.googleusercontent.com/a/ACg8ocLWVlaCJmy0oj5wS9JkLHcCJuhSHnG2p2kbJVyEUVllNrB0_Q=mo,It's cool,5,0,,2025-01-14 23:57:03,,,
5ec0cd88-05e5-4c9f-b0c2-fd64e1296d90,Oppo Reno6pro,https://play-lh.googleusercontent.com/a/ACg8ocKc9leovQVFWyof_t-sXiF4TsSNF_-IXuqQ12QQ4Vy2HT359A=mo,Goof,5,0,6.3.9,2025-01-14 09:53:45,,,6.3.9
a96fee30-0457-488e-bac9-cd2c2ad563ba,marizforever (ma mariza alvizo edmilan),https://play-lh.googleusercontent.com/a-/ALV-UjWis7DwwJbXPQPCqh2kYWHpyPzTZ_maS013JuLIwyJ_Mxomqz8a2Q,Perfect app.,5,0,6.3.9,2025-01-12 22:16:53,,,6.3.9
a813700f-0651-47be-8b47-6be72c6453ad,lalit barman,https://play-lh.googleusercontent.com/a-/ALV-UjUQoB1BKISHP-NRHL5iFDu2aG-rjD7wbqA-Zyb450zeY2ZwhUA,Good,5,0,6.3.9,2025-01-12 19:33:56,,,6.3.9
ebf8e84f-3a46-46ab-a7a4-033a2194d049,Tariq Amin,https://play-lh.googleusercontent.com/a/ACg8ocJx-s2JVEh6_NWqVD8L-22eW98QTJkOFWaXtLO0rFGiDHV92g=mo,So good,5,0,6.3.9,2025-01-11 13:15:38,,,6.3.9
4b5e3913-1e10-4df9-afac-eaee7d7be2b3,Harry Adhi Nugroho,https://play-lh.googleusercontent.com/a/ACg8ocKvT6f6X8xFUe4CwoCSS7A065KN1-21cuhSbeFA-hPINVdThg=mo,Ok,5,0,6.3.9,2025-01-09 21:53:25,,,6.3.9
7f09fac7-ffac-434a-8230-40340d86a6ed,Sharon dave,https://play-lh.googleusercontent.com/a/ACg8ocLdBmr_iFRMt7nd2tzkc4qjVHce9KjDcULGVfsDrDuQy8O8lA=mo,Please why is the free mode not working anymore,5,0,6.3.9,2025-01-09 21:41:22,,,6.3.9
81b14cc3-c5cd-4b53-8022-9066511093d7,Rabbel Ali,https://play-lh.googleusercontent.com/a-/ALV-UjU4OIEcENwk_zWiXMZ4UHxUtOFkeIan67Yd2e7-KkFs2Ia0zgXo,Excellent,5,0,6.3.9,2025-01-08 10:54:27,,,6.3.9
499f9bbb-0c33-49df-b594-78e2baf4d654,Sidharth Thakur,https://play-lh.googleusercontent.com/a-/ALV-UjX6lD-yPklqkU6jmEr_veMLZ0u3f7P4cZirZ0cc6fEz0pu52_l8,Mjja aa gya guru,5,0,6.3.9,2025-01-07 21:23:30,,,6.3.9
fc4ea967-79fd-4366-9361-3a188cd75f53,Md Muntasim Roman,https://play-lh.googleusercontent.com/a-/ALV-UjUbbI0_T0Z7a3QtS8ELmq9VLAMAWxvCD8repv6GePS-aI5pgioI,Nice Bt Too Much Ad,3,0,6.3.9,2025-01-07 15:33:39,,,6.3.9
3388526b-a3dd-4023-9155-af5089f4b01f,Mr-Syash Mishra,https://play-lh.googleusercontent.com/a-/ALV-UjWchzQglPPsFfbrAB8XnCAOqmUUUJ_t6EYiYoo9-nhmRXt0xvWY,💩,1,0,,2025-01-07 02:29:23,,,
9d52eb89-d9ec-48f3-8d60-ec3735db156b,amol bagul,https://play-lh.googleusercontent.com/a-/ALV-UjWSrAG_AYr1cYjo-bxZWhyVXX-X6yL3x-mavxm4yjW1GJ3BQETo,Good,5,0,6.3.9,2025-01-07 01:10:51,,,6.3.9
1c1ad58d-905f-4877-b90c-d17a41d84e0f,Md.R A Sujan,https://play-lh.googleusercontent.com/a-/ALV-UjWCuJhHzrkBwWnHl-7cao6MqxfQsJFkWTLHOis4-fZ8_Mo7GPs,Super good,5,0,6.3.9,2025-01-05 22:07:35,,,6.3.9
c6167d94-97de-41e5-ad32-d4907242f883,Ronald Librada,https://play-lh.googleusercontent.com/a/ACg8ocLhkLa9H4BhJ5eRZrpXvtC9poX6aB6c9rD612hUNCNGGVIhlg=mo,Great apps very useful,5,0,6.3.9,2025-01-05 20:27:59,,,6.3.9
ce8217c6-55aa-419c-8f36-fdcbb8f0fdbd,YASIR NAICH (YASIR NAICH),https://play-lh.googleusercontent.com/a-/ALV-UjWns_A_7ahFXqbRuotncBWQrxKROX5exDOBmSKyVAw_e7J198id,Best of luck,5,0,,2025-01-04 20:03:07,,,
5f101f5f-f4af-4082-a9e1-582cf0329513,Mukesh Kuliyal,https://play-lh.googleusercontent.com/a/ACg8ocKF9kDq8AUDN8pus-PBVWEutuBwvQEWDbk5bCju0yXt94pnwA=mo,Very good app,5,0,6.3.9,2025-01-04 19:42:51,,,6.3.9
e4380af6-7ade-4875-8c63-9911dd5c0c18,Siba Karmakar,https://play-lh.googleusercontent.com/a/ACg8ocJ6q0jYWMA9nKgzirIRY8J9_az-1p5HgY1VtJR0cCkiDvd4MA=mo,Vry good 👍,4,0,6.3.9,2025-01-04 16:24:05,,,6.3.9
f5a5c8cf-1609-4011-b2ee-ee2b06b1d6c1,Jhamda Jammang,https://play-lh.googleusercontent.com/a/ACg8ocIMgMvbSGb5idUIfs9VT2-p1OzrwKSZzJhBymAhQh_7ngkiDg=mo,Good job that's all I can say good job,5,0,6.3.9,2025-01-04 07:49:56,,,6.3.9
6a465508-563a-490e-8ef5-ad3f223550df,tariq mehmood,https://play-lh.googleusercontent.com/a-/ALV-UjUsJmQFDzsmy3paqv7U-PFicIZLGx8cP10UvO2SQuPo0VtbbCMz,Good application,5,0,6.3.9,2025-01-02 02:41:11,,,6.3.9
500bee4b-34b4-4c91-b45c-562055c96df4,Fawad Ahmed,https://play-lh.googleusercontent.com/a-/ALV-UjX7KDbzlIBbllxe0hpA_js-yVQKW41LMtUMeWekWqLXG0UObxR_SA,One of the best,5,0,6.3.9,2025-01-02 01:29:57,,,6.3.9
4797e06f-5066-4956-93ac-acd865e1f776,mark joseph garcero,https://play-lh.googleusercontent.com/a/ACg8ocJd3rfYZymfUNBzy01_4RNz9XY0S26sn88dH3ZkbVY6hlSBew=mo,nice apps,5,0,6.3.9,2024-12-27 15:03:57,,,6.3.9
6da54de6-2efb-4912-8c2b-fe3e259f0070,Shivam Sir,https://play-lh.googleusercontent.com/a/ACg8ocLKJVOzE6n9eJyMI93uewBdQ1P8dkpOlEwvc4IH2gV9fgK5BA=mo,Good,5,0,6.3.9,2024-12-25 11:41:43,,,6.3.9
4bd6c947-6138-4008-a872-645bec62f415,Parwej Raja,https://play-lh.googleusercontent.com/a-/ALV-UjUpkrCZrP1g25PkGLS8Zns94UGI9XAFK3bm0cqH1hp2_vvbxmoE,Nice super,4,0,6.3.9,2024-12-24 13:36:15,,,6.3.9
453120e5-6bbd-496b-a880-fd445dc815ea,Indoyanu Muhamad,https://play-lh.googleusercontent.com/a/ACg8ocL0EWQnpsplwNx69QiIyXu_fyTfPbXLtRjLh0ubd1PjxbCc9g=mo,keren,5,0,6.3.9,2024-12-24 11:34:54,,,6.3.9
637f78d0-e069-4f9c-a87f-11a65c3930ec,arx trader,https://play-lh.googleusercontent.com/a/ACg8ocLmekwzvw6E_DvaJtFQ2SQqcB2BSHwA_58vdfRx41dWLujZZg=mo,usefull app,4,0,6.3.9,2024-12-24 06:24:11,,,6.3.9
b03639d2-06f9-4d73-bbd0-7f71a11d2f1c,Ferdian Cahyadi (Aoyama saburo),https://play-lh.googleusercontent.com/a/ACg8ocLSLD4_vl4AJUvpAsUsDOHnqvcu9eqCljIN8QSIW581VYeBFg=mo,Good,5,0,6.3.9,2024-12-21 09:49:59,,,6.3.9
60216689-2fd2-4d1a-8eae-ab584e3702f3,ELI Don,https://play-lh.googleusercontent.com/a/ACg8ocL54COkfyb7w7du3gdfGNEjayA4zYw6rdRNA46CYJToTtiBKzU=mo,Perfect if you get the settings,5,0,6.3.9,2024-12-21 04:13:47,,,6.3.9
6e3eb9bc-1383-4a99-8bd9-bf958f02b757,Erick Juma,https://play-lh.googleusercontent.com/a/ACg8ocKsa1CT9IqvGC506GwyAilzEquJEN80EiZ0W7iy92s8QTRFjg=mo,Maina,5,0,6.3.8,2024-12-21 01:00:57,,,6.3.8
f7715fb9-df09-4caf-99bf-5ecdc22202ea,Tobi Obato,https://play-lh.googleusercontent.com/a-/ALV-UjUwsDKzmRUTAcMnxQNHTtfM3mMgY5LEahqDF4hjAzsGQE_tJBSt,Very very ok,5,0,6.3.8,2024-12-20 06:55:43,,,6.3.8
c853afdc-530d-4cc3-b528-5346ba257381,yasin badpa,https://play-lh.googleusercontent.com/a/ACg8ocK-6rxkTQ-VXglfBpTLax6smsMHROTMN5czTGKU8k1geac_jg=mo,عالی,5,0,6.3.9,2024-12-19 04:34:51,,,6.3.9
f7e1a76f-f396-47dd-be75-153ea408c305,Ricky West,https://play-lh.googleusercontent.com/a-/ALV-UjUwxdbato-XV7kn-oJxyuXo8Vv-NbtbsqzRtWzUduMuItrsGk4,"Pretty good, not yet figured out how to print 'item 2' so currently lots of unwanted duplicate labels!",4,0,6.3.8,2024-12-15 23:00:54,,,6.3.8
b209aa9a-09db-453e-b6b6-154037304139,Nanggroe Shadow,https://play-lh.googleusercontent.com/a/ACg8ocKixmcMj-G8tGMoxULiWxZbC-BHxJyNezO_yxQZl2hkLo6NRQ=mo,"Sangat membantu, aplikasi mudah",5,0,6.3.8,2024-12-15 06:02:32,,,6.3.8
8af4e4c7-1a9d-430e-ab7a-4778a09734fa,Aldy H.L,https://play-lh.googleusercontent.com/a-/ALV-UjVToQgEDBio_TAQFBwm_8VuXD-0vpL6q0bydqU9nHZlv6UdVilh,"This really helps, im still using the free version and satisfied with the features they offered Thanks dev",5,1,6.3.8,2024-12-14 06:17:30,,,6.3.8
5dac77ed-a2ef-496a-87db-fa01e99b6cb1,Leslie Wentzel,https://play-lh.googleusercontent.com/a-/ALV-UjV9kyo0btCOpaQ7Th4-i_AV9bhalWhv30ute0M_ySTCiw-gr7Ih,"Hi, I use your app a lot and I love it, but please can you explain to me how do I get this app to fully print an entire A4 page from top to bottom? Mine only utilise about 70% of the entire page?",4,1,6.3.8,2024-12-12 23:58:44,,,6.3.8
fe13ee0c-9b03-417a-8898-8e1d9ff9c2a3,preshaun pillay,https://play-lh.googleusercontent.com/a-/ALV-UjUDuL5oFhsd4CRrKC1_ht7r8mBGiEoqNzLvDS5KZsz_itHkYFE,Easy to use,4,0,6.3.8,2024-12-10 17:03:39,,,6.3.8
04d761b2-c15d-4ce2-9d82-6d62ba59034e,RAY-gen channel,https://play-lh.googleusercontent.com/a-/ALV-UjV1NUqoDyZFMSxXtxq5PIqnOwjjnJCZNoiaRDwPS4cNy_FHWww,Useful,5,0,6.3.8,2024-12-10 15:04:56,,,6.3.8
d24d6755-e185-42d1-b77d-57542831ebfe,Arvianti Koesmedisiana,https://play-lh.googleusercontent.com/a/ACg8ocI8mT_At-m6qHVKSp9a0WMFY0E9cKTgKwXCFetKjy2653c9D1Y=mo,Its working on my samsung + VSC mini thermal printer,5,0,6.3.8,2024-12-08 11:14:35,,,6.3.8
a2cdfd73-45d5-4625-af6e-10b73a9e141c,SIXER MOBILES,https://play-lh.googleusercontent.com/a-/ALV-UjWidAkEaa6xFeCRTNZgTGVMgyM1ek6mpHkJzNvJEEGNrEV3Fj0,Super,5,0,6.3.8,2024-12-08 09:57:06,,,6.3.8
363fdff7-304c-4e4d-9321-a2dbbe20c888,rcgrapa,https://play-lh.googleusercontent.com/a-/ALV-UjW8xJXWjBhIFAGmU0MLlb_tzM-HzGjhnwlZVxm4oyqs9cav6tiD,Very useful,5,0,6.3.8,2024-12-07 11:50:25,,,6.3.8
74cada09-840a-4497-964f-eb155dc61f6c,Gareth-Stuart Ogg,https://play-lh.googleusercontent.com/a-/ALV-UjXVcyBiYBBbZ71HsnKAShoMQs0ip2hRPBS656NIzHIWCfL6yvoF,Limits how many labels you can make whilst also having a really laggy layout. Makes it difficult to justify subscribing to the app when ads are intrusive and the short codes don't always work that well. Not to me tion it often forgets devices after a while,2,1,6.3.8,2024-12-07 07:13:26,,,6.3.8
37921b1b-e921-42ef-87c6-8c6c2971d6ce,Khaddo Ponno,https://play-lh.googleusercontent.com/a/ACg8ocJ0woy_phH-DtlyX5_3HlGM5SkM2ZgPi7HOs0_yvHboXT9qOw=mo,Good app but this app is distub app,3,0,6.3.8,2024-12-06 11:21:43,Can you please share your concern in more details by sending an email?,2024-12-06 11:22:44,6.3.8
a68d64a9-d581-47ce-a180-6baa4dd4699e,jaime bentley74,https://play-lh.googleusercontent.com/a-/ALV-UjUypn_eYmGlY_fFpDxSyCGgU7FqLsn5C1qwHbhJM6dEPULdKBE,Love this app,5,0,6.3.8,2024-12-06 04:25:32,,,6.3.8
1ce4ff6b-1b0a-4b38-bf59-0ff71cfb0d48,Paul “Happy” Hutchinson,https://play-lh.googleusercontent.com/a-/ALV-UjUb6Kmx7YPRILJQ_fIIX_Oo4YY55XWMv7Ezpj83T3CzcKXCXbF1LQ,"All ads no function. Just pick something else, please",1,0,6.3.8,2024-12-06 02:03:14,Can you please share your concern in more details on support email?,2024-12-06 11:23:20,6.3.8
30fa5470-a69e-4bd5-8ed1-d804182a706b,Ogbon Abiodun Heather Otiti Emokpae Sanusi Ceo (Stunde Zettel Freude Daw),https://play-lh.googleusercontent.com/a/ACg8ocLXtZIU88ErkHRFTnkBZUbzLKcPwEUq6CwjbIgBjsr76Wt0Ob8=mo,Cool 😎.Daw,5,0,6.2.0,2024-12-04 17:39:47,,,6.2.0
667947c8-c33e-4277-ae01-504689db383e,MD : Raju Ahmed Biplob,https://play-lh.googleusercontent.com/a-/ALV-UjW1NHCzECXArYgnwjW3CTw-SGzYFZi508CSGxLLXfG5wFhHX7s,Nice,5,0,6.3.8,2024-12-03 23:56:36,,,6.3.8
d82b2922-7162-4a0f-872e-54872c976927,Mohammad Qausain,https://play-lh.googleusercontent.com/a/ACg8ocKPR2HrN5nC6ZHWOjZfJQKiinLGM9gCERGZ2xXdSJ8lsOq6Jz4=mo,Best app,5,0,6.3.8,2024-12-02 12:23:18,,,6.3.8
ceaef343-e58b-46ed-9122-39c150051b4a,Nakul Tyagi 7895,https://play-lh.googleusercontent.com/a-/ALV-UjV7hbnqUz_E_PSV7pKqkmnvIb-86aNO5ab8Ct4dM6R8a50EHaVm,"After the app update, printing has started becoming very light when there are more words. Please fix this.",1,0,,2024-12-01 16:24:58,Please share an email to know your query in complete details,2024-12-01 16:16:26,
3cae69a5-cb35-46a4-9581-0b0d15dd241a,H R,https://play-lh.googleusercontent.com/a-/ALV-UjXyV3sY8_7tdNddr5npqtQsSo7Ri6SitBqko9TPLAiPjqmCK1wkAA,Best for now,5,0,6.3.4,2024-11-27 12:54:28,,,6.3.4
6d8bbb1a-03ec-4e09-bfaa-c5dd1b8108fc,Real Shubhankar,https://play-lh.googleusercontent.com/a-/ALV-UjU6WCteYij_bWOE-zZ2VxK5i5I0uJOMEpE72SUvtGHiaz0olQ8,Don't download this app 😡 If you download this app it would be crashed your good working printer. Too much disgusting app.,1,0,6.3.5,2024-11-26 17:09:50,Please send an send an email to know your query in more details if you still face this crashes in the app,2024-11-29 08:18:00,6.3.5
20edb80c-7b28-4fee-8bb0-4e3ea912f2b2,Satrio Ramadhan Arbiansyah,https://play-lh.googleusercontent.com/a/ACg8ocLXLHyPSRUfDjxL_tF7ow1_Ehl7OWNtAGYYpNZwTPXCSl2TDw=mo,The app is useful,5,0,6.3.5,2024-11-26 00:45:35,,,6.3.5
479f780d-3a9d-487e-9913-2027b8c2eae6,Baruch Dodzi Sampson,https://play-lh.googleusercontent.com/a-/ALV-UjVtD9eokw4IJ4eeWhuSgP7UiHIpFtmGZnwFU5S2wdZu8PVUOuI3Ww,Super fantastic app,4,0,6.3.5,2024-11-25 21:07:38,,,6.3.5
285d116e-30c7-4a29-bf41-796bb34876b9,Suresh Suresh,https://play-lh.googleusercontent.com/a-/ALV-UjWMUutNzzSLixsSZgISSycl3_pBjnp_A5QU3FAzWNvtQnxCD91chw,Super,5,0,6.3.5,2024-11-25 11:55:41,,,6.3.5
783afb0e-2bee-452b-9655-b992af64540c,MISS WIN PA PA MYO,https://play-lh.googleusercontent.com/a/ACg8ocLauLc5bi_lSHn9PNLESLDlZ6eKJ-s4pDabIPTASP2STpyTCQ=mo,Good app,5,0,6.3.5,2024-11-25 08:39:00,,,6.3.5
ce479c27-03ea-4844-adfc-5d7e4e2ffa04,Haleemat Akanbi,https://play-lh.googleusercontent.com/a/ACg8ocKPNL46-EL1vKyTAoNs--D91gkjC-nt_7W5CfdlsbFM9lyHqQ=mo,Good,5,0,6.3.5,2024-11-24 12:33:48,,,6.3.5
d0136268-df5b-47f2-8cec-b771268d88f5,veena studio,https://play-lh.googleusercontent.com/a-/ALV-UjU7QhCXXrzgv1gp4K4Ekm8td3IeMkSP2cy6o_WFSZQwi0LRetK7,Best,5,0,6.3.5,2024-11-23 09:30:01,,,6.3.5
a2971af5-00eb-45e9-898f-2b91c369db14,KF URWA YT,https://play-lh.googleusercontent.com/a-/ALV-UjX-iRtbAQBPTHvExRn4UuJySJQ3z1YhXoNWHb2AhZZl4R5DfrAI,The most best app for Peshawar traffic 🚦,5,0,6.3.5,2024-11-22 21:07:10,,,6.3.5
fb705659-5344-46ae-8904-b1ea7b6dc6ef,Khusbun Khan,https://play-lh.googleusercontent.com/a-/ALV-UjXGAU3_5HRXhAfggiWk6NI0wiAkZHervoeS0E9gGMcMC0RFm04,Maza aa gaya,5,0,,2024-11-20 10:53:37,,,
e149d182-dce0-4a0a-8bf9-810997c4ef74,Yanuar Subiyanto,https://play-lh.googleusercontent.com/a-/ALV-UjVS9EYBuQinHspbvHPiiq-v9BIZsymQYKkAAOvAfH6qNDHe2QpX,Keren,5,0,6.3.5,2024-11-20 00:13:41,,,6.3.5
53d55372-8696-4fe2-80ed-1e8dabe31953,It Point,https://play-lh.googleusercontent.com/a-/ALV-UjWvHh5qpKFWlaM5muO2wdKA82L3dqTZYn4XjusFNzCB7d9LI8ur,Very good aap,5,0,6.3.5,2024-11-19 11:05:38,,,6.3.5
3c04d54c-471b-4a2f-b1e7-6027b6dfc858,شهاب الدين بن صديق مزهبان شريل,https://play-lh.googleusercontent.com/a-/ALV-UjWARASN3gGy-zAq6IFWjizMohN3oXwisc6m2e1Ff_Mquu9TVtpO,For 58HB5 THERMAL PRINTERS,5,0,6.3.5,2024-11-19 05:06:32,,,6.3.5
40393938-d130-4429-b125-7ae205ecb587,Mulatu Debash,https://play-lh.googleusercontent.com/a/ACg8ocLQvG-aka1LhAyzQFJe2X7PQhNKPZf1VayQSHJs2dNvt3XT8A=mo,Nice,5,0,6.3.5,2024-11-18 21:10:44,,,6.3.5
ecdc2132-c8a1-47ab-8eca-3f909b89c6d9,Eden Reyes,https://play-lh.googleusercontent.com/a-/ALV-UjVOZbLv_RKi81Lv9ln7ByYr9db4XlX7joZ6i2HW32KZ8xW4mHk,Very useful..,5,0,6.3.5,2024-11-18 18:25:39,,,6.3.5
5dfea657-d6aa-4614-b521-1c8f9fd831e5,Munna Bhai,https://play-lh.googleusercontent.com/a/ACg8ocILpStfBK9OpRYlZ8Gdxe1Tk9QH4e9-s2Fj-f2NvOMAVARKig=mo,Awesome,5,0,6.3.5,2024-11-18 16:24:04,,,6.3.5
1f8f19cd-80ef-4e49-920d-f17c1fb2adf6,Patrick Deo Arguilla Caacbay,https://play-lh.googleusercontent.com/a-/ALV-UjVo1C4VFH3n4F-oblgjnOYALTqidFZSeWUz1NbL35ranbj3ONEi,This is awesome! Fit to my xprinter,5,1,6.3.5,2024-11-18 08:19:46,,,6.3.5
85dc8b2c-4543-4574-b19d-c455f8918d62,Zahedi Syar'i,https://play-lh.googleusercontent.com/a/ACg8ocKjj-t4-Ss62AHdz6BxeUBrm-K616aemaxdsv6W72GRRdlc-Bg=mo,Verry easy to use,5,0,6.3.5,2024-11-17 15:44:47,,,6.3.5
78f69ba3-266b-4894-ac31-811cafaa643d,oladiran ebunoluwa dorcas,https://play-lh.googleusercontent.com/a-/ALV-UjUap8V0_8RpfiwaqZzo78GBl2lFMbFyLFVVas3twA69ly9dw-Q,Best of all,5,0,6.3.5,2024-11-17 03:33:46,,,6.3.5
4ad14119-da10-470d-a5a8-d59ee2429fb5,Laura Penrod,https://play-lh.googleusercontent.com/a-/ALV-UjWbDx7fbTtytbz2P5vFxqKmknkNd9M_st0b5MEa-gXnvRnRc2nk,"yet Another useless app that Don't work With My Thermal printer iDPRT Bluetooth Thermal Shipping Label Printer for Phone, 4x6 Printer, Support Windows/Mac/iOS/Android,",1,0,,2024-11-15 21:02:15,Could you tell me which printer are you using on support email?,2024-10-01 14:59:54,
cbe5c42b-fe3e-4119-b1c2-1dad958679b9,Merejoy Alog,https://play-lh.googleusercontent.com/a-/ALV-UjWyYxjeefmiSg8gL2rp-g50LjEivisj43WPBWqCWvCTLRE60K0,Nice,5,0,6.3.5,2024-11-15 18:50:00,,,6.3.5
73cc91cb-1871-44a1-b358-dd36c1095f27,Srabony Ahmed,https://play-lh.googleusercontent.com/a/ACg8ocK7jzg1Jrlp5XGhBW-qNkjpTnOcq4TB4QEPkSRFAVhJJK6Z-w=mo,Well working app,5,0,6.3.5,2024-11-15 10:45:30,,,6.3.5
af2cea38-8e07-4dc6-b82c-f183990a7fa6,Achid Pacingko,https://play-lh.googleusercontent.com/a-/ALV-UjWPOs9QnBEZN8k79u5AnKaOqMWlttNjX3ccqqR56_i7HjQHHO4e,Good,5,0,6.3.5,2024-11-14 20:44:36,,,6.3.5
f5cf8561-b877-47a5-b811-41cb14f6345b,Antoinette Hattingh,https://play-lh.googleusercontent.com/a/ACg8ocKBUAWfXQXIIhcs6MyYNYnGVtxNEYymThBhD68_xCdnjRuSEg=mo,Printer not working on this app delete please thanks,1,0,,2024-11-14 14:56:13,Please send an email to know your query in complete details,2024-11-14 15:32:43,
f508a642-b01d-4cc4-877b-f112859b5f89,Eliphaz IRANKUNDA,https://play-lh.googleusercontent.com/a-/ALV-UjVauNg2O59Hb_DekXinlpe07-eLaiaraTzpa05tKl0XHv1z3gI,Good application,5,0,,2024-11-13 04:26:46,,,
da8f7e6c-aa9b-4d5b-a80d-0edfece6d94a,Rindy Astri Wilujeng,https://play-lh.googleusercontent.com/a-/ALV-UjVCDSvBAPWUitjnFOG4tMCYsV2EP75fvDbKxjECRnj3RhziXVjr,Easy to use,5,0,6.3.5,2024-11-11 09:16:33,,,6.3.5
6a031670-8d72-43c7-b051-fb5b8d2c8efe,Eva Marie Monforte,https://play-lh.googleusercontent.com/a-/ALV-UjUf02jKIy85Y7S8ueVN2wXbQg1AjnS9ImmyaRIB1XYsBpkRnGmP,Very useful,5,0,,2024-11-09 21:41:21,,,
adda64f2-2fba-41fb-9302-2aa2f59657da,S H O P O N,https://play-lh.googleusercontent.com/a-/ALV-UjXpzvKb6oWjImxfYkwfzDoCXsANHTGxRPG3elv2p6McdWN0_tVfXQ,Nice,3,0,6.3.4,2024-11-08 15:04:31,,,6.3.4
518f0575-c80e-45de-9a3b-670c9b3c94b0,Julian Mayjune,https://play-lh.googleusercontent.com/a-/ALV-UjUQW7fzLuxaBbqa37X3VOgqA-YgXCgxneRcuCcHRtu6dhx-TMW6,Good,5,0,6.3.5,2024-11-04 18:11:36,,,6.3.5
5c2ab317-60c8-44dc-9ef1-4edbc5d59347,Raza Shaikh,https://play-lh.googleusercontent.com/a-/ALV-UjUjM0VQ5mRmjNj_GaqKWG1fSKEvak9bWW3suVcpgYx3biDJchfq,Again It's working very good before update of 25/10/2024 now if we look preview of the receipt it's showing very different things please fix it,4,0,6.3.5,2024-11-03 22:11:30,Please send an email to know your query in complete details,2024-06-20 20:25:05,6.3.5
dfad3806-62fa-4d46-98a1-960925a88876,Mynul Islam,https://play-lh.googleusercontent.com/a-/ALV-UjUhQGauN_Hu1w30EPtR1uO03QG48hMIIEaCI7mRd3dbxILJShmZ7w,Very nice,5,0,6.3.5,2024-10-31 14:24:59,,,6.3.5
5aa71b96-adc5-4563-acd9-702c9b255c4a,Ardhy Hardiansyah,https://play-lh.googleusercontent.com/a/ACg8ocLBoon5bzS58rb-Rp1IZkX-0vtdffQyi2_pNtgKKcJGIdrO2g=mo,Nice apps.,5,0,6.3.5,2024-10-30 10:36:28,,,6.3.5
ed289dbc-8cda-42ae-acc9-00ff483cfc3b,Nadeem Oad,https://play-lh.googleusercontent.com/a/ACg8ocL0AoUlKl9T5jWp0tC_SBZ8qOYAMMYQHE3YZBlRIDgh2ogxDg=mo,Good,5,0,6.3.5,2024-10-28 13:14:19,,,6.3.5
d17bb639-1bb3-4310-8445-07585479483c,R K Selva,https://play-lh.googleusercontent.com/a-/ALV-UjX_GDfQA0rTFsXmmUubkKoyccD7eczvtiV_Lias5d94Bj_PS2MD,Tanks for immediate support.,5,0,6.3.4,2024-10-26 09:11:23,"Please install below app and let me know if it works for you
https://www.thermerapp.com/myfiles/temp/thermer.apk",2024-10-26 08:15:59,6.3.4
f6ecdff6-63d0-48fc-b6f2-ba42dd0a5d37,Onih Ratningsih,https://play-lh.googleusercontent.com/a-/ALV-UjUR-Iygl6IppfEN99XSK-zPu6hSBeAS1njEDmfAyR2_pX51Tu7Y,Good,5,0,6.3.4,2024-10-25 17:01:08,,,6.3.4
9580fc8b-6627-44e2-9d8e-90f83dd9c82f,Edadasula adi,https://play-lh.googleusercontent.com/a-/ALV-UjVeZo0a1dYmQZEtqECvcMBJt8M5EDUGF3FdrRqrc94ImAYxDPyI,Super,4,0,6.3.4,2024-10-24 14:44:55,,,6.3.4
2130968a-40b0-4665-b92f-d792761c9035,arpin unggul Mahendra,https://play-lh.googleusercontent.com/a-/ALV-UjVCXceLjshp0iTi6742e9_OG0ZSKux9ULeEcp2an608ufZn0UNt,Very helpful aps.. thanks,5,0,6.3.4,2024-10-24 09:16:19,,,6.3.4
b4738977-06ad-4a0e-a6be-a325edafee43,Emmanuel Jaravaza,https://play-lh.googleusercontent.com/a/ACg8ocJnamlQHBiDHXqWHxryMV8hGsoL4RQ3qRp9LLwjgJr0kHyqoA=mo,It's refuses to show image when l go to all option,3,0,6.3.4,2024-10-23 20:34:47,Please send an email to know your query in complete details,2024-10-24 15:38:22,6.3.4
9ff69720-c810-45ec-b68a-47845dc3c62c,Friends Bakery,https://play-lh.googleusercontent.com/a/ACg8ocKH5GwTLG7DgioPRG0GEKpXPXG55L5aZ28KhKgjvZxKb2wq4A=mo,Jason web print is error after update,1,0,6.3.4,2024-10-23 12:13:57,"Please install below app and let me know if it works for you
https://www.thermerapp.com/myfiles/temp/thermer.apk",2024-10-25 15:14:52,6.3.4
bc8e6a90-413e-41d3-98e8-0ca16d1574e5,Junie Casimero,https://play-lh.googleusercontent.com/a-/ALV-UjUQYKiXZPmios_IGrfzszboQ7T-OlrQypVSs5Wp5NkaKrsS5mvb,"For me 5 star because it's very easy to used my Bluetooth printer,❤️",5,0,6.3.4,2024-10-22 09:05:35,,,6.3.4
1d84d489-6d40-4b34-877b-2b09362db7cd,Mahmudin,https://play-lh.googleusercontent.com/a-/ALV-UjWjkogDkHcxLQZ1rNRRWh7tognhyJduoUBn2jzNFiy-UFdazuE,Mantrapsss,5,0,6.3.4,2024-10-22 06:15:10,,,6.3.4
6d6525d0-1363-4bd4-957b-efb675a8d2b6,Muhammd Abdullah,https://play-lh.googleusercontent.com/a-/ALV-UjUBKEPkuupR9CZDmceaoCFWdADVOdk8i33P80HJhO18Ztg_hCej,Really helpful and easy to use,5,0,6.3.4,2024-10-21 19:11:22,,,6.3.4
0adabfdd-a96f-4a02-8678-de84d82937d0,dimas satrio,https://play-lh.googleusercontent.com/a/ACg8ocKvJiWbwQmIEi1WvOkClLBGA2dgwr2-lFoesGf3CNJiEq03Rw=mo,good,5,0,6.3.4,2024-10-18 16:00:11,,,6.3.4
c1e8e98a-de98-4e99-ab9b-f755e9e394b6,Gerald J. Principaal,https://play-lh.googleusercontent.com/a-/ALV-UjVZMn42EoGO4NQyUTI09XfIXo9vd83lTRyfavCkjIz39D1es-VK,Amazing,5,0,6.3.3,2024-10-17 20:19:50,,,6.3.3
c541a6e2-a0a7-4fd3-9b99-0b3b17346ff2,Michael Kebede,https://play-lh.googleusercontent.com/a-/ALV-UjUQOmPKhuLHCGoxxQhhp_DY7vG0Mv8Jqhl8DKNE2Jq6GIFGLwcW,Excellent,5,0,6.3.3,2024-10-17 07:28:05,,,6.3.3
b570209e-4970-469b-bc01-9a644c655985,Igor Santos,https://play-lh.googleusercontent.com/a-/ALV-UjVOY2JeHTHnzCnZkuCiBxY_KXU9jp6mH-JTL5uvQqn5p41wB0IsNQ,"It can't find my USB Star TSP100IIIU, but the receipt designer is AMAZING! There's some small improvements to make, but it mostly feels like Microsoft Word for thermal printers 😂 in the end, I exported an image and printed with the Star Utility app. Good enough.",4,3,6.3.3,2024-10-15 22:34:13,,,6.3.3
2ce5fd5b-722e-4962-826c-9858b335d23d,aliu ojoare,https://play-lh.googleusercontent.com/a-/ALV-UjUJesau1xzYNJgp2Z6v6vnQ_qmqPzPP5epm1XIwu4kX21rY0wxD,"Great app, great job",5,0,6.3.3,2024-10-14 23:35:42,,,6.3.3
68c4f762-68e2-4bbd-b7bf-be52b259a8c8,Haniya Sultan,https://play-lh.googleusercontent.com/a/ACg8ocIUxVuLTlPL6NP8bePUIxzOVSYp-FgxPduWCKbbLLZM65gBMQ=mo,Very nice Excellent💯👍,5,0,6.3.3,2024-10-14 10:35:23,,,6.3.3
7c75d783-48b4-445a-b348-e6b7af7a7d62,Jr Alajas,https://play-lh.googleusercontent.com/a-/ALV-UjU6kZLNw1B4Td0pAEPTq5JFynszSzVDKCuKXkO7nJEgoX_LmUq_,Wew,5,0,6.3.4,2024-10-13 15:01:27,,,6.3.4
1d1c8147-05d4-4f31-b379-14231f2669b4,obalowu yunus obalowuyunus,https://play-lh.googleusercontent.com/a/ACg8ocJIXpzn63HVjTkyWRs5pspfihpZt5LKejmfVn3cMEscG-_PDw=mo,very good and works perfectly I love ❤️ it.,5,0,6.3.3,2024-10-10 17:23:22,,,6.3.3
c2e83429-9901-4b3c-89a5-8f938a1ea79b,Bawa Arora,https://play-lh.googleusercontent.com/a/ACg8ocIAIBXIS1f-UzpSa6w02z550peLeyy7lqvkF7VVT9BC1jiIGQ=mo,Good,5,0,,2024-10-08 19:54:22,,,
f63146e0-9baa-4b5c-9f60-9dbb4353f890,Vijay Ahirwar,https://play-lh.googleusercontent.com/a-/ALV-UjXDRd88c8exeSHtE0ntkmju41iVU0lHQ1d7a_y5ZzsDy-ZlKqMe,PARI AUTO PATRS VIJAY AHIRWAR,5,0,6.3.3,2024-10-08 17:48:05,,,6.3.3
f6a56adc-2492-48ce-9456-fe94baa326ca,luqman khan,https://play-lh.googleusercontent.com/a/ACg8ocLvZixayRaWJDzpKn6602kF1by9ZHd399ke3vKqTK35nfy4tw=mo,Best one,5,0,,2024-10-07 20:03:53,,,
7e176f05-2297-4b0c-8686-56742198bc14,Amit Singh,https://play-lh.googleusercontent.com/a-/ALV-UjWHYf2NKBQM63Kf-XV-hA4ELseTI3ySbGFANxwzy0PFPh0zrdXG,It's a wonderful app. Truly love it.,5,0,6.3.3,2024-10-06 11:01:01,,,6.3.3
cca82e3e-3c24-4dee-a6af-b3417273f556,Chris Brown,https://play-lh.googleusercontent.com/a/ACg8ocIi6zZbLXW91az_fSJGPwBzIa5RK49aD1DF-OJRWFWuwRc4NQ=mo,Can't print pdf even after watching the adverts,1,0,6.3.3,2024-10-04 18:15:05,,,6.3.3
1989f6c1-db78-4b70-85f8-b6eac8cdc782,Muyideen Olufemi,https://play-lh.googleusercontent.com/a-/ALV-UjWCg0ezL9063ifhjrAmW1gABhVcsceCGYmlcudvm1Re_MBD9NYb,Good and it works perfectly,5,0,6.3.3,2024-10-03 18:57:00,,,6.3.3
dd22d7ba-f9c7-4b6a-bc32-cf977c8265ec,A. Heru Dwi Nurcahyanto,https://play-lh.googleusercontent.com/a-/ALV-UjX8rHuq2DuvyKYL_ByaRnLzlGlAfJPU0pCXyvHg-Je3ZNDT60-y,Great app for print with bluetooth thermal printer,5,0,6.3.1,2024-10-02 09:21:19,,,6.3.1
68ebc5dc-a210-437c-a92d-b583fcb9e364,priyank Saravagi,https://play-lh.googleusercontent.com/a-/ALV-UjV8I9jXZOrbTcxe_cHAyNTLbzTkR3dFAF7Fz2Zsx_pf1Y2ZKvkx,GREAT,5,0,6.3.1,2024-09-29 19:11:17,,,6.3.1
7940ac3b-8dd8-4c69-9bd7-71207302a33a,GLADYS OTABIOKHAE,https://play-lh.googleusercontent.com/a/ACg8ocKB75uJjqgbDZ0KcQnFLTgtuv1AQpS3X7iPtS-kR7-qosAIWg=mo,"Nice though 🫠, gboza,gboza,gboza,gboza😂😘😘",4,0,6.3.1,2024-09-28 01:17:57,,,6.3.1
9b94bf83-3845-4446-be31-e905c1765ca2,Umesh Paikra,https://play-lh.googleusercontent.com/a-/ALV-UjVjmZpc9yWyjFdMdqoXl7-AMsnuwDOQCdpid9glIZ27kpEckLI6,Nice,5,0,6.3.1,2024-09-27 07:37:46,,,6.3.1
7fe1bc73-30c6-49cd-a642-e67586c26813,Jihan Destrian,https://play-lh.googleusercontent.com/a-/ALV-UjWkxqWC4O3SjK8Un45a8JRuqYKjB04J1-em7RSiebewdo1kBkAP,Very good aplication,5,0,6.3.1,2024-09-27 05:57:00,,,6.3.1
4c887dc6-aa37-427e-8da4-d3c00afa5e4c,Skmadarvali Aleem,https://play-lh.googleusercontent.com/a-/ALV-UjVon7cbLulSq3sc8X_K_3_vMfJ25j27fb1QAv1L2JHT1jxct59M,Best app for business use,5,0,6.3.1,2024-09-27 02:09:57,,,6.3.1
7a2180b7-8daf-4769-8c08-9bfe90eddfa2,H Keskin,https://play-lh.googleusercontent.com/a-/ALV-UjXDC9GvjP6IkoDndK8xSElDsJHQR8c6TotntCYxk7MY5RBuXeID,Very good,5,0,6.3.1,2024-09-24 05:53:07,,,6.3.1
84666830-d0b6-4ef2-9692-3e1f2fab6eae,Nitika Verma,https://play-lh.googleusercontent.com/a-/ALV-UjWwIkjNbpwguaPcqxcoboTMIHuHaaIZnvYkTd3LJDPh6RUllJHK,It good,5,0,6.3.1,2024-09-23 12:59:37,,,6.3.1
a1789d04-ceab-41f6-ac6b-47289638df3f,Maynul Islam,https://play-lh.googleusercontent.com/a/ACg8ocLnJcjyR9MWWnmGKomPCCo65wAUiotxxjWGBNw_SeuTBpQXSg=mo,Very good apps,5,0,6.3.1,2024-09-23 09:46:36,,,6.3.1
8a074f06-cd8a-4e02-a511-664e5d70f4f6,donthula naveenkumar,https://play-lh.googleusercontent.com/a-/ALV-UjX1szfB6pgJvgZzJSvYhe-eFYhSy80YH_X8ej8oo_9Uoh10XacQ-w,Superrr,5,0,6.3.1,2024-09-22 13:03:07,,,6.3.1
fae5450f-5cbc-42d2-94c9-a5645ddc6fec,Shallu Ateeq,https://play-lh.googleusercontent.com/a/ACg8ocLslxdkmQLxxK21yEppR_nt9TA3DM_2w_8LO4h4BblVIpC2QA=mo,Excellent,5,0,,2024-09-22 11:31:22,,,
1849ec2d-8cab-4a8a-94ac-e602231262e5,Steven Benz,https://play-lh.googleusercontent.com/a/ACg8ocJDoWaK3cnRJF3WIZNiJQaDn_Pi7nok1qMQXjk5QmTgpYVlCw=mo,Best App,5,0,6.2.4,2024-09-21 10:37:45,,,6.2.4
1e6d62e7-803a-4df9-8686-7a50d68ebf7c,Suresh Kumar Thakur Thakur,https://play-lh.googleusercontent.com/a-/ALV-UjUnuyeVBljOqnkylC4YMCTqBinAv7hGp9u7OAnfoYz7fkSwc4K6,Good 👍,5,0,6.3.1,2024-09-19 17:21:04,,,6.3.1
7c86a460-6777-4759-8259-17a62d378b87,Do Dac Toan,https://play-lh.googleusercontent.com/a-/ALV-UjXMYbHRUCNCQGGxrR61_zggGrwu_HY-4OWfapKl4rL2kw3HCN0s0A,Good app,5,0,6.3.1,2024-09-19 10:31:25,,,6.3.1
7fd6b303-56c2-44d1-901e-2e575a3e8392,Tammy U.,https://play-lh.googleusercontent.com/a-/ALV-UjUyZ4W5BJWkYyLIVAJyyKIE3Pwfmf6YF22tFKEBmnCkZxhDKBc,"No instructions anywhere, difficult to use.",1,0,6.1.0,2024-09-17 23:37:39,,,6.1.0
7a2764b8-b722-4259-aca8-f8b7186c5440,jiolif automation,https://play-lh.googleusercontent.com/a/ACg8ocKYcIKUWLfDkkQLtF-caBarSv7brZbE4NxehZIwM7WC9fafXg=mo,good,5,0,6.3.1,2024-09-17 14:23:02,,,6.3.1
f4248a2b-08fc-4301-9c56-a69d6bec1042,Prashant Mangale,https://play-lh.googleusercontent.com/a-/ALV-UjW2BtXwaiW9i1O4m7MJ1PRLLZ2j9R6ca4Q3dHGvtI291lEZrhA,"Hello, I cheked few things and at one feature your app is not adding the enteries and do the same steps again then app doesn't work. The keyboard won't close at all. I have recording for the same. I'm also an Android/Flutter developer and found this issue. I have Redmi11S device with Android 13 installed. Please check if you received any error under the Play store or Crashlytics if firebase configured. If you need to check video please share your email.",2,2,6.3.1,2024-09-17 01:53:04,Please share video by replying to the email,2024-09-18 17:46:07,6.3.1
6fd97886-b1ba-41cd-abb3-741889a689a7,Gemma Camacho,https://play-lh.googleusercontent.com/a-/ALV-UjUW7hx6VcbMyS4yUMEpOjDwMTP3U4T48_wvrwPWeUO9DKKwi9GBVg,Easy and reliable as is,5,0,,2024-09-16 18:59:24,,,
f61ef06d-685c-44f0-b60b-07f50ad34ea8,Sanjay Kumar,https://play-lh.googleusercontent.com/a/ACg8ocJ1bF90ybI2UxzstAPWF2PnAU4TmYpDfIh2P8bLnDpnWjf0Qw=mo,Verry good,5,0,6.3.1,2024-09-16 17:28:41,,,6.3.1
50b281d8-cd82-42e3-8d4a-ff135b3f5432,Daniel Yarbrough (Killcount75),https://play-lh.googleusercontent.com/a-/ALV-UjWBlSrBRhgHsb6H3STVMlzKB0ttDONOhUq6mjDy_bsqXu3GMOg4,I would not connect to my thermal printer kept saying the code was wrong 😠,1,0,6.3.1,2024-09-16 06:56:15,,,6.3.1
1f511212-afaf-432d-88b9-e52c2e881fa0,BABA,https://play-lh.googleusercontent.com/a/ACg8ocJ_vPl_BnvZuW7WCT1CvoBuaxyI7kvaKe5-qhqmOJpFIKZXrA=mo,Good apps and features great,5,0,6.3.1,2024-09-13 16:36:56,,,6.3.1
c4303d00-31d0-442a-b595-89b6a6583811,saif zuhaa,https://play-lh.googleusercontent.com/a-/ALV-UjUA7w1Cf7Z0Cma-dOi2KHRwcyaD9Q-m6QT6fRzPfgliMAtlh3rwQA,Best aap hai masha allah,5,0,6.3.1,2024-09-13 09:33:10,,,6.3.1
e50034dd-73b0-4c9a-bde0-82cc4bb3de42,Shoaib Ansari,https://play-lh.googleusercontent.com/a/ACg8ocJw9ugfrnSXBZi5jhiKOjnGiDrzcx-Cbw1ZXTtNYtEwm_88tg=mo,Help ful app,5,0,6.3.1,2024-09-11 18:47:15,,,6.3.1
7a6e9bf6-c794-411c-ba95-a650d7e5650e,bagus Kujinira,https://play-lh.googleusercontent.com/a-/ALV-UjW3sP-4QtjflFPCi9F_WdWUG8vLkOG7ztajM-2Y8eVqbTPdB48,Nice work,5,0,6.3.1,2024-09-09 18:42:50,,,6.3.1
9ab89f36-d83a-4f40-b043-1e9b478314c3,zeeto sutra dhar,https://play-lh.googleusercontent.com/a/ACg8ocIImziNRFQ98kXXrvId5EagaJtSeMC1ZpJjj3kRxZ4i-56nMQ=mo,Bangla language not support to print.,3,0,6.3.1,2024-09-09 10:59:07,,,6.3.1
6020df5b-bac3-4cff-93a5-5c20cd8645d1,christian lopez,https://play-lh.googleusercontent.com/a-/ALV-UjVCuPrrKXn4EBmjLZG9x46r9LI13OW_dygl34p-Qeycg3JqyNo,This is Awesome printer app,5,0,,2024-09-06 23:05:08,,,
1133f904-9b23-4341-bf42-78de10fa6bb9,Czhdhgrv Hru,https://play-lh.googleusercontent.com/a/ACg8ocJ0qpQgbEWYtDEywRa46dsQCBucGMX8Z09MoD-eUaBp-D7Kdg=mo,Fake 🤬🤬🤥🤥,5,0,,2024-09-06 11:45:33,,,
005aadb9-e0c2-4bc7-a49c-e2adee2a2489,Henry Odato,https://play-lh.googleusercontent.com/a/ACg8ocJJlXaG6yNL_obPGQALHKSu268qWctnsyPRJ9OP_MfF9le3=mo,easy to operate nice apps,5,0,,2024-09-06 09:52:55,,,
1549dea3-0774-4f4b-b747-e1a4d0c09abe,Sanju Jaat,https://play-lh.googleusercontent.com/a/ACg8ocIj5FYz2I1sDTlGSb-fAoCPi1xR2fXDAz0WfACL8kQHJoYd4A=mo,Nice,5,0,,2024-09-05 09:28:56,,,
a62c914a-a838-4fa8-8f7c-69e80d1dfdbd,Popular Multi Shop,https://play-lh.googleusercontent.com/a-/ALV-UjWIbS-oJfaaxEbz3WGVO4PCoMQ3EKbir__gPxkYebEniO6zSx2-,Ok,5,0,6.3.1,2024-09-02 19:53:13,,,6.3.1
8fcdc1f2-01f4-4ccf-833f-86ecb62a2b40,Youtube E Mas Yono,https://play-lh.googleusercontent.com/a-/ALV-UjUnkNh_jX1SXF5YRbJS0DErmGayaMfwJtQlNqM4f9w9yKyx4yw-MQ,Mantap,5,0,6.3.1,2024-09-02 09:30:05,,,6.3.1
51f89d26-2501-4ad5-8624-70a29c9686d5,Avinash Kumar,https://play-lh.googleusercontent.com/a-/ALV-UjXhb0eULuqkdN1yadvhGjjVh-cD77m6ZjsnUa62SVdxHa3qpI3N,Very good App hai 👍,5,0,6.3.1,2024-09-01 09:31:19,,,6.3.1
385992d6-e6c5-4251-ab4f-2c4345bcb698,Chng Cheng Wei,https://play-lh.googleusercontent.com/a-/ALV-UjWKaFjIVBsGou9qCEGhKpHR8Ea3T6idBkLdowz7rVGD7fFuLoX4,"Most part of the app works fine but when I'm trying to implement Browser Print for my web page, by reusing the php code provided as example in the app but however it kept showing. Error as the title and a text ""Value"" and nothing more for me to debug. Please assist me on this.",2,3,6.3.1,2024-08-29 20:56:05,Please send an email to know your query in complete details,2024-08-30 07:09:46,6.3.1
9b9f1010-1fe0-4571-96fc-333c59312ed4,Janno Elveri Marbun,https://play-lh.googleusercontent.com/a/ACg8ocJjMox-RdyHW2Z8oiVujfCCe4XlGAdOIHVh3wmOmKcoNOgNP3w=mo,"Sangat membantu pencetakan struk, thanks",5,0,6.3.0,2024-08-29 10:46:07,,,6.3.0
204686b1-1d1d-426d-b3ed-c8e33d97760a,Phillip Rhoades,https://play-lh.googleusercontent.com/a-/ALV-UjWuIw6GbHcBWxBFDgK8VpZGmIWVOC6ormIlVMvQZOAirgO9QHAX,Too many ads,1,0,,2024-08-28 23:17:40,,,
21082554-7dc9-4c7b-a833-a339387dfe9c,Ratna Rinawati,https://play-lh.googleusercontent.com/a/ACg8ocIMwiRBjL8PjsBgOL6WgKyHIg1GK6S9LDXSBgmfUfewgzrV5g=mo,Mantabsss,5,0,6.3.0,2024-08-28 21:17:11,,,6.3.0
74bfabc7-2e29-47b4-971c-ec0e0d739a2c,Kate Kathleen T Laurente,https://play-lh.googleusercontent.com/a/ACg8ocLoiE6P-oKsgPMggElb0TD6FKrpTIAk_aW3DqGi8W7WDSkZzw=mo,Amazing!!!,5,0,6.3.0,2024-08-27 13:20:09,,,6.3.0
f27f8c3b-68fd-4591-a2fd-08c50cabe06f,Gradient Box,https://play-lh.googleusercontent.com/a-/ALV-UjXmzzEP9oOM_JJMBYtCvZ5ZAYiRkHa6020pzU4d6lV7coHxJyRp,Cool app,5,0,6.3.0,2024-08-26 19:03:49,,,6.3.0
3e8ad9cd-98f3-4c95-ac5d-749d274d7e06,Service Corp Jogja,https://play-lh.googleusercontent.com/a/ACg8ocJpBhF7tmSXuPr-7Nq_Sp94PjzlM1AY8RNK-hVHGKuy5FbiWw=mo,Berbayar.,1,0,6.3.0,2024-08-26 17:39:45,,,6.3.0
aad96347-ec6d-42a5-a10a-28ee35f8313a,Faizan Mairaj,https://play-lh.googleusercontent.com/a-/ALV-UjUX-NBNVCuWxDyeMui1c7Gffq615Z95fzeNmYhQOl9sf4nL8mdm,Very helpful,5,0,6.3.0,2024-08-26 12:16:25,,,6.3.0
f2cc6fae-9d2e-4dd8-adee-356eddc891f0,Septyan Haryo Penangsang,https://play-lh.googleusercontent.com/a-/ALV-UjUGf0yVMsbcG8VpWNcpYiXPvFNQiTAK8fhLSK7nUdQCWio_ZoAG,"Already buy the app, but now only print upper and below only. Middle text missing, same problem when trying to another bluetooth printer.",3,0,6.3.0,2024-08-25 15:44:41,,,6.3.0
7b79986b-30c8-4aea-bf5d-3e76a19afe85,Daniel Kulyama,https://play-lh.googleusercontent.com/a-/ALV-UjX-q2vvUT_9hTP7s1s_QG6SF5eSFiz0xyjECdD0ErRSFEeQx4v4,Nice,5,0,6.2.6,2024-08-22 20:45:37,,,6.2.6
a53f79ed-c002-4ec9-ac50-a393a1fb8b4f,Ahmad Fadillah,https://play-lh.googleusercontent.com/a-/ALV-UjUycjkil9_W2Cb3apgrxa0gHc2Am7OdwU6DeeuTUpzaLVFrszg,"After the latest update, some of the text data was lost!",1,0,,2024-08-21 15:19:20,Please update app again to the latest version and let me know if you face this issue,2024-08-24 21:24:41,
13937ba6-bce0-4776-88ba-fa4607395e78,ryugoh Bodoso,https://play-lh.googleusercontent.com/a/ACg8ocLNwDuhHeHX8LNDPxNRVLDiRhDwodqlCm4-dWGgHzMYpjeF=mo,good printer,5,0,6.2.6,2024-08-20 10:37:55,,,6.2.6
e884a5f3-05b5-460b-bf5a-b6d45906a92b,Guruh Pramono,https://play-lh.googleusercontent.com/a/ACg8ocIaxnE1-0lLlTPuSByLgc7njogd8yPjbJ-6wYlksHDYnqEbPQ=mo,Mantap jiwa,5,0,6.2.7,2024-08-18 12:03:52,,,6.2.7
bef460a1-3b88-47f1-ad94-34ad81832615,Cenissa Perey,https://play-lh.googleusercontent.com/a/ACg8ocJBii3pwpur6m_llzRL_GSrS9LSpprixXtr2SPfIVnGb3WcVA=mo,Very useful,5,0,6.2.4,2024-08-17 03:56:30,,,6.2.4
fcd1e3f5-3630-4571-859f-e881ea736958,Theuns Barnard,https://play-lh.googleusercontent.com/a/ACg8ocJFAAwI1Q-hDP6EJ7zQdji-XVmT8XMgTuPmJS9vomABOhPdQg=mo,Good,5,0,6.2.6,2024-08-16 15:45:05,,,6.2.6
36e7370a-66a8-4f67-aeda-5acecd136deb,Cher Net,https://play-lh.googleusercontent.com/a-/ALV-UjV_wNL108s1UnsSffNqgsSYZMDQl7Gt0YxgYL8KlFBsvErA3UME,Usefully,5,0,6.2.6,2024-08-16 08:40:02,,,6.2.6
36205885-acd1-42d9-97de-19ae75e82f9e,Pininfarina Gandhi,https://play-lh.googleusercontent.com/a/ACg8ocLk5gDbfBIE1Hg08I5o7nCT2QmFKCLge9hAYPOqNDCDJD76WA=mo,"This app is super helpful and really good, but the recent update made it when sharing it as a pic on my phone, it won't show up fully, so I can't share any more digital receipt 😞 Can you do something about it? Thank you so much 😊",4,2,6.2.6,2024-08-15 12:43:10,Can you share feedback in more details on email so that I can work on immediately?,2024-08-15 16:28:56,6.2.6
0dee974c-3706-4833-9e1f-23359e141663,RAFI SHOP. BD,https://play-lh.googleusercontent.com/a-/ALV-UjV0K2uO4EV0DocB06jvdYP3qL7y1apstUxNQBV0NzQZP8v8Q4r5,good app,5,0,6.2.6,2024-08-15 11:22:46,,,6.2.6
2e522c7d-8766-491d-81fd-c554a9d04333,momodu hafsat,https://play-lh.googleusercontent.com/a-/ALV-UjW6fmLBXASJpiRE-lGJhD-T8iCrH0R3CzpAKLmRxMuUvLyBTLg,The advert Is too much,2,0,6.2.4,2024-08-14 13:16:40,,,6.2.4
35fadef3-9a89-40d3-bae5-96076d0d6a12,Siuluta K,https://play-lh.googleusercontent.com/a/ACg8ocJV7CbGQ-kQjU12azgrhQ4wBjwHKGKBiAAIZg2_odwGMVXm4A=mo,Fantastic,5,0,6.2.6,2024-08-10 18:07:03,,,6.2.6
583b201e-b924-4a86-820f-582fd1614374,hari das,https://play-lh.googleusercontent.com/a-/ALV-UjWswwAmwmXyC0DowSqPZtnMBlfWPL0bjWwXIMxK5c-3wj6rnKLB,We need a receipt history option.. what we printing if it has I would have given 5 🌟 please work on this,4,0,6.2.6,2024-08-08 10:44:29,Can you please share your query in complete details on email ?,2024-08-08 15:06:39,6.2.6
adbfeb1a-87f5-46fb-a3f1-d3642bb616c0,Aditya N,https://play-lh.googleusercontent.com/a-/ALV-UjVUvKcsWeeijJQU2_wtsmSfzXqGoeDz8rPvYAhuhwC0i10zcQg,sangat membantu,5,0,6.2.3,2024-08-05 10:17:47,,,6.2.3
0f3ea3be-7682-47b7-b749-de7994ba7d22,Jeffry Saputra,https://play-lh.googleusercontent.com/a-/ALV-UjXVXGN1zrsxDKz_tgL-5aTgXoDSFbWKd1AJKC1DHlDdZNDfJ_zl,Good job.. thanks,5,0,,2024-08-05 09:46:09,,,
7ace5fe1-8fd4-4a83-9880-0ff1b9428308,gaspar alfon,https://play-lh.googleusercontent.com/a/ACg8ocIOBo_B9cBEhiBOQOYg5DzNI9AsMX807pjfMcMwug_yLgnuDw=mo,Very nice apps. 5star rating is worth.,5,0,6.2.4,2024-07-31 03:49:32,,,6.2.4
a84d627a-689c-4cd9-8ae2-04238dd609a7,Thirupathi,https://play-lh.googleusercontent.com/a-/ALV-UjWm92PLO6_-kepLt-LlcN7C0nEI-P-fJG69ejASDHQNGNppYAUh,Excellent working,5,0,6.2.4,2024-07-26 13:58:48,,,6.2.4
3ba07da4-0bf2-4bd9-b375-a9370fda3425,Gayan chamika,https://play-lh.googleusercontent.com/a-/ALV-UjVtEGHBmMVEM3AQjUhleOrIRW6d0235YfKXV4nSWqysqcZsSl0,SUPER BEST APP,5,0,6.2.4,2024-07-25 20:54:18,,,6.2.4
2046c6f5-367e-4996-8e39-c4baf43f4e66,Dian Kurniawan,https://play-lh.googleusercontent.com/a-/ALV-UjUGEAuL4bQciAKKluH8_6dlBXayOBYMNStO9GpbgA-9lrEClw0,Nice!!!,5,0,,2024-07-16 17:54:17,,,
fcad190f-17f4-4348-8ad6-6803086336e1,Naeem Maqsood,https://play-lh.googleusercontent.com/a/ACg8ocImdUpqPT9ZMZlBj_n2-laPaMrO3G-MMTHIuPD9n6dzvGiXCQ=mo,Very nice bohat acha work krti ha ye wait app,5,0,6.2.4,2024-07-13 16:25:44,,,6.2.4
71c9421b-9e73-4681-b60a-656c531dc5f2,sk abubakkar,https://play-lh.googleusercontent.com/a-/ALV-UjX3Ei_uiM0xnQSagznxz2cfeBP2Cs63_NEd4TBU5i3xvK05wUD7,Nice,5,0,6.2.4,2024-07-13 08:51:19,,,6.2.4
2c8272cb-e430-448e-9261-3bd8083e5699,ko pk,https://play-lh.googleusercontent.com/a-/ALV-UjVNhUVwWnE8rsfVOaT3PtHh1s-be0qJBF6v6x1_v4Hg0uv9ojg,nice app,5,0,6.1.4,2024-07-10 05:11:57,,,6.1.4
8fd1b3ad-cf11-4a73-ad96-16fcf30b5589,JAYDEECHA RODRIGUEZ,https://play-lh.googleusercontent.com/a-/ALV-UjUyeQTx7rZ8OXuEWl09R4S6Cj4pYbiul_gTC9tpfjbrhMfM1XE6,Excellent!,1,0,6.2.4,2024-07-08 13:25:26,If you get any bad experience feel free to send an email to know your query in complete details,2024-07-08 16:30:20,6.2.4
41a92d53-6d77-48e0-8339-a60bce7fb650,Merchant Account,https://play-lh.googleusercontent.com/a/ACg8ocK6F2EFodU6qsEl7FbsISzlIOUHVHvAvdcFAi6vO8ObDTDm4g=mo,It's perfectly working and is fast.,5,0,6.2.4,2024-07-06 20:26:56,,,6.2.4
59476f7d-3150-458b-8560-70ec7e3dfcd5,Malia Tabirao,https://play-lh.googleusercontent.com/a-/ALV-UjXzqiwP5T28Q0x5Fu5ALWnQVUC1AXXMDlZwZ4gPD0l_a0z31BRR,Nice this apps thank you.very interesting and helpfull.like me first time to use a thermal printer Bluetooth using mobile.thanks God I found this very usefull.thank you,4,0,,2024-07-05 21:11:37,,,
15c1305c-beaf-415a-92cc-9b5aff503a5d,CH33BO_OFFICIAL,https://play-lh.googleusercontent.com/a-/ALV-UjVknMdjtH1Z7kKEgir7LFZIwgIkgLg6WGFiGgRJII0e9OHeWfp__A,It works (i guess) I shouldnt have to simultaniously wield a calculator . I invoice all the time and software calculates sub totals grand totals and hst by itself. This app doesnt. The interface also sucks pretty bad.it should format all line/text to a 48mm receipt if its set to 48mm. It took me almost an hour to get a 2 item receipt formatted properly to where it looked remotely professional. It shouldnt take 1 hr to format. Receipt for a customer. Period. This app is a novelty for parties.,1,5,6.2.3,2024-07-05 19:13:41,Sorry to hear your bad experience. However I would love to know your feedback in more details which will help me improve the app as per lots of user requirements like you,2024-07-05 19:15:41,6.2.3
dbcd4148-3d25-42c4-9412-aeee14dfa38f,AS Gamerz,https://play-lh.googleusercontent.com/a-/ALV-UjX668QGUcAKEfvvtEZammARTVHqagauzBti6F1w674fpFjqcck,Good for bt printer,5,0,6.1.6,2024-07-05 08:34:28,,,6.1.6
d1baf3b8-7d0f-4b2a-a18f-a22b132ed256,Siphamandla Tshuku,https://play-lh.googleusercontent.com/a-/ALV-UjXw6vSIKIzw6livHre7xjaTfWpeORLzeSat8chOENm9JGI-pkqbMg,Crooks. Their app is not even friendly. It's expensive. There are better and cheaper apps than their app.,1,0,6.2.3,2024-07-04 16:22:27,Sorry to hear your bad experience. Could you please share your concern in more details on email?,2024-07-04 16:29:34,6.2.3
d91fd747-c1dd-4ea6-ac8e-26b5037eda71,Muhammad Ali,https://play-lh.googleusercontent.com/a-/ALV-UjWuhcPeNMt_zIN6aqS_AmxylNkBiwdC3fwMbsP1ClgI1Zs_OnhD,Amazing app,5,0,6.1.6,2024-07-02 12:34:36,,,6.1.6
7e7c52ca-1235-4e44-83d3-e535dd79fc2f,Zubaidullah Aminyaar,https://play-lh.googleusercontent.com/a/ACg8ocJh4GAoOqEIk_uAhgc6fTSVLMWRXR2f1qWLDmep6bqFLg_J1g=mo,It's a great app and easy to use. It's simple that's what I like about it. You get 5 stars from me!,5,0,,2024-07-01 23:58:12,,,
1f803de5-7bbc-41e9-ac7f-7ea519c33968,Charles Crosby III,https://play-lh.googleusercontent.com/a/ACg8ocJ24kfl4j6mE3fxNIoKMeQa1wymrrjWw-m-MyQH7qzjU4HaqA=mo,Literally chuckled with glee.,5,0,6.2.2,2024-06-29 18:37:44,,,6.2.2
da3d9079-40cc-46f3-8691-4c05cbda0dc3,Madjid Lubis,https://play-lh.googleusercontent.com/a-/ALV-UjU4HOXo7r8wHwBbKN61vb-OhGidODeNo1sermGL5_45KLj_FAM,"Great app, i've been using this apps about one year later. But today I CANNOT adding more receipt anymore. They said you should buy pro...!! Why ? Can you explain this to me, and how much receipt that i can made from this app untill the system says you've should by pro ?????",2,1,6.2.2,2024-06-28 12:51:23,,,6.2.2
15f33cbb-b564-41f5-b048-158c8970b7f5,nopay.bangget bangget,https://play-lh.googleusercontent.com/a-/ALV-UjWBu1B-hAPqzunrQfHQht6easklNxIG-Sop4b3iEiDiZ1NWNfE,Nice and easy,5,0,6.2.2,2024-06-25 16:56:41,,,6.2.2
5e705a4e-2464-4b18-a457-c37347b56fb2,Surf Fishing,https://play-lh.googleusercontent.com/a-/ALV-UjU3um2ElXJQCNS6yXm3-bFIIVnyiWp-OwywcNaZwPmLR8G7VS0,Recomender,5,0,6.2.2,2024-06-23 17:26:19,,,6.2.2
27d3ac9a-ae73-404a-812b-3367ddd0b702,Zamani Ov,https://play-lh.googleusercontent.com/a/ACg8ocIrMKvWU3bVf91BXiFm8UC9ds2Sho7cqwrN5jHVfrpP17PqCA=mo,Stat is missing,3,0,6.2.2,2024-06-23 16:52:30,Stats will be added in next update,2024-06-25 13:59:36,6.2.2
b733fa26-0846-469d-82cd-9759e11372fc,Glory Chijioke,https://play-lh.googleusercontent.com/a-/ALV-UjWQ59TwJ4Ly5esMt2QGSL3xQtjmhHGOZjVisBuXa8X2jxuPWkk0,Great.,4,0,6.2.2,2024-06-23 10:56:10,,,6.2.2
8bca162d-50a0-4f0d-8e16-e7f27212568e,Charlito Prado,https://play-lh.googleusercontent.com/a-/ALV-UjV6wlTtBZg-pFlqkWvDzBgiHCzCQKjeMi0XLfvfXS8gyp3_Lv8,ayus,5,0,6.2.2,2024-06-23 03:59:35,,,6.2.2
eb749aac-0c98-4dc1-8a8b-7ba97d30a0d4,Sheelesh Shakya,https://play-lh.googleusercontent.com/a-/ALV-UjVqccr9W-Uawjri2Hu8q_ow2XSBDbpJIp755za2o2BrZ56jlLO2,The best application,5,0,6.2.0,2024-06-22 13:59:13,,,6.2.0
be6b2c3b-bb13-442c-93b7-16195c1f5885,Ai Leen,https://play-lh.googleusercontent.com/a/ACg8ocJRPZi95UnQR1V1-D5Reihgy0sT--YwfIUZCbtpJjQ0McMlBA=mo,"My preview is showing only have of the receipt, please help on how to fix this. Thanks",4,1,6.2.2,2024-06-20 09:47:55,Please send an email to know your query in complete details,2024-06-20 09:50:35,6.2.2
209d4519-73a5-4cd1-94e0-4623da2c0c7f,Justine “Jaburane” Bwalya,https://play-lh.googleusercontent.com/a-/ALV-UjXHfTmZXaqzTfSmc4Pn2bP9UiUi60Ec8wgo9iyAtoRLsSL8a8WknQ,Helped when i needed it Most 5 start for Now,5,0,,2024-06-19 14:55:59,,,
b56152ab-f5d4-43d5-bd77-ac556129b4f0,Suganeshvar S,https://play-lh.googleusercontent.com/a-/ALV-UjXjkrI_PkOqMfFR6k3myWV6mCl5xQoTSAdmzjT-SinIfy2iMZQM,Perfect app for pos billing,5,0,6.2.2,2024-06-18 23:18:15,Please share your feedback in more details on email,2024-06-20 08:18:09,6.2.2
a8e0ecef-384b-4fcb-a144-5c0f9127a11d,Dee Musee Cats,https://play-lh.googleusercontent.com/a-/ALV-UjWpUnRZWC-cg4wDnFvb1HGf44AX1bHM0Ecw0-HgN_b7xAsuRoGz,Great,5,0,6.2.2,2024-06-17 21:03:37,,,6.2.2
1ebf038c-ed3c-4e37-b41f-54d7b7eecccc,Daniel As,https://play-lh.googleusercontent.com/a/ACg8ocI4TJUgSaC260P9SOLNET3f-lyDwYSoj-I9Cztr0lEkSxgqMQ=mo,Sangat membantu 👍👍,5,0,,2024-06-14 07:35:01,,,
18480e4b-fa0e-4491-afd3-ae8fe6c4364b,Rubén Ruíz,https://play-lh.googleusercontent.com/a-/ALV-UjUU1eymTHtT33Xw4Ac5An2Vx17x_jPDf939lPXl-EVokZbE7UlL,"Excelente, solo que cada clic salen 3 anuncios es lo malo",5,0,6.2.1,2024-06-10 01:38:47,,,6.2.1
ce9d08d9-0dd8-4601-80f0-980c74d4908c,Kater Kenneth,https://play-lh.googleusercontent.com/a/ACg8ocICHr76eS1OzK8CMjkqrPRL_-y8u9TbNAq2eljtRbc4eOlF0g=mo,Nice app But please add font options for printout where the user can generate and customize simple fonts on receipts after ocr,3,0,6.2.1,2024-06-08 21:17:00,Please send an email to know your suggestion in more details,2024-06-08 22:08:53,6.2.1
9efffd60-9a1c-47ab-a796-487e7947c395,Grace Del Rosario,https://play-lh.googleusercontent.com/a-/ALV-UjWmqerqDxjCH0dZDCwuZtyA2C6k3sn8Mv7wCK1CRzDQhvadmW-O,Easy to use. Easy to edit. No paiting needed.,5,1,6.2.1,2024-06-05 20:55:17,,,6.2.1
848ddf8e-df59-4167-9636-2da33588a40a,Jaja Ery Irianto,https://play-lh.googleusercontent.com/a-/ALV-UjWJwkG28qNMaXqet6nXhApciNvPgypPOwBs2Rh7PpLLxBXOOnsm,mantap,5,0,6.2.1,2024-06-05 18:04:51,,,6.2.1
f664615f-4a16-4aa9-a555-74023abbc958,Daisy Pescasio,https://play-lh.googleusercontent.com/a-/ALV-UjU8MZqUZyJvmKPSyWvwhvy6B3pqS8tcc7HpjG-Szl3ox395p0uQ,very good and smooth uses for my business. .,5,0,6.2.1,2024-06-05 07:53:38,,,6.2.1
ed902e82-5aff-4930-b6a1-e26800ea28b7,Imran Hasan,https://play-lh.googleusercontent.com/a-/ALV-UjWAlXd7SbdYGBny20NLdcgrQR4laDti6ieujLINZTpL88slMB-h,Very nice app,5,0,6.2.0,2024-06-02 20:11:57,,,6.2.0
af3fd8ea-ca43-4803-8170-966d54e6af21,Mouad Boumoud,https://play-lh.googleusercontent.com/a-/ALV-UjW5nAYXhgR1fAO5UHUK1FWnubRv5iPIkhuERQ83zkoqr0T0DOOx0A,thnk u,5,0,6.2.0,2024-05-29 00:51:34,,,6.2.0
25a5ee55-486f-4624-9ec9-e1bd09475f8d,Omar Gouda,https://play-lh.googleusercontent.com/a-/ALV-UjXpIgWYYoL1WbnubNC1QNk8ktDAt8JgnEBXiIdHGmIN-2jsRXl-pw,Bad print,1,0,,2024-05-28 19:24:38,Please send an email to know your query in complete details,2024-05-28 19:48:54,
f2781241-200e-4587-b619-6d9d23f95169,Simon Gray,https://play-lh.googleusercontent.com/a/ACg8ocJ_-UpmUb3s2OH-POUuwAHqk7_0bOxkdLRmw_UIKidogfHu=mo,It quicker and better in connection,5,0,6.1.6,2024-05-27 11:22:36,,,6.1.6
8e7c52de-da3b-43a4-b52b-8d36bf7b1ba3,mehul kukadiya,https://play-lh.googleusercontent.com/a-/ALV-UjVj58SSiAHmHYvkLA6aO4xbrMI3cSced9KqitapF2GFOtW8aNlw,Amazing,5,0,6.1.8,2024-05-25 21:22:09,,,6.1.8
5442b0a0-b471-4fca-a911-0ad1d171ec6d,Venkata Mutyalu,https://play-lh.googleusercontent.com/a-/ALV-UjWBlnFtuToxh-SNmwLwlywdNdL2PjUg9hEZ1DS9TqMF4EKqN1M,Super app,5,0,6.1.6,2024-05-25 19:11:20,,,6.1.6
ed75fd90-133b-42e8-b6a4-9301c95b4103,Hemanth Banoth,https://play-lh.googleusercontent.com/a-/ALV-UjXVmWnk26vjvmBIgj-9Rqn7Wx5APCkqZxDYivDkXrIXdNYQ9g6niQ,Thanks for the app It's working Thank you so much,5,0,6.1.6,2024-05-25 02:34:22,,,6.1.6
aeec6ff5-55d9-4605-b615-51b1bdb5a0e1,SayAce ally,https://play-lh.googleusercontent.com/a-/ALV-UjVAkxVAXmK0yVRr7oxgrBw8p5Mhj5RzYjnEDieZPz5sFCp7H_o,Best app,4,0,6.1.6,2024-05-22 20:06:03,,,6.1.6
d8c85bf1-3e39-49d4-9089-5083b3fc54a5,Raju Raju,https://play-lh.googleusercontent.com/a-/ALV-UjVfa94swPH_DASe-iMlETLbBjSVmi8F12fouXBJ58IjyUBRxNam,Excellent performance,5,0,6.1.6,2024-05-15 11:39:21,,,6.1.6
2dd8caa8-c6bd-434e-8df2-c35c1d234ba1,Emi Rio,https://play-lh.googleusercontent.com/a-/ALV-UjVYsQqlT8i376osCggavALQPo_SCdX47FiEZIo1PgcEvc8jI22c,Can't subscribe to 'remove ads'. Only happens with this app. Can buy other apps in Playstore. Kinda annoying.,3,1,6.1.6,2024-05-10 12:22:19,Can you please describe your issue with a screenshot and share on email?,2024-05-10 12:23:33,6.1.6
2559819c-078c-4536-9425-5606a0a8955e,Angga Roeswan,https://play-lh.googleusercontent.com/a-/ALV-UjVSk2iKH1VAMXgSqUeBc1mV0lnjzWjD34BW7SLX4vJEBqp4Eosm,Sangat membantu,5,0,6.1.6,2024-05-06 11:30:45,,,6.1.6
1645a96b-26d6-47a4-91c2-7602b0e43114,Abubkkar Siddiq,https://play-lh.googleusercontent.com/a-/ALV-UjW9RhSZ7tQAH79tPzK15a7q6VDKySba9oWngKOshzeKpgH3mUXP,Super my time saved,5,0,6.1.6,2024-05-04 23:19:57,,,6.1.6
60673d22-96e1-46a7-a91d-3cd28d7e7517,Wahid Surahman,https://play-lh.googleusercontent.com/a-/ALV-UjUS-yl16l3kP1ENLhBbe5Z_1jmiP_datX3lgVRRTvWHhHwG34Xp,Ok sangat membantu,5,0,6.1.6,2024-05-04 19:08:54,,,6.1.6
936bfc42-714b-418a-98b3-92b56901c28c,aminallah sami,https://play-lh.googleusercontent.com/a/ACg8ocIQue36YucQ5Ik3cK7r23KnT1IKV1fuHCqhgE3lJDJvwL_2iw=mo,Ok,5,0,6.1.6,2024-05-03 19:55:28,,,6.1.6
dd89a5c7-989f-4356-b430-548ca3ae26db,wildan akbar,https://play-lh.googleusercontent.com/a-/ALV-UjV1ygfmEbY3vWV-VyF7b68XhwH8Sk_DYcc1UOEVJ86dv1LN11oE,"The app it self is good but, the short code kinda confusing, especialy the ""amount"" and ""calculated amount"" code, it confusing me to use",4,0,6.1.6,2024-05-01 17:57:03,You need to create calculated short code based on formula consisting of amount short code and some value. Enter calculated short code in text entry to print relevant calculated amount,2024-05-01 20:05:37,6.1.6
0859aa5a-976d-4ca3-9bfa-fa1681cf4374,Alex Lee,https://play-lh.googleusercontent.com/a-/ALV-UjVp2hfGfPDu9IsxANIfX4x6_aMipqDV87u_LF6Gmt7V9F2OoxmB,Too many ads,1,0,6.1.6,2024-04-30 10:19:25,"Sorry for the bad experience. Although ads are required to maintain continuous app support, can you share your concern on email regarding exact ad placement which makes your experience poor",2024-04-30 11:27:53,6.1.6
4ed8852a-e2eb-4837-a291-2249c82907cb,Juan D. Duran,https://play-lh.googleusercontent.com/a-/ALV-UjV2X44tBgxmmoe5iLTrY9tdSkbBApQIkf8444NQ_nRZyyhQ4IGc,Amazing,5,0,6.1.6,2024-04-30 08:13:45,,,6.1.6
47254b72-a4d5-4d21-abc9-86356819b223,Rashid Ali,https://play-lh.googleusercontent.com/a-/ALV-UjWD2eathQkQy9iOFpHAPu8B8kR1eGbNNFxq5lH150IaVsZGODUB,Very good app,5,0,6.1.6,2024-04-29 13:19:26,,,6.1.6
24e6fb0e-e6d6-415b-95ae-a19bec17eb4f,Camryn Robinson,https://play-lh.googleusercontent.com/a-/ALV-UjW1DViuFYJWkgU9mBu0T2AeSCoP5RKvYejpxNhew9Jdj5RI1A-Bbw,This made me laugh for hours,5,0,6.1.6,2024-04-28 23:25:43,,,6.1.6
4bd6cad3-902d-4227-a9a2-9683aa760bd3,Radhe mohan Prajapat,https://play-lh.googleusercontent.com/a-/ALV-UjWxI2fIFtBbz36W5Dv4tiIB28elYxU3h0IXC4SCmT3ERnCqBBM,"Osm ,",5,0,6.1.6,2024-04-25 21:09:02,,,6.1.6
c6e70bdc-5fe0-49e0-877e-4f6d23e09f65,Herdi Awan,https://play-lh.googleusercontent.com/a-/ALV-UjVRoxTY9lqyYB5zVWTLDdOhUKQP1F0tpU7vnxUU18zVc6jvI_Y,no goof,1,0,6.1.6,2024-04-25 20:56:38,,,6.1.6
74907400-9182-447d-bd2b-0660c1363561,Just Groenewoud,https://play-lh.googleusercontent.com/a/ACg8ocJub4BkY6E227qa93rCXJKPOk32JSMtD9cu0dQfTlVQUV0aaQ=mo,Reasonable can not pdf as aspected but when change to text it is ok8,4,1,6.1.6,2024-04-25 19:52:45,,,6.1.6
ef37d6a6-1f62-4898-8c26-d430bc67d671,Tushar Biswas,https://play-lh.googleusercontent.com/a-/ALV-UjXbupYGR3bqvoAINZdFAlPfgG62ELmcLKRksKHDhgT-vyvsNtkNdw,Very good app,5,0,6.1.6,2024-04-25 16:05:55,,,6.1.6
15d4f6dc-c76d-42b8-8d41-ae07d88502e7,Wanda OL,https://play-lh.googleusercontent.com/a/ACg8ocLPxHxRY5AKgH_uDw0uBHlPX8_gOMsNplrnrrA0sGTQGRsnmQ=mo,it print sometimes and doesnt print from time to time,4,0,6.1.6,2024-04-25 12:07:30,,,6.1.6
7a3d1809-878b-4deb-a854-8136638d7e2b,FianAdhi Kirana,https://play-lh.googleusercontent.com/a-/ALV-UjWMJbUtTfSoWlvx2CfKmC8QiJm-5LILKKe-6wJykFYN5TDNZlM,"Emejuuiinng bray, mantap",5,0,6.1.6,2024-04-23 19:16:56,,,6.1.6
a3360fdd-7a37-4d2b-b18f-8ed5984c9aa1,Farheen Brown,https://play-lh.googleusercontent.com/a/ACg8ocLjtj63Jn8fFgYgp4ToPjDZjWNzdIwj_5sW6ypb2eojfotf_g=mo,"good, but you can't see very clear the receipt",4,0,,2024-04-22 21:37:27,,,
2b895dcb-a14f-40a2-a5f3-154d5deb5563,heru hermawan,https://play-lh.googleusercontent.com/a-/ALV-UjXh0fJ0hLDayaStSQXWfNJrtVZNxivCQURWMB0DeV1yCjF_2vEt,Ok,5,0,6.1.4,2024-04-22 18:12:01,,,6.1.4
0883b2a5-837f-41ad-9d74-96aa4dbfa095,KALYAN DEY,https://play-lh.googleusercontent.com/a-/ALV-UjXfuPEi5OD0cQVwIaSg6ZMeA0_mR9Dp_Lqg9oJJ-27t9Ygcs1qmgQ,Good,5,0,6.1.4,2024-04-19 18:31:28,,,6.1.4
e3028107-f5a9-424f-a0fd-ee6f6d0a4889,mesba sk,https://play-lh.googleusercontent.com/a-/ALV-UjVFwQ1xgcvv0d4SqiTg96Bo6Zbcy7XSl1JuRw6qaQ1qQgwdK8_k,Good,4,0,6.1.4,2024-04-19 11:31:46,,,6.1.4
8180c465-d455-4e28-b108-b01c75e83e25,Shayne,https://play-lh.googleusercontent.com/a-/ALV-UjVGi3yLC3lJTG-cuAShO6U-Z7CcSURRAox_pbSCT_oxVobSGeI,Too many ads. Too complicated menu and operations. Not worth it.,1,0,6.1.4,2024-04-17 21:39:14,Can you please share your concern in email? This will help me improve the app in future version,2024-04-23 10:47:50,6.1.4
a84dec10-f448-4e1c-96b1-efa869893838,Bumper Lykins (Bumper),https://play-lh.googleusercontent.com/a-/ALV-UjU8UGSQhW6q1PDCt-Lt80dyyr5zShWsVW2mPyG1Jxp1PNmE2CGR,Works well.,5,0,6.1.4,2024-04-17 10:30:49,,,6.1.4
4e547be2-8bfe-4bf8-9578-9227e3dfd5de,Han FeldabOy,https://play-lh.googleusercontent.com/a-/ALV-UjWI-Zy_Rz9L2_NlHH2JdOJSoKr_ytzpBluJhbzGZ9tiazCK05Xg,Mantap 👍🏻,5,0,6.1.4,2024-04-14 20:36:11,,,6.1.4
815b077e-b219-429b-86d0-55c48f99f894,Yan Gan,https://play-lh.googleusercontent.com/a-/ALV-UjWdO7SilKb0RxCCU2t653mV6NBytdtOlMLvXZRblQaq78yfrk2pbQ,Good apps. Nice,5,0,6.1.4,2024-04-14 18:00:33,,,6.1.4
bf559d79-6b6f-4e49-aab3-64f12c368720,Yassin Bahrammi,https://play-lh.googleusercontent.com/a-/ALV-UjX9mcoEhHy-JrMntM0JOKoPB8qFxvXZ-JrbTw4_C0SsrcqYuX8,Excellent 👌,5,0,6.1.4,2024-04-12 12:32:45,,,6.1.4
23b1d576-1a7b-4b8a-8fbc-c8e7e2141275,IBRAHIM AHMED SABANA,https://play-lh.googleusercontent.com/a-/ALV-UjUhE_WVZvu1x2bVUclCOXsRGDyfeETBg6yWBRlH8An9Hn1Cd0a3,Super cool,5,0,6.1.4,2024-04-10 14:37:42,,,6.1.4
1ce6733f-e47c-4cc4-a8da-f83ba3c0f402,Jahanzaib khan,https://play-lh.googleusercontent.com/a-/ALV-UjV7E_H2gP7aRZGaDePH9MMTdk4tRpx3My0YdnR8b32jGGNoJ9PtIA,Simple and great,4,0,6.1.4,2024-04-09 15:29:56,,,6.1.4
73e98e3e-33a5-47d9-831c-f5d5cb8b1823,Shivram Mukhi,https://play-lh.googleusercontent.com/a-/ALV-UjX9YVD6jSBTDGhyxv8H-kLLVJuMAcdMS2Gox4dTl8_nqr_f7L5G,Nice,5,0,6.1.4,2024-04-07 12:25:54,,,6.1.4
bfd4d414-6674-4553-85d6-96bed849e91c,Lorna Villamar,https://play-lh.googleusercontent.com/a/ACg8ocKf4ORjn6aX38IDBmOTfMzgRF44bd2Ww0WGb2J2JDw-nHc8YQ=mo,Super nice this app,5,0,6.1.4,2024-04-05 09:48:47,,,6.1.4
1b841f03-d790-4000-9dfa-175116bf88de,Antonio Leonardo Bepu,https://play-lh.googleusercontent.com/a-/ALV-UjVWurU-qbh5hHoNSGatsnnQeJRQTKn8Cpow9HE1OUEPl1SpTgsicA,Gampang dipake,5,0,6.1.3,2024-04-02 11:32:32,,,6.1.3
3a27116e-f134-45b6-8e37-ea241386c685,Islam Telecom,https://play-lh.googleusercontent.com/a/ACg8ocIWo3I_HWFzss1iBEyOSwsK3KkUWhCmYphfXf5nW0ZCNvaJAg=mo,Very good,5,0,6.1.4,2024-04-01 01:00:24,,,6.1.4
e5809483-1a0a-4c59-af84-04df990cf7d0,Obison Godson,https://play-lh.googleusercontent.com/a/ACg8ocIGVdbyn49ZlQIDsSxbYo4MVt71fjVLjTKG87zZaQBhPoLDLw=mo,Nice,5,0,6.1.3,2024-03-31 02:05:50,,,6.1.3
0b4abd32-ab24-4c0a-9ce7-3909b27b7539,Harris Purbaya,https://play-lh.googleusercontent.com/a/ACg8ocJnRdQtTL95TTzv-YKr5dQbHg2ohOX7GuGNy1FhGKyMHmE_Fg=mo,Good application,5,0,6.1.4,2024-03-29 08:13:07,,,6.1.4
ea7a4f5e-0a45-4ca0-9d09-527e07cf97a5,Siti Fizah Labunog,https://play-lh.googleusercontent.com/a-/ALV-UjVpMN5FEyRv_sJi-GHMYEljz4ssXJHqIHeOmJaigAlJgfK_51o,best app ever for printing receipt online shop love it thank you,5,0,,2024-03-28 03:18:19,,,
f149b364-bfa0-4658-a442-362b3d90e340,Lalu Aziz,https://play-lh.googleusercontent.com/a-/ALV-UjXlOnNJX82OjWBwN6lm6OMu8FLECsnPmsOsgeNb7uTGVVMOk1Ti,"What amazing application. Very helpful, thank you",5,0,6.1.3,2024-03-25 21:31:39,,,6.1.3
92d4193b-4fcd-4310-844d-6056d78015de,François Regis IMANISHIMWE,https://play-lh.googleusercontent.com/a-/ALV-UjUBMiqcq54MUmCoYrakQoEbypaD7n91AbsV1jWICr3Gs-KIK2lmSA,Helpful,5,0,6.1.4,2024-03-25 16:29:47,,,6.1.4
f10834e8-c49b-4c8b-b212-ec1c05798516,RAJENDRA AHIRWAR,https://play-lh.googleusercontent.com/a/ACg8ocKDPYQoLWadilgSapNDMjoRPXmwHgUozNNvRf9rnFP93XkNE8c=mo,Good 👍,5,0,6.1.4,2024-03-25 15:51:21,,,6.1.4
ba4e1855-4c68-4957-a6b7-8e47cbe78ba7,Aguedo Mamaril,https://play-lh.googleusercontent.com/a-/ALV-UjXl90g40LQ6wzJW9GSJCWkvZ-T00yGgtI40DyJWqQRQJON7Dli9,It's so easy to use...and free... I really recommend this app for personal use..,5,0,6.1.4,2024-03-25 08:45:37,,,6.1.4
101f4fdf-4429-45f9-b860-b70d75329b54,luca cirtoli,https://play-lh.googleusercontent.com/a-/ALV-UjXfEPZ3DhWQ5xJJIkgKWxCsUqen3916CZlbjw8CkJ2DxpUEJbwHEA,Very easy to use,5,0,6.1.4,2024-03-24 01:33:15,,,6.1.4
67dc0451-0ea6-4c15-b800-e2f6be4a6889,Odubanjo Olalekan,https://play-lh.googleusercontent.com/a/ACg8ocI-FHq7Azd5fMy19hioCPGoEDt16FiIJRUqfN2l8Ai1BFgxoA=mo,Great,5,0,6.1.4,2024-03-23 14:53:24,,,6.1.4
601552fe-6f61-4adf-a842-d83ffe8522b4,Moazam Ali,https://play-lh.googleusercontent.com/a-/ALV-UjWc0LvCC2w1ER_EUM2tYLY5e_-tWuILf_aaTmcCAizhU54uwDLe,Good app,5,0,6.1.4,2024-03-22 23:02:10,,,6.1.4
8747a6fe-36e2-475f-85f4-2d81d24fd704,Micheline Chehade,https://play-lh.googleusercontent.com/a-/ALV-UjXIrAA710TDTEVG-bS8xdn2qdGUpb9W833aFO3K9DrIijFmiqk,Good,5,0,6.1.4,2024-03-22 21:15:31,,,6.1.4
48a0a950-c605-4b32-b3bc-25d0f7617ba6,Elishah Wolfram,https://play-lh.googleusercontent.com/a-/ALV-UjWw9eewwO9DCeVxDSfl7PUUNjAJatCsmbLMNhWW4M3nbjm4Xeg6,The best printing app ever,5,0,6.1.4,2024-03-22 20:41:53,,,6.1.4
e5403a70-28d7-47d8-8265-095944ddf6be,PRAVIN KASLIWAL,https://play-lh.googleusercontent.com/a/ACg8ocI4hbfXqO0pL_oKd_ltpjmtl4QChwpsrykm3qDlUtrxa40xYA=mo,Best app,5,0,,2024-03-21 19:33:23,,,
d15b5040-50e5-4e41-9b92-e7a132e9eefc,Joe Dark,https://play-lh.googleusercontent.com/a-/ALV-UjXsaKWCUFJIfcyUl_edogG_u-vLDm8g5oaaLAxs63iCYtcxv78,"The worst application had I saw. Not friendly, connectivity with USB nothing, connectivity custom app is worst. I'll try to sell the printer and never recommend that ""app"".",1,0,6.1.4,2024-03-21 14:38:02,Sorry to hear about your bad experience. Could you share your query in more details in order to improve the app in future?,2024-03-21 15:01:37,6.1.4
55f7fbeb-2e3e-47a7-a4f4-e1e45d26eaee,Neeraj meerutya,https://play-lh.googleusercontent.com/a-/ALV-UjUG7WzVe1khBMT0ZbnwuvsaROaAje94gHTymlWCZ1-lcEjVei1t3g,Good app,5,0,6.1.2,2024-03-20 13:00:53,,,6.1.2
554a22e8-680a-48fe-bf9d-6926c11df03b,fathur rahman,https://play-lh.googleusercontent.com/a/ACg8ocJEaOl06mTCUr6XytEBa2HVwT_tJ5QnkDCk35xkdCwBFTfeCQ=mo,Easy to use...,5,0,6.1.4,2024-03-20 12:46:28,,,6.1.4
099cf942-ca4b-4937-8f34-8ec73ec0072a,Sreenivas M,https://play-lh.googleusercontent.com/a-/ALV-UjWn8AqTo5uT1QqoEdXAiSCcuCBHenYKV4puBr-Auf80AIFaKFQ,Good,5,0,6.1.4,2024-03-20 10:05:57,,,6.1.4
652ab65b-8ace-42e5-b961-e193c23a70c9,Molugu Rajeshwar reddy,https://play-lh.googleusercontent.com/a-/ALV-UjUPZC0VWXjGYa93nl52DVluUkp8hZ1LGSI7O52KG8VVWNeGPfNo,Exlent,5,0,,2024-03-19 16:44:32,,,
c67e7c60-f862-4433-b81c-65dad040b7a8,bryan sioson,https://play-lh.googleusercontent.com/a/ACg8ocIwIg87w5cih7qlZchL6lJzoTZW-Sx5GqXUEgd8aBCmZMZjpQ=mo,Very useful,5,0,6.1.4,2024-03-16 20:44:38,,,6.1.4
e1719afd-bf45-42af-9809-92ae8dbac47f,fufu fuxjxj,https://play-lh.googleusercontent.com/a/ACg8ocJ4UGiA4YvVv0yynLd9HIvPSXjaLxVEXy1aqzHoBvxX7901rg=mo,ok,5,0,6.1.4,2024-03-16 17:51:43,,,6.1.4
3be37ade-c2eb-4c17-aedb-2c98452be5cc,Saudi Saudi,https://play-lh.googleusercontent.com/a/ACg8ocJqBLoMPAmbK9diR7kHp0WeBIeoCiLnQmlMb88_C9ZxDmbevg=mo,Good,5,0,,2024-03-15 22:18:38,,,
1c725967-a544-4506-9e9d-83e78740132b,Saurabh Saini,https://play-lh.googleusercontent.com/a-/ALV-UjUM4LlcM56mkJOJiMsb2TFeDWjd1gYwyRHqAI0KH57SaHw545U,Good,5,0,6.1.4,2024-03-14 17:46:34,,,6.1.4
7bda4adc-bd7a-4754-8705-6b97db58c333,Cocolizo Tero,https://play-lh.googleusercontent.com/a-/ALV-UjUEkLkhE0Kgglg2Ds_297Xlphj6njKxdilbAoTFoEajTfBd_OtS6Q,"Fast download, pairing, printing. Very affordable yearly fee. Excellent!",5,1,6.1.4,2024-03-14 11:09:23,,,6.1.4
76f35c29-67f4-4e07-b124-34593ae51424,abdi shamil,https://play-lh.googleusercontent.com/a-/ALV-UjUfrsnhAODGsvHunPtvrqMOwhNmDvpp4OkHIt0lI1wFsv6VSPT3,Good,5,0,6.1.3,2024-03-10 03:00:02,,,6.1.3
42281a21-3763-4723-9c33-a118ee51de0f,Curtis Broadnax,https://play-lh.googleusercontent.com/a-/ALV-UjU-LGw1EIEUJvM4MbnT_Y8gict-DhIxcInUq2BhpKX_U0XSLPU,Great app works,5,0,6.1.3,2024-03-08 11:57:54,,,6.1.3
e8cd90dc-95db-48d7-8cde-e0b398e9f7d6,Tonny antou,https://play-lh.googleusercontent.com/a-/ALV-UjUMdka35isND8AsPxmnLWPmlbfXaXHmlsSJK3PUdYwg0rPdq6k0,Very easy app yo use,5,0,6.1.3,2024-03-07 15:38:29,,,6.1.3
a4a47a91-29f9-439a-bc93-3d0da4885e28,H.D. Hyder,https://play-lh.googleusercontent.com/a-/ALV-UjVA0UdZD1l9iDZ4cwwV9CUU2jBGQhEG_5vvVnBYBZc39sHcuYCdFg,"Works awesome, so far. I'll let you know in a month. 🤗",5,0,6.1.3,2024-03-06 14:01:12,,,6.1.3
108bd395-b1e0-4bc0-b940-92c28af21558,Wild Flower,https://play-lh.googleusercontent.com/a/ACg8ocIgQ66KfUDuiX0IaHwaVLWWKH93Gl4MfcUfa0D9Z7_NfZvKzA=mo,Nice app,5,0,6.1.3,2024-03-05 23:04:26,,,6.1.3
ff126296-9691-4b57-9398-b87542616fbb,Lakshan,https://play-lh.googleusercontent.com/a-/ALV-UjVEvjJokuyuUdFY4PlDWWA22ROyCd5Id3hmpFV0wiDkKms6_1hb,All option in size is not working in my tab(Android11). But working in my mobile(Android 12).,4,0,6.1.3,2024-03-05 15:45:43,Can you share more details on email to know this issue in more details?,2024-03-05 16:16:03,6.1.3
a58ee55a-d698-43a7-8798-e1d0c9c891f8,Elmer Llosa,https://play-lh.googleusercontent.com/a-/ALV-UjUKd3CiUbqHX-e5NzEeYN4-eG70tYetS5Y5YP7GW-IPLjflnM5-,Nice,5,0,6.1.3,2024-03-04 18:49:34,,,6.1.3
10dd2f4e-3bb7-462f-af1f-2e8caa2f9887,Dabhara News,https://play-lh.googleusercontent.com/a/ACg8ocJLOE7guCkHk87uOZ7XLmn6ti_dv033KRzHrhtCPqk7PLCqMA=mo,Really good at printing,4,0,6.1.2,2024-03-02 18:33:03,,,6.1.2
5461eea9-5e1f-4480-8625-14e847c1d482,CHUKWUEMEKA Johnson,https://play-lh.googleusercontent.com/a-/ALV-UjWMtHQtqR_wfIxsNJ97gYcx9HKkuGPb2eDGOMvPikq8_wo83xY,Good,3,0,6.1.3,2024-03-02 13:32:16,,,6.1.3
30a46f39-dc57-464e-90e2-3dcef5da8823,belizah,https://play-lh.googleusercontent.com/a-/ALV-UjUdhu29_V0_bYzC-Ff41ol2ygd29-L-RnV2NuK4uKv6bCgBmrLZnQ,"To be honest 5 stars is not enough for this very useful app friendly to user and compatible to all devices ... highly recommend.Job well done , keep it up ..more power",5,6,6.1.3,2024-02-27 15:46:39,Thanks for your feedback,2020-09-26 12:11:51,6.1.3
1d744307-63da-4668-8070-8a34135c85b3,Vanessa Mae Gida-Alday,https://play-lh.googleusercontent.com/a-/ALV-UjUnnxmv4RHp8-jr0V1jFzx5AnbkkLuajm0-YjdiIOTDxngMT4eHdg,NICE APP,5,0,6.1.2,2024-02-25 16:34:45,,,6.1.2
aec0c45b-cd8e-4bbd-a818-39322ed55b6e,Ayande Great,https://play-lh.googleusercontent.com/a/ACg8ocJPGRd6JzOiHpQTv8yCAzJBVvIAw7lfV_r7L3W9OKsqbD6F0g=mo,Superb,5,0,6.1.2,2024-02-25 04:25:53,,,6.1.2
688e80c5-789e-489c-b56f-391e8cee57f9,Ashok Kumar,https://play-lh.googleusercontent.com/a/ACg8ocJKU7nP28c6pINO1SI6Movk_mzVutyryRpsT1wvcqyTPPL4Sg=mo,Nice,5,0,6.1.2,2024-02-24 19:39:02,,,6.1.2
d52431cd-412c-4c1b-9188-f80e08f48ac0,Doel Hoir,https://play-lh.googleusercontent.com/a-/ALV-UjUV5pVYnhCGF9V8aWvRDMiMJwIjmgChaQLuDCw-K9FrmLVml5LP,Nice,5,0,6.1.2,2024-02-24 09:50:36,,,6.1.2
ac5518fd-c0fe-42ae-a3a9-61e3db90dc2c,Asha Digital Service,https://play-lh.googleusercontent.com/a-/ALV-UjVIv7SK0UA0MlsSYPCDMu4kmVqeI_be6xQIeMC07Y8tWQalI_yM,Very nice,5,0,6.1.2,2024-02-23 18:37:59,,,6.1.2
31d71104-c070-4825-8e6b-58093b4ef5c1,Jaime Bentle,https://play-lh.googleusercontent.com/a/ACg8ocKW-EGQ0dyMfK6F4n0SS54ficYxGJq1Z-2xJSQgPZhVChjXSg=mo,love it,5,1,6.1.2,2024-02-22 00:12:19,,,6.1.2
2bda99bf-173d-4b33-993e-d6891fe489ea,Rok Meglič,https://play-lh.googleusercontent.com/a-/ALV-UjXVrzkl3GZGz67nZB4hg_Qh20BoNtYcOOpZ39yfhwq99DJlhbMbjw,Nice app for testing terminal printer. Thank you.,5,0,6.1.2,2024-02-19 23:49:24,,,6.1.2
2fcfefa4-97e1-4c9d-9d44-aa050a5ae1fc,Manoj Kumar,https://play-lh.googleusercontent.com/a/ACg8ocJZ7Z3UsioFNQDSsAXZI-zsBdk3r6L-NV2hrXsGzGtxmmnJ3w=mo,"I am a pro user and the latest update is printing a 3 digit decimal number with , Example 133.58 is displayed as 1,33.58 Please fix this simple bug",1,1,6.1.2,2024-02-18 18:25:45,"Find the updated app at below location
https://www.matetech.in/myfiles/temp/bprint.apk

You may even set to default in settings

Please rate the app with good feedback if you are satisfied else contact on support email",2024-02-19 12:28:51,6.1.2
2777bf78-9ff9-4cfe-9498-350a0d6b6808,Hamzat Ibrahim Amaya,https://play-lh.googleusercontent.com/a/ACg8ocKrawsq0bQ2-zy1LSeTZMkUwpvY0S8F7Gu-eFRtxuqP8--b5g=mo,Is working very good,5,0,6.1.2,2024-02-18 16:50:15,,,6.1.2
4e64fdb7-bab3-42ae-84c3-b855c86b5b4e,Gopal Sharma,https://play-lh.googleusercontent.com/a-/ALV-UjVJotQgtoUyofeg9EDYQwU_YHi-REd_9Spu1LVxqaHPk1eiIZHP,Very good features. We are satisfy,5,0,6.1.2,2024-02-16 09:51:03,,,6.1.2
d7ae9cd7-3c9d-45c5-a8bf-4fff0f85de10,Sukari Mattress,https://play-lh.googleusercontent.com/a-/ALV-UjXNUraWZmF2rdM0D8EHxml8Gw7tKdmbWMJwSarnG34AxoTNVSd_,"Lovely, works",5,0,6.1.2,2024-02-14 17:27:15,,,6.1.2
e08807ed-f43a-4d2f-9bae-dd6cfc34dbc5,Grainsmart Barandal,https://play-lh.googleusercontent.com/a-/ALV-UjViPak3ZvSSI5lZXtVPD2lLAbjB7ofgqcLOF4cPdBjpakAsQxY,Thank Dev for this application more blessings to come. Legit image into text,5,0,6.1.2,2024-02-14 03:50:12,,,6.1.2
1d2d8cbf-8c20-47a4-b549-26fa0d57693b,Patrick Lay,https://play-lh.googleusercontent.com/a/ACg8ocKxz_c513meDS4eUC5JjdznV-U-9Pw8mR0_fQRgPPRIx0ZPTQ=mo,Rating a 4 bc the useability and smoothness of actual printer connectivity and app to print wireless is on point and very smooth Interface however is a little hard to learn and a little confusing however the app brings it all back to 4 out of 5 for the in browser capabilities,4,10,6.1.2,2024-02-13 07:41:31,,,6.1.2
0267f2e3-8d82-4f89-9b76-021bc1fc4b2d,Blue Chan,https://play-lh.googleusercontent.com/a-/ALV-UjWUAhNWKiH7fytS7iwyNslM7jEZRvjPszkEbsa3NFej6xVn0Grg,It's strictly a mobile device app even though it claims USB. They meant USB from a mobile device through the mobile web browser. There is no desktop PC version to install. Confusing GUI and their paid option is basically we pay monthly for life to use their app free of ads. The ads that do pop up can be full page ads with countdown timers. No thanks. LabelLife is free and has PC desktop APP and PC browser extensions with no ads ever.,1,27,6.1.2,2024-02-11 00:07:33,"Sorry to hear about bad experience. App supports USB printing through OTG cable for all the receipts which is just an alternative to Bluetooth interface. There is no PC version. Pro version gives you access to ad free experience and premium features.

Can you contact on support email to know your query in complete details?",2024-02-18 14:02:51,6.1.2
93db47ff-7684-4de0-9939-ecee9775c591,Kimberly Sanchez,https://play-lh.googleusercontent.com/a-/ALV-UjUO3eEzCqXlWvJKycBvJ4Eukrv7wm9-FdiLJZPy8Lti2ThYQ-Y,Very useful.,5,0,,2024-02-09 05:30:11,,,
5afebb6f-13ad-4aef-9fa0-41b4c97685b8,Tasya Shooter,https://play-lh.googleusercontent.com/a/ACg8ocJpZ4N-tREOWDW_fPZlgFvDlU8CEAmYXWbI2NjlNMqSasdUbA=mo,very helpful for my business. thanks,5,0,6.1.2,2024-02-06 12:20:27,,,6.1.2
de1998e2-cb03-48ad-947e-b7e8ca60c60e,Gina Smith,https://play-lh.googleusercontent.com/a/ACg8ocK-yxG5Qg0WQW7k5LIIOA_DkbEVC-0LGb9OzcQ2zwJj0lH7Vg=mo,Worked on the 1st try!,5,0,6.1.2,2024-02-03 05:40:07,,,6.1.2
67cbc01f-1665-49fc-ad8f-71d024b527a7,Zulham Kurniawan,https://play-lh.googleusercontent.com/a/ACg8ocKxR2P2ckRAoHEFrw3WrywyBp2JWAfPsmnzRh3r9oLMJCYAHmVU=mo,Nice and helpfull,5,0,6.1.1,2024-02-02 07:19:36,,,6.1.1
849a97de-b26c-4cfb-a9b9-697b6acba8f0,Harun Juma,https://play-lh.googleusercontent.com/a-/ALV-UjWwyx2E_caZ6XpUFqvhINeU9eRd7ZPDK2UTjNOnDx6jIWTaRSM,Good app,4,0,6.1.1,2024-02-01 23:46:44,,,6.1.1
1d1d6818-9d64-43c8-b948-5e120a4e39ad,Alfa Delta Yankee Echo,https://play-lh.googleusercontent.com/a/ACg8ocIRoEL1AHuD4mbkEHCeT4sHPgCrLDahLmNpA3_JtQuYOo-VAcE=mo,Nice app,5,0,6.1.1,2024-02-01 19:29:07,,,6.1.1
c5fb345b-0753-4140-8092-1f47290f6735,Arif Hossain,https://play-lh.googleusercontent.com/a-/ALV-UjWe1ewCU_IWNo3Bb1IHDLma7vVmOHcUviYdqrOSi1UXkhUavoE6,goof,5,0,6.1.1,2024-01-30 11:15:21,,,6.1.1
3037f714-606a-4a3b-a4e5-49ecab563616,JayaListrikindo Mandiri,https://play-lh.googleusercontent.com/a-/ALV-UjV255tCayAsbCSv8VA1unFQWUO_ebh3AZwQIxF3JRRmKQFIsGzK,Good apps,5,0,6.1.1,2024-01-29 15:19:17,,,6.1.1
854322fe-d945-4c62-861d-6ebaed85fefb,Jazi Horn,https://play-lh.googleusercontent.com/a-/ALV-UjWtk_mc69hl9LL7FX8WfAalCSZMEm-0iSOjM0_NGq9Iv6m_Rn4R,"Couldn't use the app that I was supposed to use for this mini printer, but this one downloads just fine",5,0,6.1.1,2024-01-28 00:37:40,,,6.1.1
2a78bd70-0191-4a9a-b72a-b5300f919773,EJIKE NWAFOR,https://play-lh.googleusercontent.com/a-/ALV-UjV3Lgl-OmEiDcXEstgm8ofYW1uRAs1rNkgDIr-0SwxdxefCZdW8,Nice app. Prints well,5,0,6.1.1,2024-01-27 18:30:29,,,6.1.1
855debc4-d3f2-4d76-89c2-5b3c4200bb04,Lawrence Lincoln (Ei8ht),https://play-lh.googleusercontent.com/a-/ALV-UjXgu522D8l75swWzpkRi11DzCg1ACIsOjB2l7MMrfPLDpyFdJFt,It's cool. All am going to say it's been useful. Thank you,5,0,6.1.1,2024-01-27 14:09:52,,,6.1.1
e36f153e-6e39-4a67-9fd9-ebd4f63339f5,terri denice leyman,https://play-lh.googleusercontent.com/a-/ALV-UjU5jDxdY9KL44Jc-BELvh6q5UkJJzzJR9hxPX2W2pCRRoNW5Tvc,I'm enjoying the app while still learning all it does. Thanks.,5,0,6.1.1,2024-01-27 01:44:42,,,6.1.1
6b31035e-adbf-4534-ac58-af836b831dc0,Riskha S. Baskoro,https://play-lh.googleusercontent.com/a-/ALV-UjXV9IlIwvv3y3gyI5BKIcVE0xtp1G3yGDbL3mnwCscSXxkNSf0p,Thank you for the apps.. help me to easier maintain my business,5,0,6.1.1,2024-01-24 14:08:11,,,6.1.1
8d960cfd-e130-43f5-b79d-ead6b35f446e,Squeeze,https://play-lh.googleusercontent.com/a/ACg8ocKSbbJhWGG01T3OzoYwawtsRDny5Ng1GhmesqurCv3vxDPtrQ=mo,That good for me,5,0,6.1.1,2024-01-22 12:34:24,,,6.1.1
8a1d127d-dd4d-4513-85b6-4acbcdbc3e7f,babai (Karmakar),https://play-lh.googleusercontent.com/a-/ALV-UjXLLnl20wQsT6IKM1nTRseQ-TzdhZ504R34Ban052eNWZjHVzt3CQ,Nice app I am using 3 year,5,0,6.1.1,2024-01-21 08:13:23,,,6.1.1
22ae947a-d14d-4b24-881f-d9ad58eda6a4,shivakumar g patil,https://play-lh.googleusercontent.com/a-/ALV-UjXCs8hNxZ5h67Q5mB6iRw5bZl4LfqrsG7GIRySplmMInQwQVJnZ,Superb,5,0,6.1.1,2024-01-20 11:55:02,,,6.1.1
0a55afd8-478b-4059-9901-235081def038,Kali Prasad,https://play-lh.googleusercontent.com/a-/ALV-UjXq9iIMZwDl6TRkLhaRZfe-RTv7MMOLztVo2He5X75BfE4XgRSL,100 add,3,0,6.1.1,2024-01-20 08:01:56,,,6.1.1
d2bd43f4-7195-47f1-8c11-f80dfdc5a989,Phoebe Tan,https://play-lh.googleusercontent.com/a/ACg8ocLrG6mpnytDzKdvvLZ4GDsTxMw16YGsbdcLF9HUbHHA8TdnZg=mo,I LOVE THIS TINY PORTABLE PRINTER 🤩🤩🤩 thank You JESUS MY SAVIOR 🙏🙏😍,5,0,6.1.1,2024-01-18 18:53:33,,,6.1.1
4fb2306a-d297-4b68-8f0c-2c3184e96bb1,Marcin Palkowski,https://play-lh.googleusercontent.com/a/ACg8ocIimExBSxIE_Lgp9HwaOAdUYaqEUFAZC9G84hgU4pEVUHxtkQ=mo,Not working,1,0,6.1.1,2024-01-18 17:49:51,,,6.1.1
e8aaf003-04e3-40ba-bbf5-a79b2dca2130,ahmad zulfikar,https://play-lh.googleusercontent.com/a-/ALV-UjVVYtvtCeYU4IPsn0995mrEweZbv-X8BebBseONHjqtZOgNqOI,doesn't work,1,0,6.1.1,2024-01-18 15:18:50,,,6.1.1
32473943-b81c-46b9-839f-1caaa012b807,aldy tjandra,https://play-lh.googleusercontent.com/a-/ALV-UjUfh7N23qzUetRmRHAXPEnIt_lcwAqDnaYxrgpBu7lSm46_sw3F,The ads too much.. too much..,1,0,6.0.9,2024-01-15 10:17:31,,,6.0.9
5dba6479-6dc6-46ae-8410-a2bdc4f241b3,Victor Ndu,https://play-lh.googleusercontent.com/a-/ALV-UjVlewyBdbE7y9JyMdzhvkaC03q3tISHLhj-Hvxe1Qhk5jUYIZL4,Beautiful!,5,0,6.1.0,2024-01-12 15:44:00,,,6.1.0
6be28eec-f3d6-44ab-a6f9-25fba953c6a3,biteshwar kumar,https://play-lh.googleusercontent.com/a/ACg8ocKFVzIXcc__DRJ1zWvv88tZiGX4sPi8PreG9KEFAOhp1K1TAw=mo,bakar ha,1,0,6.0.9,2024-01-10 17:26:23,,,6.0.9
767c50a9-aba5-446b-8f65-67b3c171f0ee,Bill Cardwell,https://play-lh.googleusercontent.com/a/ACg8ocKpfwRZG-wiOlO82TGxZ8oeNP3y1myynPrk2rJNacRecZ04iw=mo,"Do not purchase this application, it does not work for me, And there's no place to cancel it, so I'll have to cancel my debit card or something to keep them from taking money, It's ridiculous you go to their website and it says easy return, And then gives you no way to return it",1,7,6.0.9,2024-01-10 04:22:24,Please share your concern in complete details via support email. You may cancel subscription at you end or I can cancel and provide refund if you are not satisfied with purchase and share your order details,2024-01-10 16:02:23,6.0.9
dea0e4be-14fc-4046-966f-da64eb4b22ca,Daniel Wonohusodo,https://play-lh.googleusercontent.com/a-/ALV-UjWp-8j7QcnTeovACkxp9_uUHW38-wwOD4Z58lIOH3fIxWbtq2Ue,very helpful app,5,0,6.0.9,2024-01-08 16:06:51,,,6.0.9
58cb85cd-2173-4852-9145-579580eaa162,Leah Liddiard,https://play-lh.googleusercontent.com/a-/ALV-UjXPPeKiKuG-yhri3HIJsar4QbhrgbtihsfU9Bti9SUVov0f4tSr,Terrible,1,0,6.0.9,2024-01-08 00:35:58,,,6.0.9
0460f6e3-685d-4810-9a07-0604dde53054,Hydee Gumera,https://play-lh.googleusercontent.com/a/ACg8ocJqLge7DuU8kwjjBn9WcCbxsQqLF-SMO-B7aNe_iIAckrqemg=mo,Awesome apps thanks it's help alot,5,0,6.0.9,2024-01-07 15:44:56,,,6.0.9
75b1c505-87f2-4e99-a8e4-10ba41fddd11,wahyu kuntoro,https://play-lh.googleusercontent.com/a-/ALV-UjX0N6Plk2KpWvdu3zehhagXqqoUPQ9RmI1OgEp1TvV607dcLJ61,Sudah pakai yang pro tapi tidak bisa import font,3,0,6.0.9,2024-01-04 14:09:18,Please send an email to know your query in complete details,2024-01-04 14:10:09,6.0.9
be0bf3dd-38c4-4eaf-b530-ef85f462c1db,yusuf lawal shehu,https://play-lh.googleusercontent.com/a-/ALV-UjWRXDwkMCC8rHz-yXiNTZ7Ic5tkFVyRS_B9N4yDIpZ9pru4XycJ,Best printing app But I have only one suggestion in the left and right data it has only two font size N and DH we need small size also Thank you,4,1,6.0.9,2024-01-02 01:39:50,,,6.0.9
de8a8118-af60-4546-96af-9b9f4efb65d2,Mamun Mia,https://play-lh.googleusercontent.com/a-/ALV-UjX8gyNAiWjkRSO6j-YdsQ_BwOjoYYpa7-nDLxHuzUjOCB85vTuM,Good app,5,0,6.0.9,2024-01-01 19:40:37,,,6.0.9
8785b4a0-4820-4859-8350-f7557aa29556,Victor Nansak,https://play-lh.googleusercontent.com/a-/ALV-UjVUnv2n1yGTkv1uNPSa-N4TA_6zw9z7aEIqW1V5JfGmXGC88fBJ,recommended,5,0,6.0.9,2024-01-01 12:33:39,,,6.0.9
c5d32179-15f0-42ed-b489-f8abd058ac17,Dani Sabara,https://play-lh.googleusercontent.com/a/ACg8ocL6MWePaNGhjBMNVFPW9OrImWiMwVpQV_47I5Qz4t9UO1qoJg=mo,"keren, kudu sabar buat edit nya",5,0,6.0.9,2023-12-30 19:28:14,,,6.0.9
2d5ec078-36b8-4db6-b88d-6ce01de169db,Roselet Holidays,https://play-lh.googleusercontent.com/a-/ALV-UjVUakOzZZ5qToHekON2S5RbInlHGxXdfk_cTvRMJ_yxqqtncvHW,"I always love your app. sir, when ever you update this application it's having a bug in font size it's not working. last time I updated the app same problem,then after 3 Days it's resolved but today it's the same problem. please I request you to work on it.",1,0,,2023-12-28 00:58:09,"Please send an email to know your query in complete details. If required, share a video made using screen recorder",2023-12-28 10:17:20,
f407a237-e806-461c-bb67-a36f196718f8,Shailendr Kumar Gond,https://play-lh.googleusercontent.com/a-/ALV-UjV9UBgAwOxWnT6oYg_zGTMZb-IFDW1qwmIWSAADpqf-LONkcuWY,Supar,5,0,6.0.8,2023-12-27 12:01:16,,,6.0.8
7a14bdf4-45b8-4054-8ede-db758533f99d,aman ullah,https://play-lh.googleusercontent.com/a/ACg8ocKP4ttqg59wVM0kmXsSTyD0-rh27J-YuvuANnDj10OnOOY8wA=mo,good,5,0,6.0.9,2023-12-26 13:26:15,,,6.0.9
aba4d340-2ff5-4063-9507-a60656a4ec6f,Cosmetics Review (Different World),https://play-lh.googleusercontent.com/a-/ALV-UjXDeAhmZ59HHcv7AWfu-AJKkMTofmRtr3KD6FMeAtjBWZROXgAg,good app,5,0,6.0.8,2023-12-25 20:55:51,,,6.0.8
6892f106-51d4-4334-b3e2-d9b7d9953a3c,Niraj Kavishka,https://play-lh.googleusercontent.com/a-/ALV-UjVq4if-QOSTdKDck7gk0BBmYitdyezJnRQ5lCCL4VX6FzQJArxV,"Browser print option is amazing. I found the browser print instructions from app and it describes how to print text, image, barcode and QR code by sending data in JSON format. Can we have more details about how to print Horizontal lines, Left Right Data and Simple Tabular Data by sending data in JSON format.",5,5,6.0.9,2023-12-24 19:46:06,,,6.0.9
dbab7932-fb73-432c-86f2-97adc6045318,Bryan Koch,https://play-lh.googleusercontent.com/a-/ALV-UjV8Yj-Q44KQAHhVyPyHt8RCcjXIco68mVHmhyurn1djTaH0ziGF,not intuitive,1,0,6.0.9,2023-12-24 10:23:09,Please send an email to know your query in complete details,2023-12-24 10:24:41,6.0.9
377e08a3-f012-47ec-9bc8-a0c590eab07e,Sobia Hassan,https://play-lh.googleusercontent.com/a/ACg8ocLKYJQpNxnK9lsIUNoyxc9hQ7ofDzQbu-pobwVbId0qKra4wg=mo,good,5,0,6.0.9,2023-12-23 13:14:55,,,6.0.9
329b2ed2-72f2-4461-804c-b0a08fd3861b,Adequate Pipe,https://play-lh.googleusercontent.com/a/ACg8ocJObC2u88Rw3KCYs2qiSngGa1zQ6wHt-8YrVAiymTXciGhkFg=mo,"I got a goofy little bluetooth printer online, and this is by far the best app to use for printing pictures quickly and easily, I love it!!",5,5,6.0.8,2023-12-22 22:03:37,,,6.0.8
d8cc50ad-cd49-4569-876b-c089f2960af6,Sumon Store,https://play-lh.googleusercontent.com/a/ACg8ocLfHGIHupWRId3EYRuS44uIMk-frSIJemV6ijA1-_Juri5x-Q=mo,Best app,5,0,6.0.8,2023-12-15 16:01:59,,,6.0.8
4c3e4056-5340-40fa-821c-c8abf50863ca,Salman Shehzad,https://play-lh.googleusercontent.com/a-/ALV-UjVnP0vwLLJKpmN0OeLsXOrVkpEJOxascXdaSlkVArYvcILGAlzJ,Good To Use. Easy and simple,5,0,6.0.8,2023-12-10 13:33:44,,,6.0.8
951ad0ad-d47b-4810-b18f-beaf1e34627a,Carl Last,https://play-lh.googleusercontent.com/a/ACg8ocIUAiEhnJoENO16nHQeRR6604k_Qp5Zxx6rVMddgKBRYBsCvw=mo,subscription models SUCK for software,1,0,6.0.8,2023-12-10 09:42:16,,,6.0.8
707dfdcc-6902-43e3-9b96-b84b074848a9,Åñßhül Bådßhåh,https://play-lh.googleusercontent.com/a-/ALV-UjXto-r1AN_xWI2gnc_1anMm_xMRtIw4ws_iJEEUArDH2J5JhcE,Nice,5,0,6.0.8,2023-12-09 08:25:45,,,6.0.8
0a0517f4-a71d-4681-9ea7-02aefbee90b6,mohammed usman,https://play-lh.googleusercontent.com/a/ACg8ocI_3mz2mvf-sjSSr2cdhdBWzIhlCKK19cblQ_SydgoJlkPmqQ=mo,"The app is swift,,user friendly, i love it. Is the best among all,,,compartible with various printers.. i Highly recommend this app its top notch.",5,5,6.0.8,2023-12-07 14:41:30,,,6.0.8
b8fd0983-add5-457d-8502-1e43552fc166,Ellen Lee,https://play-lh.googleusercontent.com/a/ACg8ocIUX7FrYukTIAH9eBi-SH02ZSMLHvEAWxmNqR3FxPkLh3MR6Q=mo,perfect apps! love it,5,0,6.0.8,2023-12-06 20:06:02,,,6.0.8
051cd67c-255c-41de-90c5-7d5ce9cfa686,Darmoon Suson,https://play-lh.googleusercontent.com/a-/ALV-UjWHFxIiHSB3QDmO5Z6-3y-VSZy6a4dylqiMF45OTPih0CTnj4Y,While using this app it's so crazy I mean working in your smallest machine printer I was so excited thank you so much in this app❤️❤️,5,0,6.0.8,2023-12-05 21:26:40,,,6.0.8
5f9700f9-d4eb-4495-8546-f26ebd09db08,Valeriano Gemino,https://play-lh.googleusercontent.com/a-/ALV-UjUynMy1mmE2XVDW_dDEiHP_lnGysBS6nWRUETuRL5qcyeWq-3M,"The app is now working as intended. Support provided what is needed - very helpful. We were able to resolve issues that were raised, the Team were so attentive to things that needs to fixed on the. Kudos to the Team!",5,30,6.0.8,2023-12-05 18:17:41,,,6.0.8
23e2b81e-a430-4a12-8fd3-e82a85917d31,Eka Alamsyah,https://play-lh.googleusercontent.com/a/ACg8ocIZYoDwlLPmUTHB_yIn525-Ixqp_HIMJHvmqG6pvIytAnBIIw=mo,Easy and compact,5,0,6.0.8,2023-12-05 04:04:50,,,6.0.8
58d2165c-7878-442c-81d2-f44e27439302,Muhammad Bilal Shahid,https://play-lh.googleusercontent.com/a-/ALV-UjVPcmR1tavvn09FdmUCAjoK4qmSUdfk_VUX9ycVVStxJPQaoTg3,"Got what we were looking for , user friendly and good result , recommended",5,0,6.0.8,2023-12-04 10:29:43,,,6.0.8
aef8467f-fa0e-4ca4-b5c8-4b46cba60d5f,ABDUL JALAL RASHID,https://play-lh.googleusercontent.com/a-/ALV-UjVrR_gt73f9g-KPrjxP2ab_UFiLzzhMObDNQRJHu6MSVkOzzJkbpQ,Ok good,5,0,6.0.8,2023-12-01 11:43:56,,,6.0.8
c6f340e8-72dd-4b5c-a57d-f0bc51c33bf3,Syamanraju Borusu,https://play-lh.googleusercontent.com/a-/ALV-UjVh1FDAPdJOA7yyvsx2TwINFTLaMrDuDqT8u6izCuNjdNTx5bu9,Super excited,5,0,6.0.8,2023-11-30 18:35:14,,,6.0.8
84a6fb05-0e73-4522-81c9-3e8ae8b669f4,Anshuman Csc,https://play-lh.googleusercontent.com/a/ACg8ocIrsgT77tyYvJgADlMCRIiKWpFWPYgaLDLyrrd1IQcSHjtxCSk=mo,Good,5,0,6.0.8,2023-11-30 17:54:40,,,6.0.8
32b520f4-9863-4847-a05a-e00c3fbfd775,Marianvil Cruz,https://play-lh.googleusercontent.com/a/ACg8ocKnjdoiIAyP32p5kNrWEricy5y46HwsMPYUTo7Iq-f8BdBW5w=mo,great !!,5,0,,2023-11-28 10:01:13,,,
fbb88a55-9a7c-4447-a528-7038e7d405a0,Andi Irawan,https://play-lh.googleusercontent.com/a/ACg8ocK_RuRxmcGIMQOeYAj10xo4WNtPreIn2cX-MXcmBZghOlsdVQ=mo,I have issue changing the font. I can't change the font even I purchased the subscription with much more font,3,1,6.0.8,2023-11-23 12:17:33,You can change font in text special entry only,2023-11-26 20:53:24,6.0.8
91f37d0e-426b-4a40-9c83-a43391c87e2a,Michael Tapit,https://play-lh.googleusercontent.com/a-/ALV-UjVfJxwkB8seFBiMi4_19RWBY4fShy6lnlcus0h2mJYL-UzRZftF8w,Trash,1,0,6.0.6,2023-11-23 11:17:04,Could you write a support email to tell me why you think so? This will help me improve my app. Thank you.,2023-11-26 20:53:38,6.0.6
34c3a173-ab12-437f-83e4-b9e152c493f8,Geneveiv Ross,https://play-lh.googleusercontent.com/a-/ALV-UjUX5FdRNwIBqwFvakGt_dOfb8SIFe0RkN69e0eqpyUa-TZlgF-UBg,Great to use,5,0,6.0.8,2023-11-23 02:21:35,,,6.0.8
73128d1b-6d73-4192-966b-97c761daafe6,Suleiman Abuh,https://play-lh.googleusercontent.com/a-/ALV-UjVwJAMq2FW4RdWAUZmPAq7zhAD5Z4gstaUF4S7qZ1mz5wrawP2i,Fantastic,5,0,6.0.8,2023-11-22 21:53:41,,,6.0.8
42adbf9b-99ce-4c0c-914d-a177482bb88d,Abi Abi,https://play-lh.googleusercontent.com/a-/ALV-UjXiQI2-d56X9F50x6aIqV4L7Ywh4FT4s7S4yHuPksjxTWtn9LL3XA,Nice,5,0,6.0.8,2023-11-22 19:23:20,,,6.0.8
b5637ebc-c1b3-4366-849b-49fe422794ce,Iniobong Imeh,https://play-lh.googleusercontent.com/a-/ALV-UjVBvq91aCruVOjyt2EiA8W-pduLB94GQ-04pqsikEYa4tuWwF0a,Outstanding print,5,0,6.0.8,2023-11-22 16:58:18,,,6.0.8
154b091a-45d4-4b1a-8209-099295c7ab37,Bhavesh Goel,https://play-lh.googleusercontent.com/a/ACg8ocIs6XQD84EHLMtvxMeTCh3seTwDAJTKK5zD0EAYjSks1TEeBwUP=mo,I don't recommend it,1,0,6.0.8,2023-11-21 20:29:31,please send an email to know your query in complete details,2023-11-21 21:10:36,6.0.8
1ca3db80-1301-4150-8344-3602a3607348,ahmad tantowi,https://play-lh.googleusercontent.com/a-/ALV-UjUrKi-MwHuG0zuVtfs3W3LhVMOKMgUmboqZtGli1mv7HqUqUEYV,Good application,5,0,6.0.3,2023-11-19 19:05:08,,,6.0.3
451bc5c1-9011-4b0d-a51e-7198c13854ea,GKP,https://play-lh.googleusercontent.com/a-/ALV-UjUtP6CTN8o0Iei65jQWvlChcvVJR1FTRc0sboo2n_rZYpFtGvZHeQ,Good,5,0,6.0.8,2023-11-17 16:49:59,,,6.0.8
071cb18b-cbde-4248-92d9-7e22235cf116,Jose j.r Guzman,https://play-lh.googleusercontent.com/a/ACg8ocL8pRl4IVg_6kfFBSrLJc5-cUMNCkw1lVhqXqkaBDAczTNykA=mo,👍✌️👌,5,0,6.0.8,2023-11-17 14:22:46,,,6.0.8
e80d766a-6ef9-464f-b35c-1c1c710e7204,Biran Basumatary,https://play-lh.googleusercontent.com/a/ACg8ocJMJVe0L4M2h2XiJH25psaj2vRiAS-r8y9mUO8LFBdfYTw5ZA=mo,Good printer app,5,0,6.0.8,2023-11-17 11:55:26,,,6.0.8
bc4d8f8a-c89c-4602-8fb8-9d381f337a65,Julie Joy Villanueva,https://play-lh.googleusercontent.com/a-/ALV-UjWJwZ0dULeGhg5DooAf3rltHE2m887QCRYNHb5JqGtctBGgPSYjfA,Very useful,5,0,6.0.4,2023-11-17 04:43:36,,,6.0.4
a2b38a64-a2dd-4083-9216-210443a24cf0,Edgees House (Nurul),https://play-lh.googleusercontent.com/a/ACg8ocJW3mYpPq_QnzMKd61WHG1enu9IB-N6IHDIO61dR2O_joYt6g=mo,Can't change font. Please fix it,3,0,6.0.8,2023-11-16 07:48:23,please send an email to know your query in more details. possibly share a video made using screen recorder,2023-11-16 09:06:03,6.0.8
14350ef2-6e6b-4b93-8632-03c0f4f40c25,oscar abaya,https://play-lh.googleusercontent.com/a/ACg8ocLguilDRou2SmmeVdHldYIRbrJtEVQ7fSyblBx40odgWIoJxQ=mo,Nice one 👍,5,0,6.0.8,2023-11-15 08:20:55,,,6.0.8
2346ee70-1dfb-4bd3-b46b-0fad13647856,Shabeeb Cp,https://play-lh.googleusercontent.com/a-/ALV-UjWF7riDi8icLf0fJ-jLM2-GAXQC6snpFCfjaJZnHEBIRWYAUAme,Great app.,5,0,6.0.8,2023-11-14 14:20:38,,,6.0.8
aa1d00a6-320e-4468-9c52-6ead75ea229b,Ayubu Rashid,https://play-lh.googleusercontent.com/a-/ALV-UjUPeL_PJN26seh0YdZL7AXEOjgqeNw2qxewVB6ok52gFQc5yMGc,cool,2,0,6.0.7,2023-11-10 02:01:31,,,6.0.7
e05ffc9b-b870-421d-8fe9-69f228673d3d,Debendra Nath Mahato,https://play-lh.googleusercontent.com/a-/ALV-UjVWdMlf8qQUOnGsV6zVi-iFDnliuUO53e_pAZzsxImnvVvHYWY9,Nice app,5,0,6.0.7,2023-11-09 16:41:33,,,6.0.7
f94be657-47a2-4436-8271-8fa6a5efb23c,SURESH V TPT,https://play-lh.googleusercontent.com/a-/ALV-UjUV5r2gjPZtvaEufS0uY8kJnL7oMRAZ54O6E5fAqxnG4yt3Bkwl,user friendly,5,0,6.0.7,2023-11-09 15:17:14,,,6.0.7
d1fa8bfe-47f5-4c46-afa2-fa7d70844cee,Aminu Muhammad,https://play-lh.googleusercontent.com/a/ACg8ocIpPGkuq9Q1O2siMpZjRE9qjiLDRgupLqYCCc5VKqOurF6-l6s=mo,Fantastic 😍😍😍,5,0,6.0.7,2023-11-08 13:53:56,,,6.0.7
bada3bb8-be3e-42eb-87d5-7a2d78e3ea9b,Basanta sahoo,https://play-lh.googleusercontent.com/a-/ALV-UjX8xaz0cLp7TWBO38BP6xTe0KyhB3rXN5avleH06KZi20kDdT3K1Q,best,5,0,6.0.7,2023-11-07 22:10:30,,,6.0.7
8dfab230-d3f3-43da-9041-908a8c61d15e,Jarno Widodo,https://play-lh.googleusercontent.com/a-/ALV-UjWTfeGJl100aipCZjkZ5MTf_jiyu4w-Xkkgr81HD8UBu9xmEyy0,Keren,5,0,6.0.7,2023-11-05 15:36:37,,,6.0.7
692d31fa-f8e0-465d-90f6-e8cdaf1ebb01,AUDRALEEROSEMCINNESSWANSON MCINNESSWANSONA,https://play-lh.googleusercontent.com/a-/ALV-UjWUPuGjQmCB_kXP9DJGtCI5Kwtg27hYkGEuJCcEo1Q4sW6xwCrC,THANK YOU,5,0,,2023-11-01 19:29:29,,,
a354e466-3611-4b8c-99e2-6b0e329ff704,Habtamu Tesfaye,https://play-lh.googleusercontent.com/a/ACg8ocJfuCkinK-ZCIlJvj7avYGRwXbYvW83f3nTTBQgGjppGePvnA=mo,best,5,0,,2023-10-30 16:11:05,,,
d90f261a-0730-476f-8e96-3908c32b8dc7,Baut Mur Online,https://play-lh.googleusercontent.com/a/ACg8ocJUcIGDg6kycVAmCBEoxDSJ6NxjYo2IzLwh1aYIDIaiZB2EQw=mo,Nice,5,0,6.0.7,2023-10-29 10:34:19,,,6.0.7
8b066012-98e6-4ea2-8124-b6f2bec2205f,sukulent,https://play-lh.googleusercontent.com/a-/ALV-UjWjAkmSD4yLoxQ01v2UK1wKJBLfruPkxJ-rdIIeN6twpKwNzIdm,Does not work with my paperang p2. Any help?,2,0,6.0.7,2023-10-28 21:26:10,,,6.0.7
d72d4068-e590-4f3f-9217-7ed8ae2921c0,RAJESH KIRANA STORE,https://play-lh.googleusercontent.com/a-/ALV-UjUGGIM0vI77lwUPwU-P2SvGKCVpVOyrh8bE3JLU71E24Skx6Zta,Bahut hi achcha application hai mobile Bluetooth printer ke liye abhi upyog kar raha hun AePS printing,5,0,,2023-10-26 11:15:13,,,
39f0aec6-1d61-4d39-b265-57608cbd655b,Anurak Ravirojana,https://play-lh.googleusercontent.com/a-/ALV-UjVnpCBvvb6Unlbw57xtNxzlCUtfivfS0t-Dybcz0Vza8ixKss9rBQ,"I have an order management system and let customers who use my system use your app. After the update, there was a problem that the receipt could not be printed. After testing, I found that the problem was printing HTML format (type=4). Please fix this as many customers are having serious problems right now. Update: I contacted the team and it was quickly resolved.",5,32,6.0.7,2023-10-24 22:26:35,Please install the latest app version,2023-11-06 08:37:55,6.0.7
5f8851cc-0715-4c70-84ee-ca330338887c,Orkaa Terlumun Augustine,https://play-lh.googleusercontent.com/a-/ALV-UjW8rcFK9c6PGB0h5sluNr6P71ik3Um7lwoKlkcEcD2-O3EDOuEw,Satisfied,5,0,6.0.6,2023-10-24 06:04:41,,,6.0.6
318e68a0-c502-4778-b681-4640f4024a6e,Chinonso Nwabueze,https://play-lh.googleusercontent.com/a-/ALV-UjUGHBhyUn2ND8hIY0ikdHyx89BLPAKiFDik_LQ-cpsO82Ug63g,Gud,5,0,,2023-10-23 18:55:11,,,
8b5d5453-81fd-4e45-97dd-b6b4c76816f1,Gil Austria,https://play-lh.googleusercontent.com/a/ACg8ocKNxmoilrCqzaiB9CnWnp9dmQB5LJ6rZ23lB4mhaCjHfZsOEQ=mo,Horrible,1,0,,2023-10-22 21:25:06,,,
bcbaaa96-af27-4eff-a757-9d8ad4e3c20b,Home Solution,https://play-lh.googleusercontent.com/a-/ALV-UjWeDsvGf-5pbSNxo3HeDPVBOeWRP0DEF0gVxodl7ph-kcfst7u8,Ow sum,5,0,6.0.6,2023-10-22 15:04:37,,,6.0.6
98e39ed6-079a-4dae-903e-085e95797341,Sum Demong,https://play-lh.googleusercontent.com/a/ACg8ocK7eLa3u81yxIQtb0XtNpw58qU3X6pzlUdzQYWPiY_b_ifrsQ=mo,Good,5,0,6.0.6,2023-10-21 20:05:45,,,6.0.6
5c218b45-88d0-464b-9fca-bdc87ec90a8c,Pamala Pudentai,https://play-lh.googleusercontent.com/a-/ALV-UjWupwHbSt9eHw17gROi5Vhg9p4xNIs0YgrZU5y994rzsB71fh9roA,"This is great to have, especially in remote places! It boost the BT signals!",5,0,5.9.2,2023-10-21 07:15:19,,,5.9.2
958f9241-8429-4632-80ac-55565cebe891,Rajinder Singh,https://play-lh.googleusercontent.com/a/ACg8ocIoLHpb67jua2QYjOLeSnbRlzsA4XGhB6PJjpMkyxrQMCtrag=mo,Superb,5,0,,2023-10-20 10:40:23,,,
5f22a0cd-2097-4ebc-b182-5bdb9ecf115e,Prince Joseph Sales,https://play-lh.googleusercontent.com/a-/ALV-UjU1OtNkRgRmfcoia_aajBQVlAyacz8vwrI7wfvbvEwc3rot54ye,cant export then the app freezes,3,0,,2023-10-14 20:44:17,please send an email for your query. tap on contact option in the app. if possible share a video made using screen recorder,2023-10-14 20:53:55,
2cb84f2c-4ec7-4bf0-83d2-1593ab9006a0,Nada Husniah Shofi,https://play-lh.googleusercontent.com/a-/ALV-UjWmvFRjceite9wUEQLSD4HDj_sxMpHXW0qHvYvtfX-nfyYIW0lX,Good,5,0,6.0.4,2023-10-13 18:56:57,,,6.0.4
472d104f-8dc4-4fb5-93c8-01b088eea201,A Akash,https://play-lh.googleusercontent.com/a-/ALV-UjXGbnlX3SmCxUqGZNa2fYkN0s31dIEdh3AAL__Qd1XhA8r9FE-7,Nice. App,5,0,6.0.5,2023-10-12 19:50:06,,,6.0.5
553b360d-11b6-4dd5-9319-4d41ec07dad4,Mantu Kumar,https://play-lh.googleusercontent.com/a-/ALV-UjVbXfpni_JG_KjQc7PyZywioO7wzawQnURmtn77Ot9Xb6enaTLL,Good,4,0,6.0.5,2023-10-12 06:33:20,,,6.0.5
a707f63d-3dcc-456f-bd6f-6ae6c18fa858,Xavi the AntZ,https://play-lh.googleusercontent.com/a-/ALV-UjUYoqPS2L6QWI-86-UKaFrk2wUDXCe5yOKtYO2zyRRuaKr5Y01x,👍🏻,5,0,6.0.5,2023-10-11 10:26:36,,,6.0.5
d30d5f1f-ed5c-474f-835a-be2d77da9a3d,Owolabi Yetunde omolara,https://play-lh.googleusercontent.com/a/ACg8ocIodaueuVOSguLZTpmq0HlOXOvwL78B_ATnYT86ar05zsKFFw=mo,"I really love this app,it's ok am simple",4,0,6.0.5,2023-10-08 19:06:54,,,6.0.5
b8e783e4-2b1c-417f-b709-8594734dfed9,কুটুমবাড়ি,https://play-lh.googleusercontent.com/a/ACg8ocLIukF0t3X9YLohLZT7XaqRBXo6jfJ4BuvMZ56LXf8ltrpAkZU=mo,Help fully,5,0,6.0.5,2023-10-08 04:25:00,,,6.0.5
933cfc95-eee6-4d6f-94cc-e9a0e0df7731,Ogut Gokil,https://play-lh.googleusercontent.com/a/ACg8ocIA-f3oCPJDsaW2GI2GIdq07BSTz0S678ejqAx89TNquVBUOg=mo,Good apps,5,0,6.0.5,2023-10-06 11:08:39,,,6.0.5
f951e94a-a979-4197-981c-56a02a5382c3,Islam Patel,https://play-lh.googleusercontent.com/a-/ALV-UjUf1u50duptbGKHJS8GpKhGjFcXzAlqw_0pTWRcWaN2eVoKOOn1,Nice,4,0,6.0.5,2023-10-05 20:16:15,,,6.0.5
39e05079-37d1-4ea6-88e0-8435bc68d6b6,Simi Duggal,https://play-lh.googleusercontent.com/a-/ALV-UjW1hZ3R7k5DHLY4pwLb40c8KsQ0lhIqgObJ_VBw5sBkpYyEbBOD,Esté es muy buena calidad,5,0,,2023-10-04 03:52:52,,,
9ea1eda3-f0f6-43fe-a4d3-02be585ea0e9,kyaw myint,https://play-lh.googleusercontent.com/a-/ALV-UjWFYxWJ_Ncn_cVYhSBA6M1GEYrvhupeSF6-uGpUDmPNuhzvdNzi,Easy to use.,5,0,6.0.4,2023-10-01 10:51:57,,,6.0.4
ff8f85d7-4d45-4532-9255-3d7f203bf238,Justin T,https://play-lh.googleusercontent.com/a/ACg8ocLfz_X17DNUEnQ05oPvWg4ZAkYvvnZfJVo792qz25rtBvWycQ=mo,"Garbage, even simple features like rotate don't work. Maybe because I won't pay $30 to be able to print a single label, or maybe because the app is just that bad. Not paying $30 to find out, that's for sure!",1,9,6.0.4,2023-09-29 10:36:04,"Please install the latest app version. if you set rotate feature in text special, it will work well now (auto margin set now)",2023-10-30 17:33:29,6.0.4
6d9a9ed5-b587-4f02-bda1-8b9376fb3d2f,Nasir Abuhurairah,https://play-lh.googleusercontent.com/a-/ALV-UjU02oWuxp5zf3EuZGVUFKFvP3RPPEuKOtNPcpzRVG84dV1g163D,Best ever,5,0,6.0.4,2023-09-28 01:55:15,,,6.0.4
da100f9c-3d6f-4dd0-b422-67f8a10b03cd,Mohana sundaram,https://play-lh.googleusercontent.com/a-/ALV-UjVahHCrnaoZ520LA3S32pcuEjYUW5eac1I_CMswy-uqSuSBQNXg,சூப்பர்,5,0,,2023-09-27 19:17:02,,,
dab51df0-47d9-418d-a7e4-fd90c1b8355c,Hohgfh Hfg,https://play-lh.googleusercontent.com/a/ACg8ocJx89dtzISuHG5TTsrOu8oNsc69RMKwd0EhlN8lJ4A08SG0Lw=mo,Good apps,5,0,6.0.4,2023-09-26 22:45:28,,,6.0.4
67d20974-6e5c-4899-b44f-eb1289403930,suhar bilah,https://play-lh.googleusercontent.com/a-/ALV-UjU8K44DJVqgniU2Kc8Ja-0jNNuCMZRkL2y0TJoI0JKIgHV7csMf,Kebanyakan drama error,1,0,6.0.4,2023-09-26 20:09:26,,,6.0.4
0d303306-64f6-464b-a5cb-709490da1815,khalaq proof bd,https://play-lh.googleusercontent.com/a-/ALV-UjVghrhFdwdDPdCvYNifWnwsZrCa7tnxpNIb8VAg4-igqTMZ8Hik,Good performance,5,0,6.0.4,2023-09-24 20:42:06,,,6.0.4
cd36bf44-02e4-4104-90be-0e2fbdf08653,"Dr.seshagirirao,Vandana -MBBS DHM DAc MAMS",https://play-lh.googleusercontent.com/a-/ALV-UjWE4iFsJM21kJsJpP4DCdYoIO4bAbX2M4W00E2hG3KyXpv1YM3V,Good,5,0,6.0.4,2023-09-24 18:29:07,,,6.0.4
00bdb0a7-f611-4cab-840c-dd8dbe019cb7,Charan Jeet Singh,https://play-lh.googleusercontent.com/a-/ALV-UjX1NG4gA8f1NNCI1mxCfLXEr13CZJNt2FjlTsWSSwd1HPG4JmiH,The logo is not in center but printing left side only,5,0,6.0.4,2023-09-23 22:23:34,Please send an email to know your query in complete details,2023-09-23 23:57:43,6.0.4
ed3a12d3-4029-4d90-a922-d2efa408501b,John Nwakanma,https://play-lh.googleusercontent.com/a/ACg8ocLO7hyzf2SeI16b_E6_yEh6kpokLpECbhoKevL8dvxz8FDclw=mo,"One more thing remains, to make words not to cut and continue on next line but for the entire word to enter next instead of cutting",4,0,6.0.4,2023-09-22 13:11:52,Please send an email to know your query in complete details,2023-09-22 14:06:12,6.0.4
4b44c3b5-d63a-48f8-b547-9e3b0d9e267b,ellur viswanath,https://play-lh.googleusercontent.com/a/ACg8ocI7bfqvj23Ynjo83LDuK6iRsFTEN98Lx2wG7ZRjzIwufeoC-A=mo,Superb,5,0,6.0.3,2023-09-18 16:58:24,,,6.0.3
aec31bf2-8bdd-4fb8-9cef-fb793baf3b19,Sagar Pradhan,https://play-lh.googleusercontent.com/a-/ALV-UjUJD-DBjTJ9rHTimRuDWStU-W_5_hgQ0fkL-ZEP2MhwKEvMpJZn4Q,Good,4,0,5.9.3,2023-09-18 13:19:07,,,5.9.3
99539e08-d777-417e-b7fa-a5ea2f8ad5db,Furahia,https://play-lh.googleusercontent.com/a/ACg8ocIV3FDe7WLEZHaVNIbwjD3TB4HcLbFsx4fhgeT8M4nRpLyR1A=mo,"Epic, I recommend",5,0,6.0.3,2023-09-13 18:47:30,,,6.0.3
8ab8e186-3037-4634-b7b0-579cd29e47b8,Sandeep Godbole,https://play-lh.googleusercontent.com/a-/ALV-UjWIrg5Qs4VWLqRL-fKg1PLIPfK2Tnz8WosGHxvplVQ9_v0HCBim,Good app.,5,0,6.0.3,2023-09-13 16:38:04,,,6.0.3
962b8609-27d8-455e-8e53-c51e9af6973a,julisar sule,https://play-lh.googleusercontent.com/a-/ALV-UjUreHJCP2sYg5WdYgWf2JOJ94iUdmiYxQDZnf7P9WObwYV8U7Q,"Please how to use the run time, text, amount, calculated amount sections. Later I will increase the star to 5 stars.",3,1,6.0.3,2023-09-10 16:25:35,You can go to Settings->Short Codes and tap on How to use?,2023-11-05 11:12:11,6.0.3
6c9389c8-9293-4daa-beb6-afa90a10beb7,Arshad Khan,https://play-lh.googleusercontent.com/a-/ALV-UjUeZVXBHUKrPNxxOu5kA75ihozXoRLBC9VNpPwqoeW5Tl-5CI4Q,Good,5,0,6.0.3,2023-09-09 20:45:55,,,6.0.3
4fd1e0da-b14f-495c-ae4c-0ac6771ea973,Waako Joe,https://play-lh.googleusercontent.com/a-/ALV-UjVY0fCHJMcKX3bDQR4_p-KarykfTeTSX2D_fKPp7pwqqt36CDld,It's the best so far,5,0,6.0.3,2023-09-09 09:04:34,,,6.0.3
7da76ef3-35d2-4192-8519-2ea79c87e00a,Saeid Riazi,https://play-lh.googleusercontent.com/a-/ALV-UjUTF59ePNhwlk2WttvzcRTjyKJK6PFzmLA-gID1WIYpJC-FO19h,It's scam,1,0,,2023-09-09 07:52:57,,,
f7d08802-be59-475e-9e82-d4646971bad0,Miiro David,https://play-lh.googleusercontent.com/a-/ALV-UjU2a_gIom4m7c_kq1_ct_7Sqe7QuTawqcyOwsmp5GTqm9Rk9bNo,This app is super good. To an extent that I removed the original Chinese App that is recommended to be used in my new Thermal Printer which was not responsive. I 100% recommend you to use this App. Many greetings from Uganda and Plastic Bottles House Homestay.,5,6,6.0.3,2023-09-07 03:15:22,,,6.0.3
9a5079f3-248c-496b-904f-d9360b680884,yotunge,https://play-lh.googleusercontent.com/a/ACg8ocJJSHrbSFR05mlEw-7mXH8A21FEJV9ri_I56NWt_YLBC5wp6w=mo,Very useful 👍 bravo,5,0,6.0.3,2023-09-07 00:17:17,,,6.0.3
7f10155c-be1b-49f7-a76e-0fcb3ac0d2b6,Chox Masotsa,https://play-lh.googleusercontent.com/a/ACg8ocLYGbU_C3HwbsxBedhlASRKwyoUGK3u8sm3UIpXbV2x4eA6Pg=mo,Good,5,0,6.0.3,2023-09-06 23:31:57,,,6.0.3
6c32e25b-d348-44f7-b439-c02e764bdedd,Joie Anjele Mae Taylo,https://play-lh.googleusercontent.com/a-/ALV-UjVyzFPqLmtAsqXsEtG2wIsDvGSs-cpg5BtAUUC1MuQdZJEDIT_a,Just a replace option when you select an entry instead of deleting and rearranging a new entry when the purpose of the action is to replace it,1,3,6.0.3,2023-09-06 18:34:54,Please send an email for your query in complete details,2023-09-06 18:36:24,6.0.3
582185ac-371c-47f4-a88e-0c71670c72f7,Kolor Ijo,https://play-lh.googleusercontent.com/a-/ALV-UjVzGDe_98tD2owsIBLlHZA2kiW3a_DkawiWhYmk9FrKLgamaRMM,Saya ganteng,5,0,,2023-09-05 22:38:48,,,
69d0e1e7-8c94-43fc-b534-284f6d0f3b31,ikhwan eko setiawan,https://play-lh.googleusercontent.com/a-/ALV-UjVcaLLJufBc02yzr5jcztGtNJ1l_Eh8r2ZVcSBem9YuWMtadsBz,Awesome.. it's really help me,5,0,6.0.3,2023-09-04 14:13:16,,,6.0.3
e05bf59e-6484-40d2-badb-a4d4c45a4feb,Ixan Aulia,https://play-lh.googleusercontent.com/a-/ALV-UjVEXQ2oMzi6rEIKm4RTtmh7b0tvHuC4y96J4e_uC6EfzIJHtTy9,Amazing,5,0,5.9.6,2023-09-02 14:26:58,,,5.9.6
424d1a9d-7032-4e78-9664-b187bf2c2bf1,Jack Farrand,https://play-lh.googleusercontent.com/a-/ALV-UjWc4TBGZd-VXiTn_mXOZBxuParYQ6YiRaLhWrQrfk1QFetVyvedYw,REMOVING ADS SHOULD NOT BE A SUBSCRIPTION,1,0,6.0.3,2023-09-01 00:24:21,,,6.0.3
65af944d-5526-4c62-98d4-df4d9d0e2228,asif ahmad,https://play-lh.googleusercontent.com/a/ACg8ocJ-k3_3YbndvBAOCCU3WDTVdrRMztYLjLZKowAgZNi5_QXyMg=mo,QR code cannot be centered in this app. Please provide me proper guidance. When ever I print my receipt QR code always prints to the left.,5,1,6.0.3,2023-08-31 16:31:53,Please send an email for your query,2023-08-31 17:53:34,6.0.3
b00cccf4-e764-4a2c-ad45-b9069699be0a,Henry Djiauw,https://play-lh.googleusercontent.com/a-/ALV-UjXES_to2WekzpJ2b57b9AHb7Tu05WsOyCbdwALh_CN6lcAQDBIB,Good before update After that the size becoming error,5,0,5.9.9,2023-08-31 13:06:18,,,5.9.9
97686f43-eba3-4de6-b8fd-648224b06321,Elius Morol1972,https://play-lh.googleusercontent.com/a-/ALV-UjWItDIvbb557k3vXg3NQDHi2lo_rgftziAAPzEwXqAZYdDYi3Id,Good jobs,4,0,,2023-08-31 05:16:31,,,
1bf9dd1b-d4b9-421e-aab2-afad6307a4fb,GASION TV,https://play-lh.googleusercontent.com/a-/ALV-UjWA1iXeP8t3wYdTv8OcKKeM3Yk90Amxjvau617HwmgtjQOLxMJ8,Good but doesn't print qr code,3,0,5.9.9,2023-08-23 19:47:23,Please send an email for your query,2023-08-23 21:41:05,5.9.9
0694cb52-12f8-43cd-b37c-c9bf48a2596b,Redmi Note,https://play-lh.googleusercontent.com/a/ACg8ocJ9T7E3uOK1jBg2AISCZKiYWwLhq8FiR1J_sHrD214PvwDbRA=mo,USB feature is dysfunctional.,1,1,5.9.9,2023-08-22 15:23:09,Please send an email for your query,2023-08-22 22:14:26,5.9.9
df9beb81-a4b6-4d1e-9642-320460d9c3ba,Debo Lindsey,https://play-lh.googleusercontent.com/a-/ALV-UjWFiVFDo6QT4hdSkju2FHsU92UpY2V_KRDBTcn4-0xAXVLLcVyO,"THEY ASK FOR YOUR CREDIT CARD INFO I GOT HACKED DO NOT USE THIS AP ,IF YOU GONNA CHARGE DONT SNEAK PAYMENTS IN THATS ALL I SEEN WAS FREE TO START UP THEN I SEE PAYMENTS BEING CHARGED AND MY FLAGSTAR FRAUD DEPARTMENT CALLED SO U CAN SAY WHAT U WANNA SAY ITS FALSE ADVERTISING AND A SCAM",1,0,,2023-08-21 16:20:04,App uses only Google payment gateway; hence app gets purchase status only from Google API which is far from getting any card info from users,2023-08-21 15:32:19,
189d5917-0f2b-4538-8d47-3f9ae4f2bdee,Jagdish H Bariya,https://play-lh.googleusercontent.com/a-/ALV-UjWqkfsWslXlle0g8MpykLJiHe4Haj4aPYqz54UPt3LiBvKoRBk,Very nice 🙏,5,0,5.9.9,2023-08-20 14:38:23,,,5.9.9
5db7ce12-3fc5-48d2-bedd-0222560b9bf6,Stella Williams,https://play-lh.googleusercontent.com/a/ACg8ocIOkl3dwq5SNK8HM9ocbFR2G1kmPjyWOm0PxszpSRlbx582dw=mo,Perfect 👌 but try and work on emoji too it will be lovely,5,0,5.9.9,2023-08-20 01:47:16,,,5.9.9
72f6819f-9457-45af-9b46-5e1fbb808486,Ian Michael L.A.,https://play-lh.googleusercontent.com/a/ACg8ocI676uDxDxuLsYAdrSccUFC8SsW04_xIruQkjkjpBo9C4ccbA=mo,Very helpful,5,0,5.9.9,2023-08-18 12:36:22,,,5.9.9
654c7d0d-b735-497f-a03c-5264ee83d679,Muchiu Shio,https://play-lh.googleusercontent.com/a-/ALV-UjVffVWSi3cFLmZK_D9f5Sn0_ESre23ecEHQt_jeoXcZ1YHjXyTI,One of the best app in Play Store for thermal printer,5,0,5.9.9,2023-08-16 23:16:55,,,5.9.9
8e78f6cf-527e-48b5-be9b-71bed0f09dfc,tne,https://play-lh.googleusercontent.com/a-/ALV-UjU1xR5_5EgK98h0oS7CVMOqjHVGRfnU41JG-a8cWY_91AR9oFQk,"Hello, I have download your application but i don't know how to print a receipt imbedded with QR Code, please can you assist. regard, primu",5,1,5.9.9,2023-08-14 22:09:40,,,5.9.9
46af1b00-b82e-4935-99d9-aa3333359b8f,EUNICE RAYNE LUGENA,https://play-lh.googleusercontent.com/a/ACg8ocL7xSq30hicNZwfniijzK1G2PvXGpmdqvdioHTn7KTGE76reqpb=mo,Ang ganda gamitin perfect di gaya sa dati kong app God Bless Best app,5,0,5.9.9,2023-08-13 10:07:01,,,5.9.9
c7e6448a-ad35-4dbf-be12-35793e2c3bc5,Angela Horn,https://play-lh.googleusercontent.com/a-/ALV-UjXJ983NTr1PyxOYauVm-7emULE9nQqwNLyI_ejYhEgCsrrMYPw,Bought a mini heat printer from Temu but the app it wants you to download doesn't work. Downloaded this app and it works great! Thanks for making a universal app that I can actually understand and utilize!,5,9,5.9.9,2023-08-13 02:13:02,,,5.9.9
478b3737-8a5c-42dd-98ea-f96991819743,Suhail Hassan,https://play-lh.googleusercontent.com/a-/ALV-UjXYPf0Iqp5XGGHU7fvhngTHTE5rpE-KDl6lfx6pe5z5o8viyGWp,"Sorry to say after updating the app I am facing a lot of issues,Hindi font size can't Working before update I love this app.",1,2,5.9.7,2023-08-12 13:11:56,"Hindi text works in text special entry. If you have set auto convert to text special, you can enter Hindi text normally and it will get auto converted to text special",2023-11-19 10:45:25,5.9.7
376675bf-a768-4278-bf4e-96261a9d0625,Online Badshah,https://play-lh.googleusercontent.com/a-/ALV-UjWG-RGEuTxFJE8SOC-hTcUTgFQhWDNLOqAKKUZ4nF3zg0m5s0PV9g,Great app solve my very big problem,5,0,5.9.9,2023-08-11 04:01:49,,,5.9.9
1765bfb0-4d23-442e-b777-15758b92abbe,ASENJO CESAR,https://play-lh.googleusercontent.com/a-/ALV-UjVMthAAet3FXx91z6g0jCp0KlmWuLhxU3Pl16KqbLLY6Db8Oqc,Good and useful..,5,0,5.9.9,2023-08-08 08:49:29,,,5.9.9
4aa7df53-63e8-4091-9ae4-a83a99597f2f,Dedi Herwandi,https://play-lh.googleusercontent.com/a-/ALV-UjW3kQ9YPqAqR3-BA8wJaqOUR5SFAVaBe6YEfcG68ULtQuCBNMJ4,Nice app,4,0,5.9.9,2023-08-07 16:48:10,,,5.9.9
03627310-dd41-46bb-854d-1c3c1f311d10,Felix Mbanekwu,https://play-lh.googleusercontent.com/a-/ALV-UjV4GIxnom7chYitq-3KRCarSSXAP4XzsKj2nYpxnZMqqr6R6NLQ,So lovely,5,0,5.9.7,2023-08-05 14:57:47,,,5.9.7
0eb2b25b-c961-4a9d-bd23-f74709a15a6c,Roald Van Leersum,https://play-lh.googleusercontent.com/a-/ALV-UjUOfAV8o6KsGzH4TRULTh16T6Ey-r4p86NWS5ENkM0yfhQzgtfS,Good App,5,0,5.9.9,2023-08-04 23:32:37,,,5.9.9
40b3f0ce-9583-4b4d-86eb-37d638efeeb3,Alfian Aji,https://play-lh.googleusercontent.com/a/ACg8ocLMy-1vw5j3mpT3bwUulFHFDnOxjrLvxaYni8EFlslVXDL70Q=mo,Work,5,0,5.9.9,2023-08-03 21:02:27,,,5.9.9
1d9b5dff-3eaa-420a-be8a-fe69284bc8bb,Ahimbisibwe Talent,https://play-lh.googleusercontent.com/a/ACg8ocKyzapGiGxyrYQ_R4VCJH5ngUSQJKwi6gHwtdW65ZEa1UemtQ=mo,So grateful,5,0,5.9.6,2023-08-03 09:13:02,,,5.9.6
d088a562-a3e8-45d6-a8b2-c560dc7245aa,Nnaemeka Uhuegbulem,https://play-lh.googleusercontent.com/a-/ALV-UjUkbf7LSqbbPQsfBvHtt4VDkY-t5OMvAE1vG5mVOwAI4bz4Ypdb,Great app. Though it needs more flexibility.,4,1,5.9.9,2023-08-01 21:24:06,,,5.9.9
a7e58af4-b7ef-4f9a-b80b-cb3da8a3b0f6,IMRAN HOSSEN,https://play-lh.googleusercontent.com/a-/ALV-UjU8mEQ5yK-bPLvCaJTfI8mSWjcdnDaMnpLWPUnrbAWyKSGZtF4,Very good,5,0,5.9.9,2023-08-01 20:07:00,,,5.9.9
bd2d0251-455f-4bb8-ba62-cfe7106def8f,Fixonet IT Solution,https://play-lh.googleusercontent.com/a-/ALV-UjU2UxGrS3F_st5k3b5wZ1hxNUKW4BVkkfpqYh8plswh-av-LbA,Very good and satisfied,5,0,5.9.9,2023-07-31 12:01:32,,,5.9.9
7dfa6a63-d193-44f5-b8e2-51189400a46c,Wedok Sithok,https://play-lh.googleusercontent.com/a/ACg8ocJcuVroYeN0pxyUmzU_2duUIyM6kRB8YoYPtW_8N9jTVnJ53A=mo,The best app for bluetooth printer.it is so simple and i live i can edit the way as i want,5,0,,2023-07-31 11:09:12,,,
50ec1ac7-70e8-4f75-be9a-7c4705d8f324,Hurr Autism,https://play-lh.googleusercontent.com/a/ACg8ocK7PsF7fvztd6h-ayEPQlw_h7EMDu3RYmxTl_niGjO13CucyQ=mo,"To view this review, you must watch the following full screen ad: (ad)",1,0,,2023-07-28 21:55:41,,,
40e5c0b2-de51-4882-afae-253fb1f447bd,Choco Deluxe,https://play-lh.googleusercontent.com/a-/ALV-UjWYkAt7ZASiCrpZwQs2aV59JhDPkQniVG5fPbv9-DKukSikErWKcw,I bought a mini heat printer and the app they suggested didn't work.... this one works perfectly. So happy,5,2,5.9.9,2023-07-28 01:50:14,,,5.9.9
5ad5742e-47ec-4057-8d7b-4912fa43ea08,Obimdinachukwu Umenduka,https://play-lh.googleusercontent.com/a/ACg8ocIY0vbYEy_UCpvBIaQBQDKVUA4BfMAJaI6goaBavR8ZwBxqoQ=mo,"I love the app, it's very easy to use and works effectively.",5,1,5.9.9,2023-07-26 16:47:01,,,5.9.9
7196b753-5456-4772-8caf-5651df9c5295,Fahamid Shahriar,https://play-lh.googleusercontent.com/a/ACg8ocIV8ao9bG8zgoVt1o7Vq7IwOTYt0_6CIt5WZ77uq396xV0j5UA=mo,Alhamdullilah,5,0,5.9.9,2023-07-26 00:45:58,,,5.9.9
6a39a073-756a-407c-bb1c-329ad7071355,Pands Member Card,https://play-lh.googleusercontent.com/a-/ALV-UjUXjyuB7CU5HQZhzL2RM3zMebxn9yoHI-oU19pqNAja0HO3YIM,Mudah digunakan tp belem nemu print landscape,5,0,5.9.6,2023-07-16 16:10:38,,,5.9.6
540aae9e-1149-46d7-a4d8-4ada61f339a3,Ameerah Mudhoo,https://play-lh.googleusercontent.com/a/ACg8ocJUic2gRjyQKb2WaA8_DFVkvbK7iH8XAKgGKDtlEj6jt3yZPg=mo,Works brilliant with the mini portable printer,5,0,5.9.6,2023-07-15 13:37:19,,,5.9.6
6b859472-ef07-4ce4-a3cc-928721e97d40,MYLA CINCO,https://play-lh.googleusercontent.com/a/ACg8ocIAv73Hve7Q_gw4tDlfJ9gu1cOgf1KeZ3iYOP1gXlzDCHCeKg=mo,Takes a lot of going back and forth it gets confusing but it works,4,0,5.9.6,2023-07-13 20:58:35,,,5.9.6
7f5e32ab-760e-4967-8523-fe3d472ed35a,pavankumar patil,https://play-lh.googleusercontent.com/a/ACg8ocKcTx05NTMXdV0tw6VRX7w_Gmu_HNK0I9Xh-bP5BuUuGkxzP30=mo,very good app,5,0,,2023-07-12 13:55:17,,,
68eb497c-c343-45fe-9986-02ead3312d06,MIGUEL ANGEL RODRIGUEZ MARTINEZ,https://play-lh.googleusercontent.com/a-/ALV-UjV1Uvt0cLc22wVE1wf-hOKuoYnjv1ySKG_UcLlvUwYM3dhGYFw,Muy util,5,0,5.9.6,2023-07-11 20:46:58,,,5.9.6
85296709-5749-476d-b491-cb70d27dca4a,Datsu Kometsi,https://play-lh.googleusercontent.com/a-/ALV-UjWlcwGs2kF_dwzkzY8iyPHTGsjcREE4xU_89XE2ws4QKUpF8o4,"Can you please guys,let this app enable us to change font size...",5,1,5.9.6,2023-07-08 01:58:40,Please send an email for your query,2023-07-08 07:00:04,5.9.6
79502014-2059-47e6-972d-f9475fe6c4a7,sher ali,https://play-lh.googleusercontent.com/a-/ALV-UjXoP7o_Dp1cyt4cQe-7rdIfAQ0ZlLqgy9Al3BbrK_SXJWnDiX4,Good,5,0,5.9.3,2023-07-04 14:04:32,,,5.9.3
f38db15a-b2c1-4e5a-bdab-14d76cf6462d,Hameed Khan,https://play-lh.googleusercontent.com/a/ACg8ocKR9lYU5dwl6lZHvNWXTMOO9d1zBmc5sfvDFRMJjdiZ4vTTIw=mo,This app does not count the total number of print or day by day since last day what's problem?,5,0,5.9.3,2023-07-03 16:23:39,,,5.9.3
55ac94d5-a67f-4a71-af6a-4c60d5df53f4,DJ Jhaki,https://play-lh.googleusercontent.com/a-/ALV-UjUbb8WtH9HJMQwUOWpOutT0oHmOomT9Cjw2FtKUtct6fnF-MaZO,Easy to use,5,0,5.9.5,2023-07-02 15:34:03,,,5.9.5
495d726b-a189-4eba-abfb-96440a70244a,Dina Wulandari,https://play-lh.googleusercontent.com/a/ACg8ocK9sKJZ8x1pfgareoBLHSHLCrImXMfRHIMlK8KbIbAlyINmnQ=mo,"Nice, easy to use. Thank you",5,0,5.9.3,2023-07-02 05:08:40,,,5.9.3
270ce215-6ae4-4540-b6ee-8c5b7dd22819,Roberto Dalauta,https://play-lh.googleusercontent.com/a/ACg8ocILtQQPyyO55A3r2Zl7DNmepjBKO2FM2RgdJhZQz8vih8oK-g=mo,Nagawa ko ang gusto ko sa apps na to,5,0,5.9.4,2023-06-30 17:42:58,,,5.9.4
05b28f9b-850f-48bf-a0dd-7e2f24aba8f4,Josef. C,https://play-lh.googleusercontent.com/a-/ALV-UjV9eZDRrboTTAZqqDRXWPx8edpzyjN7cEylsqrgXs5wHjOsdKI5,Very convenient and easy to use 👌,5,0,5.9.4,2023-06-29 16:14:52,,,5.9.4
60169089-4fc3-4fda-bec1-4e2a8fe1827c,Anastasia Enohoghene,https://play-lh.googleusercontent.com/a-/ALV-UjWPf2gAGyYIyX5KKag9zE19g5Kl7mKuoOEQ0NMoI5dKAGGHtuI,Great printing app,5,0,5.9.4,2023-06-28 20:10:13,,,5.9.4
74139410-c47b-4f2b-876a-02d66777df93,sunardi ari,https://play-lh.googleusercontent.com/a-/ALV-UjWol3mtxm9lniI3cGacoRwf_Q07wmGJzbWYwnxiZ71RekOjaY0,Oke,5,0,5.9.4,2023-06-25 09:32:26,,,5.9.4
85d14789-ed31-4f80-9ebe-150047e53f43,Kirt Granderson,https://play-lh.googleusercontent.com/a-/ALV-UjU9glY5IJq1u8CtBl0GQIPG1XhOxnq-b9zuVQWuI7YVFilMPo3h,"This app is wonderful,, I use it to organize my small business and is in order and easy to use.",5,0,5.9.4,2023-06-15 23:35:32,,,5.9.4
64f33172-d841-4cb6-962b-bb3442d8e137,A SUPRIYADI,https://play-lh.googleusercontent.com/a-/ALV-UjWTL1n_YAKBXiqT5YVp4nPuyYKwCUSNbW74pd3dqtzfMg-gpv7_,Memudahkan dalam bisnis financial 👍,5,0,5.9.3,2023-06-15 07:31:41,,,5.9.3
6aeaf537-cd1a-434d-aa9c-1fc3f6a0cb5c,jezzy justice tshilambwana,https://play-lh.googleusercontent.com/a-/ALV-UjUP-hE4af7y7GpT95BJZS355BhsfZcySF5Dl7U14uL_Ef_i-2W6,Fabulously,5,0,,2023-06-11 18:21:40,,,
4409218d-b429-4f6a-bc5c-8538d034539a,Karel Bellic,https://play-lh.googleusercontent.com/a/ACg8ocKveO7P35-eROYYbqo2thTwdAFcjr0xHkuFX2Lf-jZoZCqnBw=mo,"Haven't used this in over a year. But when I came back to it, it was as easy to use, as the very 1st time. Brilliant bit of kit. Thank you guys.",5,0,,2023-06-11 05:45:23,,,
53159a66-277c-45f4-8b15-02480948546f,Rangga Satria,https://play-lh.googleusercontent.com/a/ACg8ocKazrhmULJ3wjSxHNGEMPxDmcZyio9uiLiXUn619Y8KsUJ-UQ=mo,"cara menghapus template yang sudah dipakai bagaimana,terus mau pas posisi : titik 2 bagaimana",1,0,,2023-06-10 12:09:41,"You will see three dots besides on top right corner in template screen, tap on it and select delete option to delete that template",2023-06-10 13:06:08,
899722fe-49cb-4395-b623-5111f71ebbe1,Hamidatul Fathiah,https://play-lh.googleusercontent.com/a-/ALV-UjV3snP8Z7O8O8DPu8VpkBk5CdpgvaT6Wxi3s6PNdi8odlDJz_A,THE BEST,5,0,5.9.4,2023-06-09 19:46:33,,,5.9.4
cd6c5293-2916-4d85-9df9-000562433420,Mobility Prime,https://play-lh.googleusercontent.com/a/ACg8ocLg4csGKRLO_cbfqelCnYP3YEVx_rOGXIiG9OX2uBE1IaRVzg=mo,Good.....,5,0,5.9.4,2023-06-09 06:20:22,,,5.9.4
dacfa28f-307d-46e3-9261-c39051ae2463,punjani Grup,https://play-lh.googleusercontent.com/a/ACg8ocL5l7sBzYKAOXcLhNWTYD9wuR6U03FmUNWSQb1QIzLNYEY4Bw=mo,Ok,5,0,5.9.4,2023-06-07 11:56:17,,,5.9.4
eb7d2f6c-8ad5-4a2c-bfd7-b251626e4496,Abdalrhman Salami,https://play-lh.googleusercontent.com/a/ACg8ocKeqeJ15_oXDSyL_nE3ALpjnK6CMWR6WBSMNSOR8KYh4SDIQw=mo,تطبيق راااااائع ولكم جزيل الشكر,5,0,5.9.4,2023-06-06 20:31:23,,,5.9.4
40aba0be-3951-4fc0-81cb-72e162ef9fae,Amit Agrawal,https://play-lh.googleusercontent.com/a-/ALV-UjW0KwvxNvliqjvZrCnMj2YjlMvhUXI5x_DZp15td2OFkR_59QW-,Really a wonderful app.,4,0,,2023-06-06 15:42:54,,,
6f263fbc-4311-4e37-89b5-167fbb129229,Dx CL,https://play-lh.googleusercontent.com/a/ACg8ocKtiQda_MGqnkCAZJbIXeHUFf526h10N59Z_2P5K4fhZxPmHg=mo,Crop and Process Crash.bugs.,3,0,5.9.4,2023-06-03 09:05:39,,,5.9.4
9c771868-daeb-45b5-ba31-651ec59894d9,Sameer Pichen,https://play-lh.googleusercontent.com/a-/ALV-UjXFVLjmjCp3gL8GGtnA_4kvUpK23Xg8AOPCIMaPkxRiH2LwhNCU,Super,5,0,5.9.4,2023-06-02 10:47:03,,,5.9.4
7a1a123e-b4ae-42d0-817b-7df227498d00,Sahajahan Ali Mondal,https://play-lh.googleusercontent.com/a-/ALV-UjUUdl15yk1UIYw659RPTnDKqt4gcwJYlSpjMhDk_y_vQ2gZ4ipr,Very good app,5,0,5.9.2,2023-06-02 09:04:32,,,5.9.2
2781c446-7e1a-47cc-b2ca-e3dd5d13100d,Muhamad Iqbal Nurfachrizal,https://play-lh.googleusercontent.com/a-/ALV-UjW5NFX7Ln2sUFvrKRDAWhWQXnP__ewNsA49jaeeOeKN9OwLkwWj,Mantab,5,0,5.9.4,2023-06-01 14:43:22,,,5.9.4
319dc0bc-25b2-4d54-861a-469d6809d716,JB Reload Pulsa,https://play-lh.googleusercontent.com/a-/ALV-UjUZf5qUavE3wSlqZNqk_UZu_h0t7BXlPPuhZEvxlu28BjH7LMou,"Bagus hasil , selalu tersambung 👍👍👍",5,0,5.9.2,2023-06-01 14:20:07,,,5.9.2
0cca52c4-ed31-400c-9aa3-86f34897999a,Lee Man Ken,https://play-lh.googleusercontent.com/a-/ALV-UjVw1RFLsYeKtXO8YQmo-0KFwsbOXVMGnuJbJg-y_ukA6q_jFHMEFA,"Just works, good job and thank you",5,0,5.9.3,2023-05-30 17:20:21,,,5.9.3
47872b8d-64ed-4bd7-b500-4b5a0eba9f3a,CHARMAINE ESGUERRA,https://play-lh.googleusercontent.com/a-/ALV-UjXtJwc_Ci33rdo13qXJsqr6aSCnKrhfQp180oJyjtEZNlhcjiHHOg,Easy to use very convenient.,5,0,5.9.3,2023-05-29 04:54:29,,,5.9.3
7eee832d-b91c-4bc0-941b-010261301934,Lorna Smellie,https://play-lh.googleusercontent.com/a/ACg8ocK9SrNSIYTXFaArKFHDbYIcyUB6mvh8ut398KdPaMbmaJCu_g=mo,Not doing good right now,5,0,5.9.3,2023-05-27 07:43:26,,,5.9.3
8b805a99-ff02-4bd3-830c-842a77fa464d,Dead Jxhn,https://play-lh.googleusercontent.com/a/ACg8ocIVWTzikaHlVTacrLrZ_g22CPCRT7pVgLPv1AYuTM8L2IKo8Q=mo,"You yous are th best, iv been searching endlessly for an easy to use app to print receipts. All the others either dont work or takes too long/complicatd. Thanks to your codes aswell i am able to set the amount sold and price of my product to give a quick receipt even with automatic date and time print!",5,14,5.9.3,2023-05-26 02:23:40,,,5.9.3
1bfb0bae-eedf-4f75-a6d0-8e5a61c184d8,Qcon GmbH,https://play-lh.googleusercontent.com/a/ACg8ocIXAqwd58MfnxuZE-NEDCjDlkFhskkrCYQ3tcf-nKFpswGEQQ=mo,Gut,5,0,5.9.3,2023-05-25 15:41:00,,,5.9.3
24157b2d-b0cc-4a8b-96ee-74594721bf5b,Nick Danzinger (Zingy),https://play-lh.googleusercontent.com/a-/ALV-UjW1JWEjxLvFc7peW4X5RIZFQkc1Xd9eqDirn6sKVMFoITyHm51xdQ,Exactly what I wanted! I got a $20 bluetooth receipt printer and some thermal sticker labels and now I have a tiny labelmaker that I can use with my phone anywhere I go. Absolute game changer!,5,3,5.9.3,2023-05-24 05:45:18,,,5.9.3
f33a7347-cae5-4faa-a49a-9f4a06f94c27,Ujang Muhammad Ihwan,https://play-lh.googleusercontent.com/a-/ALV-UjUFfoC4WTtKAOZd1lGghMvreec7XBulAzR4B3WkP07ESaa1vvnrsQ,Okay,5,0,5.9.3,2023-05-21 20:03:18,,,5.9.3
408fdb96-2304-40f1-b72c-a3f76cf99a58,Shipon Mridha,https://play-lh.googleusercontent.com/a-/ALV-UjVZIf-tIHVC2ou92LNMXa6547Phyi1lkEWKvS4knZt34gMYO-JF,Good,5,0,5.9.3,2023-05-20 21:14:06,,,5.9.3
17c6c753-1b8d-47ce-9edd-b23486778313,Karishna Kari,https://play-lh.googleusercontent.com/a-/ALV-UjUNxMsubbma0wYaGly_JnDDCGfXM2TtoFkTt-Hbciq-lwkfAU2W,Good app,5,0,5.9.3,2023-05-20 19:34:14,,,5.9.3
7a38348d-de1c-4c3b-91c5-424ecb5e1533,Rosyidi Fitroh W.,https://play-lh.googleusercontent.com/a-/ALV-UjXKBOvsJC7wasxukfI5L0RdTUh0BNQYz6Nca8qgvn7JXZ5dMT-zgg,Andalan,5,0,5.9.3,2023-05-19 20:03:31,,,5.9.3
05b70aa6-903e-47f2-a928-499330a58299,Samsul Arifin,https://play-lh.googleusercontent.com/a-/ALV-UjWRD916iyuD5bS3O-dtWEtB2XiIpTVOH8FsNPSINQ0GThynPHhj,Aplikasi sangat membantu,5,0,5.9.3,2023-05-16 20:39:29,,,5.9.3
04da304f-f6d4-47b7-a8cf-21a42515e17f,Ani Chiedozie Ezekiel,https://play-lh.googleusercontent.com/a/ACg8ocJeUJ9MbKW55qujT5o6UT3VXY7H4VkV-DPeDDw7BingdtwSTQ=mo,"The app has been working fine, until the recent update. Currently, when the app is downloaded, on the PDF area, after selecting a document then to text, it will scatter all the files. Please arrange it very well make it the way it was before. I Market your app to so many users and many are waiting to download the app now but I asked them to wait until the error has been fixed. Thank you as you act fast",1,30,5.9.3,2023-05-14 18:07:41,"Please install the latest app version and rate the app accordingly. If you are still facing the issue, contact using support email",2023-10-19 17:08:39,5.9.3
a5359b45-4c4f-4bb8-9998-9f7860edffb9,Shahid Maroof,https://play-lh.googleusercontent.com/a/ACg8ocJlrvbxwIWIj0k78NToB5xRcEHUVHJhzlYrdKKDm1cky6edIA=mo,Perfect,5,0,5.9.3,2023-05-14 05:40:41,,,5.9.3
40c90bef-5193-4241-afa7-9a1902943c86,Michael HMaganga,https://play-lh.googleusercontent.com/a-/ALV-UjWNSpwlTDAqCzO1N9LjxvJr3zFZALqzpIKLI6s0QGMIah11R_Nv,Yes I love it,4,0,5.9.3,2023-05-14 02:12:26,,,5.9.3
0a36338e-b7e8-4942-ae09-8f27484e1fb0,Amanda Lindsay,https://play-lh.googleusercontent.com/a-/ALV-UjUT_7cRxxpOnLt8f9q9vsQ97mNC0T3RnfmrdO3WdIqYxk6cvMYR,Works well.,5,0,,2023-05-11 00:31:32,,,
d0d01622-c874-4b3a-aee6-205d83876fee,Zahangir Alom,https://play-lh.googleusercontent.com/a-/ALV-UjX-uxGHHL7_QXKXsSr3zDi5AU2drVYSznMkpm7P3zK2zfX8iawt,good aps,5,0,5.9.3,2023-05-10 15:43:06,,,5.9.3
035e18ef-373e-4346-a73a-b0b3fbcc4647,RVK Chaitanya,https://play-lh.googleusercontent.com/a-/ALV-UjVtM_mrLH-B-eWEfrx-r9uiGi93ea5gPE9QenBctqXfkqOwjNST,Simply superb,5,0,5.9.2,2023-05-06 20:27:22,,,5.9.2
29f529ef-b967-4225-8adb-488ecd9a335e,Qamar ali,https://play-lh.googleusercontent.com/a-/ALV-UjUf0nHSgLy7HgOAdSbljoj5yFXViLbjQBjLGSrS2BACX35FwHL28w,Amazing app,5,0,5.9.2,2023-05-06 20:21:09,,,5.9.2
5957bd1e-9167-4ce4-b79f-ce27c62a7234,Avi Dwi,https://play-lh.googleusercontent.com/a/ACg8ocKSEqX71H0r8oGlu6sYu-u8Ut66qx_AyBAeRKdUGI0AiuKmlw=mo,Satisfying 😁,5,0,5.9.2,2023-05-02 07:04:32,,,5.9.2
2b2fb6a0-af36-4cc5-9d17-5174c52cf5a5,Ivy Mariefel Sinang,https://play-lh.googleusercontent.com/a-/ALV-UjX9suDPjO-_r2AdBfoAlfPSbCLimLcZP9VYWn--uk3bm9r32x6E,It really good works on anything pictures and text but the only problem is I cant use it without wifi.,5,2,5.9.2,2023-05-01 23:28:08,,,5.9.2
332a1cce-6339-42e3-b2ca-dd43cb23c233,michael kyle,https://play-lh.googleusercontent.com/a/ACg8ocJo98tTgVSI7u-EHRDNywxE8U2oZ84BLCfk8iwkgh9cBMMUYg=mo,👍 okay,5,0,5.9.2,2023-05-01 12:52:32,,,5.9.2
ba7ab33a-2a10-44ba-a830-a11e8b0f152a,Lah's,https://play-lh.googleusercontent.com/a-/ALV-UjWp_VLQ9g9sHmNyo6611d-iAatfW5cyMturjJlfaNrnw-63Jp8x,dont know,1,0,5.9.2,2023-04-29 11:42:16,,,5.9.2
2c0e7b37-6a09-4dfe-8860-5fe3871abba9,Edward Keronye,https://play-lh.googleusercontent.com/a-/ALV-UjVWH1d-5q9fKKy-vpX8by5lySPfv-HiB5LI5c0YGxkvMyg-wNOBpQ,cool nice app it was useful,5,0,5.9.2,2023-04-28 22:45:59,,,5.9.2
ab2baada-3a1b-40fb-b52c-6669ea02ab5d,Yaseer P K,https://play-lh.googleusercontent.com/a-/ALV-UjUAEtxwGuHtUDJV31h5o5z918IeJTTqvWsSrp1pCzNDwEQsmORnVA,Excellent App... Thanks,5,0,5.9.2,2023-04-28 22:04:44,,,5.9.2
f0948d68-481f-494f-89e6-52e10a39057c,manmohan mahapatra,https://play-lh.googleusercontent.com/a/ACg8ocLCQZ7S3HPDMLQsiC0OWs9xqGg89h9TITZYgD1uCYnJ9RMguw=mo,Good app please enjoy this...,5,0,,2023-04-28 20:55:06,,,
bce71bda-dec2-4307-b64a-8a8c57e3d762,T Marak,https://play-lh.googleusercontent.com/a-/ALV-UjUTKkLxBzqrieTi4AW2iXiOtF1fQwiQgJ6blI0DkPDzTCbFmbPa,A nice decent app.,3,0,5.9.2,2023-04-28 16:29:58,,,5.9.2
36447ee7-910d-4256-8fd7-54046b3e3812,Ferdy Ch,https://play-lh.googleusercontent.com/a/ACg8ocLCsNpc47z9Ry2FruQZxPaYQp---tj8nQ2kRLteIPqAU8mZ1w=mo,"very good app, please add support for wifi thermal printer in next update, thank you..:)",5,0,5.9.2,2023-04-23 12:32:25,,,5.9.2
ff951b82-3327-4fd1-b051-b664757dd6dc,Nanaji Bonagiri,https://play-lh.googleusercontent.com/a-/ALV-UjVp_q30ehdubggFjBeueY4eWbRUqjlP_V6_FW9sLUF0AtmmaQmb,Good,5,0,5.9.2,2023-04-20 22:10:52,,,5.9.2
3605d614-665e-48df-89d9-2d749dabcbe6,Iresh Madusanka Senarathna,https://play-lh.googleusercontent.com/a-/ALV-UjWYg8GAuB_Ew2RUH7NWopgpl-ky4FeCEv3Y_iJbVa-Ni72bPskw,Super,5,0,5.9.2,2023-04-18 21:48:14,,,5.9.2
93ba4e2e-e51e-4472-a85f-9c5618cab0b8,santosh mayekar,https://play-lh.googleusercontent.com/a-/ALV-UjW_SLZuVn1rv5hDMwUc830IkMBF37oaGqtNhrkqkVNmtkXFMVdS,Nicly working,4,0,5.9.2,2023-04-18 18:21:02,,,5.9.2
554b10bf-4c8f-4bd2-a201-a48045e37bee,Enunwa Tochukwu,https://play-lh.googleusercontent.com/a-/ALV-UjVKTIVh4KhS9SUJ2xeR0FlsNICj588NbEm_ul4Qx0plWaNCVA,Is very good and nice,5,0,5.8,2023-04-17 19:04:07,,,5.8
a637954d-5099-4fee-9d85-169c9b04b866,Parow Portuguese Congregation,https://play-lh.googleusercontent.com/a/ACg8ocLJlmyLiJ-obIGo1u3D2s1R-RQo9WVgJHj8ELd8Z1P5K7rsRg=mo,Excellent app,5,0,5.9,2023-04-17 12:23:51,,,5.9
cf087379-4e3a-40ad-b45e-8b01a4a4f8f0,bawono hari,https://play-lh.googleusercontent.com/a-/ALV-UjXGGM8B8pxTPWKapDg4gi7oQ4TjCX9A6TRQw2hyVj9aQBnzywx2Yw,Enak simpel,5,0,5.9.2,2023-04-17 09:51:34,,,5.9.2
e16db30c-61c3-4094-9716-999a7dbf1995,Sweey Ferre,https://play-lh.googleusercontent.com/a/ACg8ocKy3WNPG1iIZVU9GMi__bgqXfFhTVn1ybnrdCSAEJ5x8-BJoQ=mo,"Nice app,Like it and very easy to use..",5,0,5.9.2,2023-04-17 08:44:04,,,5.9.2
d7832c09-fac4-43ef-bf21-0d3ba69e6db1,MOHAMED SESAY,https://play-lh.googleusercontent.com/a-/ALV-UjWToKEqIdde-6YqN27OgYlzRlJ3U_zBXezo3deNCh-QDy0lOWI,mohsmed sesay,5,0,,2023-04-13 12:54:30,,,
21b08789-9d74-4993-9644-83aa255c53e2,knowlessquad,https://play-lh.googleusercontent.com/a-/ALV-UjUrQ0tEZwxUZdPwpmn1EYweCu2bNuD3-U0Eag_mhZzO1iiRWlG1,Is there anyway u can choose & print per entry only? Its just that u have to delete everything all the time coz if not it will print everything all the time,1,8,5.9.2,2023-04-11 09:41:33,,,5.9.2
755ae2f3-441d-407f-9285-5e00b2fcb389,Mandal Telecom,https://play-lh.googleusercontent.com/a/ACg8ocKjPCIazqJP0rfdyKtQjd2PcAUW0NxuzIzWFbMxGbXccfW0XA=mo,Improve pdf to text,1,0,,2023-04-08 07:54:26,,,
13f73dcb-16b8-41f2-b615-0303df8697ad,Abul Hussain,https://play-lh.googleusercontent.com/a/ACg8ocJPjoYiX-_uAGcUJ5T5gTzn4mfNurCtffcFGYgxNvNqNO70sQ=mo,Abulhussan,4,0,,2023-04-07 00:51:58,,,
63acd4d7-c975-41ca-91b2-4f1d28a0a545,Cody25,https://play-lh.googleusercontent.com/a-/ALV-UjV7nKBtEpOcDVjEwo2bbQKSB1-Yi-JP_aiM_mH9xLGaf_sowFMK,I only have 1 Fonts. I don't know what happened. it just disappeared,3,0,5.9.2,2023-04-06 10:40:13,Please send an email for your query,2023-04-06 10:44:46,5.9.2
954a72b0-90f2-489a-b5d6-49994d8c3ef8,Anees AL,https://play-lh.googleusercontent.com/a-/ALV-UjUFuhD80h84dOOuMRk3RdGJOSspFoVsmAncX2g5nOktoxskiMg3,Very Nice App.,5,0,5.9.2,2023-04-06 07:25:09,,,5.9.2
4fe13b99-60fc-445c-8170-8aabb5287f32,Hafij Sardar,https://play-lh.googleusercontent.com/a/ACg8ocLcki0SJN_NgclACfjhcNZFkyJdpFjSGIT_RAnNJR1BXe565g=mo,Nice apps,5,0,5.9,2023-04-05 17:13:10,,,5.9
918f807c-b3a5-4633-bc01-37d437dc531b,sudaryono -,https://play-lh.googleusercontent.com/a/ACg8ocKOIUL4h-AW3vPnq85BW4zxdofqL_q9EEeacmp_IBeKzSp0-48=mo,"Thanks a lot for fast respon and, Now, the application work properly.",5,0,5.9.2,2023-04-05 12:30:22,"Please install the latest version and rate the app accordingly
Edit: Thanks for your valuable feedback",2023-04-05 12:35:43,5.9.2
b27452fa-56cc-4b10-bc92-5b1c822f56cf,Feby Loardi,https://play-lh.googleusercontent.com/a-/ALV-UjU8N4rH0k1dWkNkDfq1RiUBQQwb2-XX-ka6UEF5iAwC-GaV88K9,helping me for printing pic,5,0,5.9.1,2023-04-05 09:26:06,,,5.9.1
78abf82f-d315-404e-93dd-0f62cc4235db,Leybe Rotuhoy,https://play-lh.googleusercontent.com/a/ACg8ocKXXBqNvUYGmRlGlqr_1s59iVCJ0bLxXNLVCXsIUU8d5PP04A=mo,Idontknowhowtouse,1,0,5.9.2,2023-04-04 10:04:37,You need to create a template with several entries and print on thermal printer. You may also share a receipt to print,2023-04-04 10:06:49,5.9.2
efc97b42-123f-47d8-823e-812ae4fbc7e8,ehab abd almaksoud,https://play-lh.googleusercontent.com/a-/ALV-UjU9qNFuHB2J8Pblhxp-MfePzSUc7AqumpDq5GD84gc13OUn8p5d,Good,5,0,5.9.2,2023-04-04 06:51:11,,,5.9.2
fce1d936-f0b8-4a06-88e2-fd5cb46cd0f4,Storytelツ,https://play-lh.googleusercontent.com/a-/ALV-UjV-srisiuRcAizbE_k1e3bWvOfxioJS6pOnYqhNruMvJBS_ma8uXQ,"Good experience, I'm using last 2year",4,0,5.9.1,2023-04-03 08:33:47,,,5.9.1
d70e77b7-1f0e-423a-be42-4272f3e0d8d0,Thomas Nicolis,https://play-lh.googleusercontent.com/a-/ALV-UjUL5RuQYI_4E4YlL8OJCJG5u1fqtSclazf-BpSx5vn5t8OWTKOVDQ,Easy to setting,5,0,5.8,2023-03-31 15:11:19,,,5.8
7ce578c2-0e92-40fe-a7f2-00cfcf787d2f,Darla,https://play-lh.googleusercontent.com/a/ACg8ocKp-l5FGMPe3Mua2aZzBLlLdAqTNEa1-pg_WwKWcmsH8GdShQ=mo,This app was very great but my phone was telling me to Free up space so I had to uninstall it I'm not happy about it,5,0,,2023-03-30 21:03:44,,,
5b8dadc0-61b1-46a9-a34a-f054e4076f3f,Hilal Abiyu Sahih,https://play-lh.googleusercontent.com/a-/ALV-UjUq55_ueqOuIvxN_zhjNER-JAQI_5ExbRru_K6Hco_lf9zJT78R,"After update to new version I have problem to print via usb cable, I just can print via bluetooth. Can fixed that? Thanks before. Rgs",1,3,,2023-03-30 09:07:07,Please install the latest version and rate the app accordingly,2023-04-04 15:10:56,
db57d8c0-2c1a-4814-b2d8-6c0730b437c7,Julfekar Ali,https://play-lh.googleusercontent.com/a-/ALV-UjUMtBkAniKx4NDmpzewi6VR9MNujtCTEJyduyYiP70qffqfWRyB,Good,5,0,5.9,2023-03-28 11:18:56,,,5.9
987083be-f251-4440-8578-92e0b5430640,Alexander Kuzmin,https://play-lh.googleusercontent.com/a/ACg8ocL_qjI1vocZ6jVajvc6yKBB4urtY1KHyJkmu6g07-JL94xU-Q=mo,This is the best app for a bluetooth thermal printer I've found on Play Market 💚,5,0,5.3,2023-03-28 06:23:35,,,5.3
c45d2713-84ad-4adc-af7c-33db4632b643,Aris Sugianto,https://play-lh.googleusercontent.com/a-/ALV-UjXvbDlP2lp3Rjavl16GBgSaTJX8fPxzRORRndc8OLhrjJnNfgcv,Nice,5,0,5.9,2023-03-27 15:04:58,,,5.9
6d2a56dc-503e-405b-9693-a0a876a53f4d,Bukky Ezekulie,https://play-lh.googleusercontent.com/a/ACg8ocKRMboJjUMYzF2NJ2_UbSdaVkqFTdVzf4oY8CGzGzF8-7Buxg=mo,Great! It worked very well for my need,5,0,5.9,2023-03-27 14:05:16,,,5.9
14b69046-a934-4e5c-b2d1-d0baa6e28365,Somso Vvai,https://play-lh.googleusercontent.com/a/ACg8ocLn1mYonIbJxgvjsZrqP5c4w_xVCqn2bkTRDAG0b36iMlO97g=mo,Nice 🖨,5,0,5.9,2023-03-26 23:29:35,,,5.9
2e0b7604-1a8f-4116-8aa3-dbc69e4b04e9,Merchor Estabillo,https://play-lh.googleusercontent.com/a-/ALV-UjWAJv8CjgNHHiCp5KwLPZKQ7w8GFNgVSMyFNcF7t_3yqYYGr2A,Since the last update I was not able to print at all. Please help on this!!! Installed the March 24 update and still not printing for my Samsung Galaxy S22...,1,17,5.9,2023-03-26 19:04:09,Please send an email for your query and share complete details to investigate the issue,2023-03-26 20:57:58,5.9
2447df7b-ad4f-4f06-bf84-157c1ccb75a2,S K,https://play-lh.googleusercontent.com/a-/ALV-UjXQ9Sxt2Bu-TdBFXt8BYl-gXoFLiNxeC7c5gh8n1ia-R2dMjcc2,Excellent app .. Thank you ..,5,0,,2023-03-25 23:03:11,,,
661ca9ad-5163-4103-96ee-9547e4f04f28,Dani Mutaqin,https://play-lh.googleusercontent.com/a-/ALV-UjWDL932ivu74QTgCfQrqTcFgy-Oxwwk4QaO0NXHO2CPWCJt40e_,Perfect apps,5,0,5.8,2023-03-24 00:01:15,,,5.8
4aeff917-82a2-4708-8e9c-17395a1e591c,Adesura Satra,https://play-lh.googleusercontent.com/a-/ALV-UjUGsD3LSe9iHM5sfLueudLtamSuhlhWBHxU2k_8Yb_VdRRrDg8A,"I had been changing my phone to samsung A14, and in this device, I cant import picture. What happened?",1,1,5.8,2023-03-23 15:47:11,Please install the latest app version and rate the app accordingly,2023-03-24 19:51:14,5.8
0ff4a168-13ba-4375-90b6-7350b3ed4688,Md khursed Alam,https://play-lh.googleusercontent.com/a/ACg8ocI4A0WNnr_hPhOPiiVLTZEg9ZqOmswlvIgPsF6VR8DpW4Q4uPY=mo,🛸🪝🎠,1,0,5.8,2023-03-23 02:58:56,,,5.8
8b16e802-c4e7-494a-8087-fcb5a25e68ed,De OC,https://play-lh.googleusercontent.com/a-/ALV-UjVZ8IJB0K34Y-JbZhFtV2SWRRae3vgNQwiHfi4R0wz3BHGpIeu3,simple and easy to use,5,0,5.8,2023-03-22 08:43:45,,,5.8
97c2da26-9c1f-4a46-aba5-c854e1f58b37,Alex M.,https://play-lh.googleusercontent.com/a/ACg8ocIJ4jGLvIHMag18THhPmhId4-f3LpOnZI-fGVnxET3gYczAeQ=mo,Does this software works with Milestone P29 printer? Latet edit: it works. Overall it's a excelent piece o software I would add delay function for receipts,5,2,5.8,2023-03-22 01:10:32,,,5.8
659c3579-f0b8-4d16-afb5-dad410e390d2,Mainga Mwiinga,https://play-lh.googleusercontent.com/a-/ALV-UjVEURgCdf56ZmNa_p8qKcLkKYbk7SgMB19rqBdQdEyQmzHPXsg,"This is the best application and very easy to use, Kudos to the developers 💪👍",5,0,,2023-03-22 00:12:18,,,
30d48378-4dd2-4d49-a5ef-1f652adab40a,Onyemelukwe Deborah,https://play-lh.googleusercontent.com/a/ACg8ocI8XJZCG8vqGggvvRULJa5fIQfRa29VeO_hQcQ7OQ3ZAdwlDA=mo,I love this app..,5,0,5.8,2023-03-19 18:47:47,,,5.8
3988acf6-e280-49e5-b81c-dc2eddcc5a8a,VIKKU KUMAR,https://play-lh.googleusercontent.com/a-/ALV-UjUFKMGRQNage1al4Blh34ZBjqPIlRRTviGjVoi4yTeESRS10yd4,👌god. Oooooooooooooooooo,5,0,5.8,2023-03-19 11:27:34,,,5.8
5a50db8a-5f1f-45bd-94bc-2265156fafb2,john stephen,https://play-lh.googleusercontent.com/a-/ALV-UjWUSsmX3TPigiG-KCN1ZDqrQRuTYbShjPI88k9VIfPSLC-leyk,Very good apps,2,0,5.8,2023-03-15 22:06:21,,,5.8
b1b4f15c-4611-4077-9788-3c51e95f8727,Shehnsha Naqvi,https://play-lh.googleusercontent.com/a-/ALV-UjVBTifoIKsMxkCXW8Ef7kgis4Lb1lFzvT2_r09it6hYy69OVJ-N,Nice app,5,0,5.8,2023-03-15 16:53:51,,,5.8
5f172041-bd37-4b9a-8006-b1a8502e71aa,Monjurul Islam Shahed,https://play-lh.googleusercontent.com/a-/ALV-UjV35vLCJkiDN_RNBqUDeTgrziCls-HUmZttA3IdSd0EfwunBLA,good,5,0,5.3,2023-03-15 13:59:04,,,5.3
160e038e-de7e-44a0-8c7a-ff393887e84e,John Aghatise,https://play-lh.googleusercontent.com/a-/ALV-UjX2vXRIvDQUvXAVROUjod9Isb7l5E8VztJMVy6uSmeiblBfhrTtMg,Cool and easy to use,5,0,5.8,2023-03-14 22:01:08,,,5.8
bc6191a7-d642-434c-b1ba-cc7de4bf4329,OLAKITAN BODE ARIBISALA (Horlakis),https://play-lh.googleusercontent.com/a-/ALV-UjVuO-IPgNF5yjeVdUxSZuTE-jmmPFBfKfDC03tmjAEFb45hZwF3,Yummy app,5,0,,2023-03-11 22:05:39,,,
2d86b4cb-8e2d-4476-9541-dad70f11d800,Tsado Mohammed Ndaceko,https://play-lh.googleusercontent.com/a/ACg8ocIFed3VyrYIV3so01bdpjqggXdjWsuE9E8ohtRqhvCQImfmEg=mo,Nice one,5,0,5.6,2023-03-10 19:13:11,,,5.6
ffdf12bf-ec17-43ad-8558-3d2248dd3bdc,Dakota Smith,https://play-lh.googleusercontent.com/a-/ALV-UjXHN6tsx2bhkLL5I7_r2c_0XPrdGSjArSyUUjPbijsGDExGJl-h,Great app!,5,0,5.8,2023-03-08 21:44:36,,,5.8
6e97fba7-a731-413f-a1ea-2690906b9102,Muibat Ifeoluwa,https://play-lh.googleusercontent.com/a/ACg8ocI4ZDa3bbjr3AkCUHW-mffvgUktywu4vbmFhs1oXaTvSphXyg=mo,It works,5,0,5.3,2023-03-06 16:35:36,,,5.3
675af775-e2fc-4213-ad2a-85cc6fe607d5,DR DEY'S HERBOCARE,https://play-lh.googleusercontent.com/a-/ALV-UjV9KHL3BTMOQQ1wsFv-DowcmuGTGZgqaXE2Z0TfhfA5jOLCGXo,It's ok,5,0,5.7,2023-03-06 14:57:42,,,5.7
81c3d18e-3c08-4304-95c4-43c6dd0decc3,Kartik Mahato,https://play-lh.googleusercontent.com/a-/ALV-UjV4pJcxa02M-cFIZEubxP-ePrJM3ZCapyfh42k0nGSpFsuC8yBN,"Too good,,,I am very happy",5,0,5.3,2023-03-06 06:50:48,,,5.3
60218c10-9535-44ac-a5c0-383959de9ba5,Indri Endrayanti,https://play-lh.googleusercontent.com/a-/ALV-UjXNeKTyCClvN4tsXHr5HwAQInYz6RRgMmIuuIN6YbqraKdeJJI,"Ini tiba"" kyk error trus download lg .. file sebelumnya hilang .. dan di app yg baru re install ini yg sblmnya tidak tersimpan .. gimana yaa ?",3,0,5.6,2023-03-05 12:21:28,Please send an email for your query,2023-03-05 14:27:18,5.6
07fa799a-a3f8-406b-90ae-acbd79d03dec,Sablon B,https://play-lh.googleusercontent.com/a/ACg8ocKQm5Dq4bGHzUO0Vkkux1lXSk7bq3zdSQ9ntZ2p1obLZJot5g=mo,super,5,0,5.3,2023-03-04 22:05:37,,,5.3
a8b25265-0b48-481a-a8fc-961cc93cec62,Daga Kaluma,https://play-lh.googleusercontent.com/a/ACg8ocKsl2fXS7_y88Pe70a9v0Q07Ql3Wj6J_LUsNhAIchqgu6RaHA=mo,This app is super good,5,0,5.3,2023-03-03 20:21:58,,,5.3
c6236598-d44d-40ae-b775-e68d24b47a3a,Bello Olusola,https://play-lh.googleusercontent.com/a-/ALV-UjXg9wtvfJYVQdT8TSzroO7RthG6oV8nzh94jEbVH_qoIEYkVhxh,Excellent app,5,0,5.3,2023-03-01 15:46:45,,,5.3
49c92f67-c3d7-466b-a757-1d99fd64d4ca,La Moza,https://play-lh.googleusercontent.com/a/ACg8ocI9H-H-SFGxUjkqOrAvkq6SLPzULFt3Kv3A6CqYu1rp1LIBtg=mo,Gooooooood,5,0,,2023-03-01 10:14:08,,,
b80945aa-1971-4688-8757-6de53bcb04ed,andi untung,https://play-lh.googleusercontent.com/a-/ALV-UjVPVm2p7kQZWvkqjWG5ZBKWtL_ZLuZQyuQ_aEMN5FukSffWWoZI,Good,5,0,5.3,2023-02-28 11:49:00,,,5.3
8c62ee25-f1cf-4b19-8f0d-5256ec390281,Tsado Mohammed Ndaceko,https://play-lh.googleusercontent.com/a/ACg8ocIFed3VyrYIV3so01bdpjqggXdjWsuE9E8ohtRqhvCQImfmEg=mo,This is 100%......nice,5,0,5.3,2023-02-25 15:50:41,,,5.3
3a644f24-ca77-4c28-a85a-cfcf96046065,sattar hashemi,https://play-lh.googleusercontent.com/a/ACg8ocIfEZNxuSMbbs1Kt4dlB8MAWrXU7HO3naOhi7w5xFgeQDoxDQ=mo,Excellent,5,0,5.3,2023-02-24 12:38:05,,,5.3
7620d46d-0bf4-42ff-b83c-dc401eac7303,Anthony Rico,https://play-lh.googleusercontent.com/a-/ALV-UjUkBeOPUaMoXcsvHoVFJgfdqjIFeJKMoi-g2xTVRagA1pXjt2I,Excellent,1,0,5.3,2023-02-24 11:53:32,,,5.3
338add2c-bbcf-4e89-aaf7-e687df2b8f29,Adnan Džidić,https://play-lh.googleusercontent.com/a-/ALV-UjXLyMMgARsI_yia0JblnVHkU12qpf1_T-dShSH9_QtmlYaWo8o0xw,Odlična aplikacija za brzo printanje.,5,0,5.3,2023-02-24 00:57:42,,,5.3
d9424fd7-8cf1-4dde-966d-8765a176133b,Ikglobal Mathias,https://play-lh.googleusercontent.com/a-/ALV-UjVvJ_CiVmyZN09ECrjLLlojA4pzCPO34DwxGCMQ0_mtNdoPQpZ0,Nice app,5,0,5.3,2023-02-22 22:27:01,,,5.3
8f294f7f-4d64-4815-a0de-3faaac9ab402,Alan Paris Caballes,https://play-lh.googleusercontent.com/a-/ALV-UjWBxRzlRsOM0EUO8ao0UFhmKf6hHTtIxcrHgo5ql8EGwGmSF1CE,Good,5,0,5.3,2023-02-22 19:48:22,,,5.3
f39433fa-0d6d-4478-bd4a-5ff06284d4cc,Mukendra,https://play-lh.googleusercontent.com/a-/ALV-UjUvVz2OAeX1uwQ7eML7hLdAu0TWmA7cN618rePsmOsZXfo5y1c2,👍,4,0,5.3,2023-02-22 10:08:37,,,5.3
6694e957-e4c4-49c3-a3f6-9a440aa8ac2a,ENDRIN,https://play-lh.googleusercontent.com/a-/ALV-UjVquVW9TKMd5Wp2PJJeXVauqAiF2VrB4MplBHqGeqw7cYVTi4W5,"Yes, I make sure QR align in center but when you print it move to right side. I tried to print reciet for last two days, I don't know why it is printing QR code always on right side , Tried every thing but didn't work. QR code not moving to center of left side. Why ??? Kindly help",1,9,5.3,2023-02-21 07:06:44,Apologize for the inconvenience caused. Please share your query on email matetusshar@gmail.com to investigate further,2023-02-21 08:25:02,5.3
b21696c3-19fa-44bd-9a42-80e86e8d671d,Bayu Eka perdana,https://play-lh.googleusercontent.com/a-/ALV-UjVMMs9jstNe8ZgiNyRjpiWFwBoGRL2maG9bJXeM9JGlTYGMlIzoiw,So far its helpful enough! Simple to use..,5,0,5.3,2023-02-19 17:30:22,,,5.3
8c5e3dc6-9243-4f6f-bce4-1c2b55ef6ea8,Ram Chander Devora,https://play-lh.googleusercontent.com/a-/ALV-UjWQQiB90zweFE6D3qJIOj3EZA0bCBWCIpifg54W7uzKEgDteozp,User friendly,4,0,5.3,2023-02-19 15:53:27,,,5.3
19e085a3-fd75-47ac-a33b-785fc6073fba,Minyoi,https://play-lh.googleusercontent.com/a-/ALV-UjVIGIJlCiCsF0n6kRCWYOtmnuTnUVJnvLHk_l_N9fosnaCAheqv,Working as intended. Is there a version that has no ads. For POS it's very annoying having to wait for an ad to finish before making another sale. Meanwhile you have a queue of customers waiting to buy.,3,17,5.3,2023-02-17 03:54:54,You can buy pro version to remove ads,2023-02-17 07:36:15,5.3
87af623f-0ac5-49ac-85f2-7dac50a6c907,D Mahaboob Basha,https://play-lh.googleusercontent.com/a-/ALV-UjVJI1MIHjOCdGauZPc-jGR7olUSSll0GhESl554P-wu8ko3M9bl,Ok,5,0,5.3,2023-02-16 21:42:03,,,5.3
7f7ed8f3-a3ad-49a5-88b5-b72fbc79dcf0,Dramani Rhonee,https://play-lh.googleusercontent.com/a-/ALV-UjWKkcniYSBSnPoWIZ4JRkkCfdq-vkhJR5J5T9LyBJKvPXJadvoB,"Exceptionally awesome, its really to the point and you get the best results",5,0,5.3,2023-02-14 18:04:09,,,5.3
1cc48264-dab2-4668-ac7c-ea4129df64ec,Asri Jaya,https://play-lh.googleusercontent.com/a/ACg8ocIAsM4S6vOExvp_fboAp0qNnWorLScJ6UG0V3JoB7zxdBGWKg=mo,Good apps,5,0,,2023-02-13 14:30:35,,,
ce1c1c18-763e-4599-ac4a-d42f8458bdcf,suraj mane,https://play-lh.googleusercontent.com/a/ACg8ocIk4lwEr736AVKNU3btcy9EfCzYDevjDtz5uVP8FkU9VzifFw=mo,Excellent performance 👌👌👌👌,5,0,5.3,2023-02-11 21:53:15,,,5.3
3aeb545b-8a23-40c5-b76e-5c6ecdd2a51c,MHD Saeed Zakaria,https://play-lh.googleusercontent.com/a-/ALV-UjVj0fqbFAMCknC7vJ5blJ2ddYTLQ3_VuglVqUPKdUI6i2M0jLCUnA,Nice easy to use,5,0,5.3,2023-02-11 15:39:16,,,5.3
6aead187-7bf8-4d6d-9262-3225b624aa06,wisnu prabowo,https://play-lh.googleusercontent.com/a/ACg8ocJXGjvUxN4FvBh-D-EvmazXRvvDwpEfYqvTqLvqUO8n8NGdSw=mo,easy to use,5,0,5.3,2023-02-11 12:14:54,,,5.3
bbc603d0-3e5b-46ad-a0cd-8d6c3880049f,Colista Connie Awi,https://play-lh.googleusercontent.com/a-/ALV-UjXXKL-w_T61isWT7UCkHzmWGNjo-l4nhVrGCgrA7QmBgSIKv3dn,So convenient,5,0,5.3,2023-02-10 05:39:15,,,5.3
e23a6e78-3709-4f1c-ab6d-a70f55e4ee89,Dan Lacount,https://play-lh.googleusercontent.com/a-/ALV-UjWC3g87wJbDuEdd2CIys1O5eMDFaSCryh4s_NDrgaOQLCn5aOeZ,Exactly what I was looking for,5,0,5.3,2023-02-09 05:45:58,,,5.3
c8e54d6e-e9d1-4f57-ae35-7827f14eafc7,Atin Nurniatin,https://play-lh.googleusercontent.com/a/ACg8ocI0nli0qmxKvvORk35SFvxA7BECJPjlt1hK_0w_WUN1z7FFOHcg=mo,Top bngt,5,0,5.3,2023-02-08 15:16:17,,,5.3
901191f1-8a64-4ffc-b91c-5f6a793836f7,titin hidayati,https://play-lh.googleusercontent.com/a/ACg8ocJ5_IrD5vFdNJryKzX_VGdC4qyb3CozG0eke3HKTG1VC3-Ibg=mo,Thanks...it's work and help me,5,0,5.3,2023-02-08 10:31:53,,,5.3
3ad48970-d38c-4eee-99ad-9b9ee2662477,Rex Warfare (Rex),https://play-lh.googleusercontent.com/a-/ALV-UjViLKf2BLKAXA_shG_7GoL1GcPquf9W_3A5kRhlNoTJP_jd7ZM,the app cant work,2,0,5.3,2023-02-07 15:58:57,Please send an email for your query,2023-02-07 15:59:59,5.3
0a7c5209-c2d5-47f0-9db0-e08844639649,Lenirose Solis,https://play-lh.googleusercontent.com/a/ACg8ocJUgIvUXsaYbHI2BNg-Y_4dqQUel37DRS1FuGRtcLVLarTQqA=mo,Happy,5,0,5.3,2023-02-06 23:53:05,,,5.3
8e62fd5b-49e7-4e32-97fc-7b958ae82370,Asma Karimah,https://play-lh.googleusercontent.com/a-/ALV-UjUAvVM1ubhMBlsk-Y5oBghYUzjIn5x1y6-NYmxKqBc5clThx60,Awesome,5,0,,2023-02-06 11:48:03,,,
9f1600e6-3a70-48f1-8e51-08d69859dc04,Pebbi Vadillah,https://play-lh.googleusercontent.com/a-/ALV-UjUdPsMNOmGdXAlBFyToO5OOLM7gS5xGNFKLxCwflilVyfXGqwwQnA,Nice app no disturbing ads..,5,0,5.3,2023-02-05 22:20:39,,,5.3
279e9eba-f2ef-46c9-9a0f-9d51706e8170,Anna Lee,https://play-lh.googleusercontent.com/a/ACg8ocK3H_RVEtQ_9c5haQKQOfVil2veRp3Gnn-tW-L2Ee_Tej0KoA=mo,Lovely day,4,0,,2023-01-31 18:17:11,,,
8c86a2cd-d06d-445f-bad7-38d0703bc5c6,Better Baby,https://play-lh.googleusercontent.com/a/ACg8ocJkkKiKRserEThvcnuK0e5EgccXzP3JudgPwf4DWTENTCvmmw=mo,The best so far,5,0,5.3,2023-01-30 20:05:03,,,5.3
78fb3d76-382e-42cf-a6f1-4d3075b16b2c,Teras Pinggir Kali,https://play-lh.googleusercontent.com/a-/ALV-UjVX69LbdfNxkZipDvKez4PhX_Y09zoB8vn53AaWDrHz4bPgeQzM,N8ce app,5,0,5.3,2023-01-30 17:38:50,,,5.3
cda38f54-a346-4aae-b9e4-ebfae95137f3,sameera medical,https://play-lh.googleusercontent.com/a-/ALV-UjUtDFzMMtsrw4pNxvPZ60Vtq7c7-Wx5Z0YqPPE-J_MCL5C7hsE,Very good 👍,5,0,5.3,2023-01-29 12:10:04,,,5.3
2c0fc7a1-18cf-4f7b-99e6-f2716a715d83,Joel Bucol,https://play-lh.googleusercontent.com/a-/ALV-UjWYwNJvij6nOxTlMcr0uTOS5AY_Xy8ZtZK2PzMchn1wy2NJNx2L,Thank you,5,0,5.3,2023-01-28 17:09:33,,,5.3
e5e66293-1abd-4920-951a-12f7fcc23333,Ratno Hartono Syaripudin,https://play-lh.googleusercontent.com/a-/ALV-UjWiyi_gGVCJ_TBgfoxRMQQTlAM4yhr-y1aB0OMn7Rp7aW2Bd2H1mg,Gooddd.............,5,0,5.3,2023-01-28 06:31:27,,,5.3
6e296bf2-9de0-4df6-84a7-637c72e329ee,Diego Uribe,https://play-lh.googleusercontent.com/a-/ALV-UjVhH-X03v-gNjFHdCgzQTPo9drDZRBbg47l6H9MFRsY8MVvPq6L,Excelente para generar tickets extremadamente personalizados,5,0,5.3,2023-01-27 03:42:39,,,5.3
e2021ed5-3d1f-478c-9592-453cb8cdc26d,Mario Acosta,https://play-lh.googleusercontent.com/a/ACg8ocI_BiXGQzonj-s3ceN6WTrWUs6Xh7chJrjGx5Ilh3ZmaWEOQw=mo,"Very nice app, easy to use",5,0,5.3,2023-01-26 12:28:07,,,5.3
c32270cb-8f17-4b42-8de2-793c197e1ed3,aryanamew1,https://play-lh.googleusercontent.com/a/ACg8ocJ0KX6tj0Ct9AjeREK9CISx0eA9T8n88t5GAPDt_lN3CvE3PQ=mo,works perfectly,5,0,5.3,2023-01-26 06:59:05,,,5.3
33893d37-8438-47f0-9394-9e579755900b,Jude Chinaecherem Orizu,https://play-lh.googleusercontent.com/a-/ALV-UjU4OlqDZUgbsOw-tQfXS93AMhv8nOmF-vf2nl0f3JOyY0VViBLW,Best free printing app. You can even edit your before printing,5,1,5.3,2023-01-25 21:20:22,,,5.3
314cb576-8344-43c5-81c1-a5a5cf311c84,rDr homework,https://play-lh.googleusercontent.com/a/ACg8ocKkASItjKKculp23vPoMtPHxV0scE6-6M3OqPqyG60YofKyNg=mo,Very good apps for now,5,0,5.3,2023-01-25 10:31:12,,,5.3
898d1cb2-2318-4d14-906a-33d197aa98a5,Mehraj u din (‫اللّٰہ والی بیاہ‬‎),https://play-lh.googleusercontent.com/a-/ALV-UjUTgajVOGDPogaCVzoMFnuLDY_Z0aiA8tuuLG2oKWgur5BbOHk9uQ,Unique app,5,0,5.3,2023-01-21 14:27:34,,,5.3
b272c780-a44c-4151-8523-e84d826fcc2f,Mefujo GD,https://play-lh.googleusercontent.com/a-/ALV-UjUcwttj5SdgSbkpyUOP_ipZehQFtcoUb_7OpZSlctngNWyNLMg9,Fiturnya memudahkan,5,0,5.3,2023-01-20 12:46:50,,,5.3
78106e9d-45e7-492c-9811-08f2b36f5761,sadik kassim,https://play-lh.googleusercontent.com/a-/ALV-UjWQd8SJVPblvAZ9DaOQ6wjFB4Eekbj0npA8hAnj0tOIfw0Q0FWR,Nice app it's very easy & fast,4,0,5.3,2023-01-18 23:37:45,,,5.3
f2c39990-5f2f-4b51-9a93-eca3adc1b6b5,Mehedi Hachan,https://play-lh.googleusercontent.com/a-/ALV-UjWNklj07u1s3mtB8Ns61FrvvnljjOWPhOv1ez8UWzLUpkkNmFaVVQ,Important,5,0,5.3,2023-01-18 23:14:34,,,5.3
0f14bf8e-bc51-4c2b-b4ea-1e0675f1f8b1,Robert Hill,https://play-lh.googleusercontent.com/a-/ALV-UjVADEZLWuOcHH4xHBl_qViMexFw1epAghkV1FUZ-eXH4tUHv9s,"The features seem ideal for printing receipts with predefined templates. Unfortunately, I can't get it to print to my Phomemo printer. After clicking the print button once, the button becomes unresponsive.",3,20,5.3,2023-01-17 18:56:45,Please send an email for your query,2023-04-27 15:09:06,5.3
02bcfaf1-6819-4cb3-a516-f91ddd11d7cb,Bassing Lah,https://play-lh.googleusercontent.com/a/ACg8ocLpMd7bpjiGVybY1cpj3wJc4r3f_Iv0uUz2eDqg43GGygrSAQ=mo,Terbaik,5,0,5.3,2023-01-17 00:37:30,,,5.3
ae783491-b506-47d1-bf50-08aa72d29f85,Defri Indra Mahardika,https://play-lh.googleusercontent.com/a/ACg8ocL-r5jPSG7r4LQdgTWeGx4-cR7s7NJRq7TCvB2od_RZS45K1NE=mo,Great app,5,0,5.3,2023-01-16 06:34:04,Json format must be exactly same as given in instructions,2023-01-15 18:53:48,5.3
d17e44af-5f92-44cb-8725-ab53036fed59,komolafe stephen,https://play-lh.googleusercontent.com/a/ACg8ocJKvZshKgPAGzqQKV8gV0XlkqdwT4xVP8WB3-j8XfaUsXVQmA=mo,"Very powerful app,Period.",4,0,5.3,2023-01-13 05:55:42,,,5.3
bf532d1c-324b-4d52-b6d1-e142131fb141,Panca Pribadi,https://play-lh.googleusercontent.com/a-/ALV-UjUTJa2pnToV73AqRr7_RuR12qIOez_WVYxHYDG2S_AlwE_IWe9q,Simple,5,0,5.3,2023-01-12 07:41:58,,,5.3
732eb8e5-f655-434d-ad73-4fecf289fc5d,SHAHID “CHAUDHRY” HUSSAIN,https://play-lh.googleusercontent.com/a-/ALV-UjV0_8hULy-338I3aH_2QCbroD_8X75FArwrM5xQUXHcctjZj5L_,Excellent Google,5,0,,2023-01-12 02:09:37,,,
4e7d6878-0063-440f-b1c9-0e7a12265e5c,iezman aries,https://play-lh.googleusercontent.com/a-/ALV-UjVvtlZsjnnckb8cebv53oq4T_B6vMZJ92zqwXD8xGufpzUl2Vu1,Good to used,3,0,5.3,2023-01-11 11:36:49,,,5.3
a3559353-80c2-46e0-ad68-2eec40f859ea,VARUN Rana,https://play-lh.googleusercontent.com/a-/ALV-UjUDy8f-JFN4Gczpj_jiz-0pY-Kk9r46gOVgCplN_ltlxjitbrE,Love you,5,0,5.3,2023-01-10 20:46:13,,,5.3
3134c8ba-3d3f-4bc3-93ec-8e454737a1bc,nos ker,https://play-lh.googleusercontent.com/a-/ALV-UjXk4cEXWtWnOa6xlLmTzYYTEDDYgqF8YBGx763uZbdRxbq2aogT,Ok,5,0,5.3,2023-01-10 20:32:00,,,5.3
f6264eba-7137-4ef7-8357-d457d265aaba,Padekeen Alafia,https://play-lh.googleusercontent.com/a/ACg8ocJ1xqTd4a7nopVmFR7UeKVJpol7mJRJHJ7ZSBj2NXEhvFGTyA=mo,Excellent,5,0,5.3,2023-01-10 03:30:38,,,5.3
bd0d5b88-769c-4bf3-bb98-b5050ed9e225,‫فهد الدويكات (‪AL3DWANY‬‏)‬‎,https://play-lh.googleusercontent.com/a-/ALV-UjXTEuc4iVoxFGm30kvIHPRcbVt2bL_fIt5hMWkgwpC4nJhtinl3,Great,5,0,5.3,2023-01-10 01:11:41,,,5.3
5d652386-bf10-40f7-9589-fd919d72c1d7,Intell Master,https://play-lh.googleusercontent.com/a-/ALV-UjXjup2vN2Y8OMRtLqCzozamfgXTQggRPdG3vGOXbghDTTH4QC35,Good,5,0,5.3,2023-01-09 21:30:42,,,5.3
a72003f9-b100-4196-920e-ae137123a389,Ria Anggraini Djauhari,https://play-lh.googleusercontent.com/a-/ALV-UjVlDdD5hXioieFY25_ll-T3tdznfvuSr3e6YBvAac_Tv832sRc,Wow,5,0,5.3,2023-01-09 13:26:16,,,5.3
3b3d13f1-7c82-4996-b35f-de84c15aa4ed,Bharat Patel,https://play-lh.googleusercontent.com/a-/ALV-UjV_TyIEnplCxLUtaSNOjOxFr8Npi0YjoXzjomI17nC4nXbNYM8-,Good app,5,2,5.3,2023-01-07 15:30:26,,,5.3
48256caa-176e-4abf-9a85-4694d7dbe84e,Mutasim Abedah,https://play-lh.googleusercontent.com/a/ACg8ocL_8LDWC6clPcv0YSD0DQRuTohtkpMRRmLUBZxpxWL53rLqiA=mo,Good,2,0,5.3,2023-01-06 02:07:23,,,5.3
febd22ed-a67e-41f2-884a-d3a4e8364c0b,dave tiede,https://play-lh.googleusercontent.com/a-/ALV-UjXRAE5GET2HsE1FnzGnMFjEGE4iafksQ5FnKIExzTJmzEY5F4SH,"Takes some getting used to, but absolutely does what it says. Highly recommend. Added second no-name-brand thermal printer and it works for that one as well.",5,4,5.3,2023-01-05 09:55:07,,,5.3
7f162670-c21e-4115-b24e-f308dfe49ec0,Ezec Agugua,https://play-lh.googleusercontent.com/a/ACg8ocJg2-l1pXPmSmSPrbBkG9dkR0XdcNqN3SQ9yq6hMpK-R4pO0g=mo,"Nice App, highly recommendable",5,0,5.3,2023-01-04 22:24:44,,,5.3
4046ee80-b270-4482-bf5e-9622c6d8c08b,Pin Tha,https://play-lh.googleusercontent.com/a/ACg8ocJo6lb4GkW5b_b28e2cn_k-W9W0RDoexyM_laS-OoWUPfp0Eg=mo,Easy to use...,5,0,5.3,2023-01-03 16:48:39,,,5.3
8f135170-006f-4f8a-9b30-14cc4662eaad,Adnan Kashif,https://play-lh.googleusercontent.com/a-/ALV-UjUKzlQA3ws6tEouoEzau-SfdqVlxFA40LOjtuKHxRkvxyBvp85S,good,5,0,5.3,2023-01-01 18:24:25,,,5.3
fc974a9e-d298-4433-8e76-4d29318f3a03,AUGUSTA EZINNE,https://play-lh.googleusercontent.com/a/ACg8ocKEDoO2VQKWyv026EgxXPTEhjyq95YtqMGU89igPjjrDUHjWQ=mo,Nice app,5,0,5.3,2022-12-30 13:15:48,,,5.3
855eb32d-b1ba-4386-8698-b1db68c0102e,Romeo Balita Jr.,https://play-lh.googleusercontent.com/a-/ALV-UjXVSpzi4Ekye1uzM0hRlvHtSZNVcCtZMf6Yn4Hw7Kv8RZLjmMxW,"It's great app perfect if you have a store. What's lacking for me is the ability to manually set the font size instead of having to choose between S, N, DW, etc. I hope you add this feature sooner.",3,1,,2022-12-27 19:03:54,You can set font size in text special entry,2022-12-27 20:31:05,
d49cfbfa-c9d3-4896-969e-00bd2de8bcd3,SHARATH NAYAK,https://play-lh.googleusercontent.com/a/ACg8ocJglmXvTtY1njm3_vDmAheKQQ4-X33POGW18JBYnH4tueLnGw=mo,Amazing aap User friendly,5,0,5.3,2022-12-27 13:19:37,,,5.3
87082c86-4490-4c68-b872-55e732f01bde,vipi malik,https://play-lh.googleusercontent.com/a-/ALV-UjXg98PJ75B_p8_YlcO6LAs9RWwekwLkPGG7xZriOk99GXsaBnO1,Niyama BT working yes or no ??,4,0,5.3,2022-12-26 22:22:40,,,5.3
61fbbbba-b7d4-4da7-8bec-2a19737dc67a,edy fachrur rijal,https://play-lh.googleusercontent.com/a-/ALV-UjWgS0lRr0LRxP20dxNbbNssYtkA7roLMqq4Jd4ILNnLhuYxT0hz4A,Landscape mode plis.... Battery status plis,5,0,5.3,2022-12-25 11:11:35,,,5.3
2902ad02-c282-459b-bdc8-4501ce82fa3b,Mohamad Fairuz,https://play-lh.googleusercontent.com/a-/ALV-UjViR4xn4a4IS9opVBuAbJeB1EmVyBv2D9R9RY7VlbM3atgSyeM,Applicable to only bluetooth printer,2,0,,2022-12-22 19:13:30,App can be used for Bluetooth and USB thermal printers supporting ESC POS commands,2022-12-22 19:58:26,
899c6210-76e4-41a5-9fb0-5c0aa6676e7f,S.B.S GaRo TuBe Mix,https://play-lh.googleusercontent.com/a-/ALV-UjXYJqqKBkbZAd7Fhj4Bte6YL1_DGzaidLFU0jpmYEMD9RBI8QA,"Very good, useful",5,0,5.3,2022-12-22 13:10:40,,,5.3
30f826df-1fd8-4445-8caf-46016ef836c7,Bram Jayabhakti,https://play-lh.googleusercontent.com/a-/ALV-UjWQUCLtAXS_ZArXKSUVpSJOsMHjplZvwkqZWfCTv7UPAyrsBRZt,so far so good,5,0,,2022-12-19 08:41:43,,,
7c3f6275-71e7-4354-8faa-0647e869b5f2,Onuoha Christus B.,https://play-lh.googleusercontent.com/a-/ALV-UjW47hJ4yM0jCokSm_RgXaJQSwU2USyiBOvO8PUc_SwjK65KTkM,This app is so user friendly and easily connected to the Bluetooth printer.,5,1,5.3,2022-12-17 23:21:39,,,5.3
dcd14f2d-2467-44bb-8c31-bf34e8d35090,GLOBAL FOCUS DIGITAL PHOTOGRAPHY,https://play-lh.googleusercontent.com/a/ACg8ocKWwir3aWPh4qzLuIXM-VYrD7W0iPFUamtpDVfUBJrT90LWag=mo,Clear appp,1,0,5.3,2022-12-17 20:29:54,,,5.3
a45c93ee-8a29-4c08-a33c-4e52256d0813,Imran Rohosso,https://play-lh.googleusercontent.com/a-/ALV-UjVhPfXmu780e8LVYvcsJL1H-GGvTEwmRpeyuAoklihEViIKGks,This app is good. I am satisfied.,5,0,5.3,2022-12-16 23:15:17,,,5.3
967bc1f1-2a4d-4e88-af50-fb759f8037b4,Khiyaram Dheru,https://play-lh.googleusercontent.com/a/ACg8ocLzNp_PZ83R50F07I_LhUuH-C-veD4EbUXuPjnCEdMzTpvtSg=mo,BHUT AASA HE 🙏🙏🙏🙏🙏🙏🙏🙏🙏🙏👌👌👌👌,5,0,5.3,2022-12-14 23:23:26,,,5.3
958afa6f-8480-4ee1-bf8f-7f1948af695d,Moses Mochochoko,https://play-lh.googleusercontent.com/a-/ALV-UjXCqVs-DZnMKdr3gB3Hjq7xylPhtOLblIJgQxH8xLznZTCtSUY,I like it,4,0,5.3,2022-12-14 23:05:37,,,5.3
9b880c43-e434-48ec-aaa9-5afd4c6dcdbb,Ian Binda,https://play-lh.googleusercontent.com/a-/ALV-UjV637MdYI8XTjWSeFKPQtqR3tD0kdbnT1bDFxLLpZVmrc1YKI4,Easy to use🏃😍I love this app,5,0,5.3,2022-12-13 13:00:10,,,5.3
3508692a-5bd4-42c3-b572-5895e2c94a5e,Jafar Shadiq,https://play-lh.googleusercontent.com/a-/ALV-UjWKF-WWnwpADXpGPJkH2zYfZaLV8zfJMsBf6BKQhb6y5vucQRc,"Please do not limit for adding short codes and make CALCULATED AMOUNT to calculate itself. for example AMOUNT : #qty1#,#qty2#,#price1#,#price2# CALCULATED AMOUNT : #subtotal1# = #qty1# x #price1# #subtotal2# = #qty2# x #price2# #total# = #subtotal1# + #subtotal2# #total# is logically calculable but it's forbidden to input the code, so I have to do this #total# = (#qty1#*#price1#) + (#qty2#*#price2#) It's just impractical when having many of items to be printed",5,0,5.3,2022-12-13 12:56:16,Please send your query on email with complete details,2022-12-15 07:33:06,5.3
06300dec-36fc-49ea-959b-ae078db8a676,Seth Djan Boakye,https://play-lh.googleusercontent.com/a-/ALV-UjWYPvEs2BaknpAVib8xqw3_kVc-fY_PZzmLrpCAVsLeCW2jVuQ9,Good,5,0,5.3,2022-12-13 02:28:48,,,5.3
918e341b-29da-47e3-a01f-6ccbc0cd27c4,Agus AG Farm,https://play-lh.googleusercontent.com/a/ACg8ocIobiot6S1uSFUP3XUXelDIfN_wBgUoZpox5wS7nRqd_NSFAA=mo,Nice apps.....,5,0,5.3,2022-12-12 11:38:50,,,5.3
ad5b2898-fbbe-4bf4-954f-0b576682c765,terli tirupathirao,https://play-lh.googleusercontent.com/a-/ALV-UjXsQi7uZHVzERksIP_Pg5LgcZIi5Vfq-7o8rpSmJqlOFPlIMAFbMg,Nice app,5,0,5.3,2022-12-10 19:10:04,,,5.3
586fe82f-57ff-43e9-b75a-03fd8a0e8494,Mani Kandan,https://play-lh.googleusercontent.com/a-/ALV-UjWu4sE0RUGH-oxSrDFAGixJggkgLo9SwKzarFw-I1l1Nj5rjlTS,Nice,5,0,5.3,2022-12-10 12:19:40,,,5.3
3abb3e0e-a766-4767-97c1-55c94a1ba470,Alfonse “Kyalo” Munywoki,https://play-lh.googleusercontent.com/a-/ALV-UjVJ0BZCmti8lcYpRC3D4sKT1HTX8aBP5QrNosJbr8d3iRsQqHDS,Unlimited,5,0,,2022-12-09 09:20:48,,,
cc7d9e15-3788-4009-b3a0-abed20029871,Miguel Rodriguez,https://play-lh.googleusercontent.com/a-/ALV-UjXMvUXlutyORK-uSrAFl_fN3HJmHqLyF_DXbZ6O1JDgtzVJcZ1LCw,"It is just amazing, and very easy to use",5,0,5.3,2022-12-09 09:03:10,,,5.3
43fd18a6-37b2-4c63-b94c-2380042e1aad,danny ariantono,https://play-lh.googleusercontent.com/a/ACg8ocIY2Nry5OQdqt92FdFnYJoFzRfieFcqwtrkNqZ6vJmSFEAIWg=mo,Wow,5,0,5.3,2022-12-08 15:10:47,,,5.3
ccc86fcb-ce5d-4234-9c59-e91f7bda7cc2,namaku chan,https://play-lh.googleusercontent.com/a/ACg8ocL9By7NFkZDp7T4G74QO19Cqsg9-rtmkJuCTb5E8NTutiEirQ=mo,good aps,5,0,5.3,2022-12-08 06:24:40,,,5.3
d29d14f2-fead-4855-b520-91bf61dfc853,Faith Ada,https://play-lh.googleusercontent.com/a-/ALV-UjUG4ph4w_XEa-ja5WW013sQP28cSuj6q6K637sYZ_aeU6WUc4WGgA,The app is ok I love it n is fastest,5,0,5.1,2022-12-07 17:26:29,,,5.1
34d0a22c-7f37-42c3-9a7f-434cb91549e3,Bonifacio Soliveres,https://play-lh.googleusercontent.com/a/ACg8ocLXSr9cIK12LAF1BOA_GWBWpKmzAJ_8DaEPVvIOO_1pclW61Q=mo,I love you,5,0,5.3,2022-12-07 07:55:59,,,5.3
07ce5983-44bd-4245-ae90-9af4790b8e2b,Dtksol Solana,https://play-lh.googleusercontent.com/a/ACg8ocLL7QAMC3BEhW9RbjA7B9a7DFKc_7-MZn3vLakcixNzBszIRA=mo,GOOD APPS,5,0,5.3,2022-12-06 14:07:27,,,5.3
a18d4fc0-026f-4d68-9a2e-75337f46d3fe,ICE Game Diary (ICE),https://play-lh.googleusercontent.com/a-/ALV-UjUlGtyRutHA2TO_tOOssbR7HmVuTQtWukIJJMUc8DpsdAKQ5518,"very good app, very easy to use as well",5,0,5.3,2022-12-06 12:57:06,,,5.3
c0ce28d7-85da-4302-aa7e-91b5cbc6017f,Jafaria shaikh (Jewel),https://play-lh.googleusercontent.com/a-/ALV-UjUSa-I2BQj2MsLQFuJ5FCQuGgzxU8sQYlvBODhTbgZ_keZFXXtr,Best app,5,0,,2022-12-05 16:43:40,,,
f9f581b0-b902-4ec8-9a18-64e4afcf8194,Airene Dacanay,https://play-lh.googleusercontent.com/a/ACg8ocKEecKJ5H4JUich2nOPwd1CAbCVs-jB0OdulrQtuDaqmzH97A=mo,Amazing!!!!,5,0,5.3,2022-12-04 20:26:25,,,5.3
e3cbd834-f6d9-4192-be68-1e0132c0a1de,alvin colina,https://play-lh.googleusercontent.com/a/ACg8ocLY5-GXdBbI4ihm0O-0cyKFp71PkAmyzY130wifEHe4POa1SA=mo,Great apps,5,0,,2022-12-04 06:45:37,,,
cb005fa1-e897-4ed2-bda1-cbf71b572a97,Malik Nasir,https://play-lh.googleusercontent.com/a-/ALV-UjUS3vSkCNNjoa47KSiS7J1en06ObNedo4dTKLusP1ZESRN5tV-7xw,Good 👍 app,5,0,5.3,2022-12-03 23:21:47,,,5.3
f517803f-0421-479a-b08d-1331c7e2a5fa,မူိးတိမ္ျပာ KMT,https://play-lh.googleusercontent.com/a-/ALV-UjXDPmFcaIjwrFkioAS5ev----ihgHU9Kmp55aIOetlscyJ8kKQu,Good app,5,0,5.3,2022-11-28 19:37:26,,,5.3
e93c06c7-c44a-4d12-9841-77f8faf7d029,Anabel Tarrayo,https://play-lh.googleusercontent.com/a-/ALV-UjWdDHR6wo7vsxJfu0MyV0sHJs1L2o99GSd9sDAKeXLOXrzlNuc5,Easy to print using Goodjprt bluetooth printer.,5,0,5.3,2022-11-27 13:00:22,,,5.3
149118ec-2ae1-41bc-85dc-9e3bf47a7e7b,Green Green,https://play-lh.googleusercontent.com/a-/ALV-UjW54WHJA8fq_uSK5garLF5fcbnaJScyWrOmvf-sAdaiSPaTznAW,Awesome app love it nothing to complain to my small business,5,0,5.3,2022-11-26 17:39:22,,,5.3
98c3c09f-eb0f-442b-847a-f99ff656765e,Vivek Balraj,https://play-lh.googleusercontent.com/a-/ALV-UjVzqo3KughpUDi3luhRkheVLkP9CIrTup7m9AqxwQ-Jz0QqR25c,Its so helpful to us,5,0,5.3,2022-11-25 18:01:22,,,5.3
0b050883-1302-4802-86fd-26bdbafbc5fb,Beat-14 Quetta,https://play-lh.googleusercontent.com/a-/ALV-UjU2-OPmlTozXMImODu-OOIctZv0HFLPqeqtxVD-P8ppzJ5zJ0V4,Good,5,0,5.3,2022-11-25 10:45:35,,,5.3
ed47decb-5f56-4d67-add7-fc2d0b067b50,Manoj Manu S,https://play-lh.googleusercontent.com/a-/ALV-UjVI5Hf4p5WF3tAo1Pw0HhGbF7lM2E9DoOY6gXgo6FSV7weFyLjy,Awesome Experience I loved it it's accuracy,5,0,5.3,2022-11-19 20:01:19,,,5.3
9fdf4118-5e51-436d-8789-2573da8135bb,Ndhlovu Martin,https://play-lh.googleusercontent.com/a/ACg8ocLMjO1X50JP12Cl_RaxHZEaHFxugZQlSEbV1hDqgmDWnPIhLso=mo,Cool,5,0,,2022-11-18 23:23:31,,,
b627295e-ef04-482c-83f2-a1b46a70057d,MD RASHEL,https://play-lh.googleusercontent.com/a/ACg8ocI0-hgJcysOKAfK8SJisYnxUdQ3d-EX6wi_45y6YUU0nvI7dw=mo,Best,5,0,5.3,2022-11-18 00:46:43,,,5.3
60a4f0eb-f792-420e-85b1-710525bf3831,Cafe Alloro,https://play-lh.googleusercontent.com/a-/ALV-UjUNyvh4gwUMxqA8nZOHrrTS0dutLUFaJqfOmtz0Bdg6INc9LNU,Awesome,5,0,,2022-11-17 19:46:38,,,
97c7aab8-671e-4b8a-b02a-bc048ab962cb,Morteza Ramezani,https://play-lh.googleusercontent.com/a-/ALV-UjWLAOZEw8uM_q64KF_b3VCOIcV1ka5NEKLYTUBeFQ0KNpNs9BM-,love it but arabic fonts didn't sets to defult print we must creat picture from Preview then print it!,5,0,5.3,2022-11-17 02:38:50,,,5.3
a5447e40-5285-498c-85b6-7decd3308846,yousaf warraich,https://play-lh.googleusercontent.com/a-/ALV-UjVqtpijCeENES0_7OH5cfq2VafPqhjSeud7YdbZ9ih1fR0p3wgl,Very good app,5,0,5.3,2022-11-13 20:10:53,,,5.3
8893b661-0f02-4cc6-ab11-bdf866d6559f,Abu Abdullah,https://play-lh.googleusercontent.com/a/ACg8ocJnV34QNjlYNm7Rjxw178_GxFQqtFG-wAJO9CDg6UZIRe7slg=mo,It's Very Easy Connect And Easy Use,5,0,,2022-11-12 17:31:49,,,
d9413801-f704-4e50-877f-d7f8b955e188,na ra,https://play-lh.googleusercontent.com/a/ACg8ocIPm8GDzID-V2iLkchsFNy_SXE6_6FnFMC0BTDdOwfi4Vuk-w=mo,Good,4,0,5.3,2022-11-12 15:22:00,,,5.3
ecf7c893-d1be-4765-be7f-e5cb2a77bc20,Tria Trisnawan,https://play-lh.googleusercontent.com/a-/ALV-UjVChn5-PWgnGAkTxj1fEO3Xv5jx-41oCJNpCm5gX-rSyNNGKKQ,"Good app, helpful and easy to use",4,0,5.3,2022-11-05 15:04:26,,,5.3
6dcc0333-1de4-461e-80df-4274c6ce8423,denny liu,https://play-lh.googleusercontent.com/a-/ALV-UjUY-IVfJnu7rY3em3XG-I1liVWhCuysrvWez4xY3khYL1uzvjI,Great,5,0,5.3,2022-11-04 16:25:13,,,5.3
e23cbfba-df54-4f5d-82cf-a2a81543a757,Moyoyo Store,https://play-lh.googleusercontent.com/a/ACg8ocJ3f6FUZA9C7dWkZTc1-qiOPO7G_KBUTfEckP6ZVrszTgD4=mo,Mantap,5,0,5.3,2022-11-03 18:20:43,,,5.3
f73bcf3b-ac40-4a95-957b-3bde1bfb54d8,Kim P,https://play-lh.googleusercontent.com/a-/ALV-UjVFDcAVWRZftgFRWdDvecna-Vrm-7jCHMXQ7S6rcT1dVu9181ti,Very nice app,5,0,4.8,2022-11-02 09:36:34,,,4.8
54a581da-717d-4b8a-88c1-c8f3f337e8d4,Patricia Musonda,https://play-lh.googleusercontent.com/a-/ALV-UjU4lpD1YZ4demuwtk4txaAjjfn36jv3H8Ih-68xA_6P5moArO4,Personally I'm enjoying the app!!!,5,0,5.3,2022-11-01 16:53:02,,,5.3
8f213a60-3e5b-4683-bda6-def5892af70f,Roy Sampson,https://play-lh.googleusercontent.com/a-/ALV-UjVst7RMbPnhfJ56iPU1hVwURIO86mKktBhlaTuN7VRcG0Z3YL6r,Works great with my Toshiba Portable printer,5,0,5.3,2022-10-31 16:35:08,,,5.3
690a1fb3-8d95-43f1-8118-57e188c45aa5,Luthfi Afifi,https://play-lh.googleusercontent.com/a-/ALV-UjWo5B-MtomFWHBvBq86jozjLoa4DaAuNKEArvY4T-NyDnbNIp_Q,Good.,4,0,5.1,2022-10-29 10:40:22,,,5.1
fc9a68c4-f5b9-4374-9411-354d544c7325,Suriyani Yusoff,https://play-lh.googleusercontent.com/a-/ALV-UjV_jw9w0-qlq_7L5DXW95H4GLzV73mDQ-IdfZGmLBH3EvUGKTsyXA,Easy to use and can use with small mobile printer.,5,1,5.3,2022-10-29 09:17:33,,,5.3
cb3bb8c2-f51e-4921-8637-28f38e2e2809,pope padmoore,https://play-lh.googleusercontent.com/a-/ALV-UjW3wqaoP-uTZ2aUA29HeTMQDkMeqDJgkI3yauvcnKiwqkmUu72e,Plenty ad on,5,0,5.2,2022-10-28 15:22:23,,,5.2
7aacc8eb-cd0e-4251-b9c5-fbcef38cf8b8,Lötte 91,https://play-lh.googleusercontent.com/a-/ALV-UjXeuPSa9GG49tUbO-iaynM3kmz6ofrwio3azJaFeOJr_A7Ah-_V,The best printer without ads for thermal printer hehe thx,5,0,5.3,2022-10-26 16:07:48,,,5.3
fb8b5107-93f2-43f2-9e27-61665b33ba6f,Santanu Pramanik,https://play-lh.googleusercontent.com/a/ACg8ocIkYhrqOH76vpp8xl1dc_SqmnfakO3S2IQLMUuVD8hUlErMPg=mo,Good,5,0,5.2,2022-10-25 21:10:17,,,5.2
e7ae1446-5b79-467e-a28e-1e779bc639ac,Jelyn Lazaro,https://play-lh.googleusercontent.com/a/ACg8ocKJlULZc0wIKPG_pGj-jFEF1W_Y0yBZv06kK6f8GNdp8qnZpM8=mo,Nice,5,0,5.2,2022-10-24 10:33:40,,,5.2
195032b2-4c92-43d1-aedd-d4c9e704ba55,Doris Mansueto,https://play-lh.googleusercontent.com/a-/ALV-UjXWyJAOH7M0sXP5Z9uzSA6V6VUQrO-01aGVA3PCJSOKaBRFEDV_,Very nice.,5,0,5.2,2022-10-22 09:34:57,,,5.2
b4b47eb4-900f-4d09-bf17-3d2b26e79610,Lee Mugari,https://play-lh.googleusercontent.com/a-/ALV-UjV0pXnkeHPHISxwfRirUdBzZ4qMTblc1DhwQe6x5tj8mhXSn08r,Best app for this printer no problems at all and really fast when connecting to the printer,5,2,5.2,2022-10-22 03:04:48,,,5.2
a36ede90-de25-450a-bf6e-67766394e273,Cepi Klepi,https://play-lh.googleusercontent.com/a-/ALV-UjXk0orGND3zOEbBZ338wJF-WZi19v7V6-6gj-z0m1a2yDOVBvm9,"Hari pertama insall test Print Text dan Test Barcode Tokopedia, bagus. Belum coba barcode Lazada nih",4,0,5.2,2022-10-18 22:40:57,,,5.2
0d5211e5-f4ed-4e5a-a160-5ab066334fa1,Joyjit Adak,https://play-lh.googleusercontent.com/a/ACg8ocI_pR93U04zpKjh7WYfc-gnk1kPAnvBPlZgErGDkUrDjOVQ=mo,Good app,5,0,5.2,2022-10-18 08:21:54,,,5.2
916bbac4-c1dd-4e3b-b121-c54faabd0ae7,Sediong Jim,https://play-lh.googleusercontent.com/a-/ALV-UjU8-6gM_r_2FURF_z0MFK4aExBg1o33yB-mE4WGmzWqlSPPVb8,"I got satisfaction using this to run my pos business. A customer who came for payment of school on seeing my traditional pos machine, was very discouraged and attempted going back. I beckon her to return as I have an application in my phone to generate the printout for her from. Upon successful transaction and printing of the receipt with this application, she expressed a total satisfaction and prayed God to bless me and my business. I affirmed a very big Amen. That was the beauty of super app.",5,21,5.2,2022-10-17 23:57:44,,,5.2
8cac47cf-5189-4b94-890f-f8d5f9c758a5,Md bablu,https://play-lh.googleusercontent.com/a-/ALV-UjVYEYqIU3btfa66XfL71DOmNDmTnqN5DFyPNpVfm9EZog0LtIh3,I love it,5,0,5.2,2022-10-17 10:06:56,,,5.2
c626bc0a-b37b-486a-9fda-541992bbf2c1,Jasmin Avenir,https://play-lh.googleusercontent.com/a/ACg8ocL3pClOoiO_5NTOtTlRJ5Z5uFQNzO-03DeQZ2fkwbR34ubJWXft=mo,"I like the app, clear print out, thumbs up! Easy to connect and used.",5,0,5.2,2022-10-15 07:06:56,,,5.2
1d270d9b-1afb-47c8-8d51-a11f81a48d64,Mamiteo Kitchen,https://play-lh.googleusercontent.com/a-/ALV-UjVOEDCmHKF5CZzq4tuoGBRiTRHd-Tw9KSyjNcGzvU0VTif0gnY,Bisa untuk thermal printer bluetooth VSC,5,0,5.2,2022-10-11 19:02:03,,,5.2
0b26d1ce-e3bf-411e-9b12-6b5fab2680d6,Sushil Narzary,https://play-lh.googleusercontent.com/a/ACg8ocJoTG1zqJm_KlgB7ZHRY74f0CcBlhPXTMF7N597wsi8Ed-6dQ=mo,Good product,5,0,5.1,2022-10-11 16:00:42,,,5.1
b7af8fca-7e17-42c6-a315-7ab69f333a40,Nenita Motay (Neth),https://play-lh.googleusercontent.com/a-/ALV-UjUNuQKnBa8D4_ft1fSL3btRxfmfISFrqxQqZ0Af9r0sPoAUDGMo,Verry good,5,0,5.2,2022-10-10 11:47:18,,,5.2
6df0a2ac-f50d-4f2f-8cf9-c5c19c677097,Cletus Chukwuweike Okoh,https://play-lh.googleusercontent.com/a-/ALV-UjWsW2S39bEBYCEiZK_Um4wj1IY-jD_VYS5PBit5fd3ydqiCNGhBqw,Excellently good 👏,5,0,5.2,2022-10-08 20:48:56,Thanks for your feedback,2020-09-26 07:34:43,5.2
11919e45-60d1-47f1-9eca-5da94bfe11ab,Candy Bello,https://play-lh.googleusercontent.com/a-/ALV-UjWNxJnUYMmOIgOpcHW1Q8MoXEFTYfkxDPUQwshclo-Ty1eNjHLK,Very easy to use. User friendly. Thank you. Hope there will more fonts.,5,2,5.2,2022-10-08 12:47:36,,,5.2
e73aa0f9-8bf8-42e3-8c53-72459653f074,Shahid Akbar,https://play-lh.googleusercontent.com/a/ACg8ocJUMrEAbUBvEY4IX-OJdtStlUbqWPicnn3Vd53hR6mT-Mkuqg=mo,mantaaab,5,0,5.1,2022-10-06 21:49:25,,,5.1
9d8e08df-b50e-4043-b89b-777fb3a1b213,annisa sugandi,https://play-lh.googleusercontent.com/a/ACg8ocLqsFtdp_9Y-jKB4cM3a1RtYRPbcjfzPVDckPsGQ5ApDQXU-w=mo,excellent,5,0,5.1,2022-10-06 17:03:09,,,5.1
cfa55c65-6060-45bc-99b5-29f2e7b1f095,Mahender Pabbala,https://play-lh.googleusercontent.com/a-/ALV-UjWSke02QAE9-lna6HAIhKXRoH6kmuotW2t5H-KH0LQjSoZ3mS6V,"Some apps unable to open/print directly, so i have to save them as pdf/image, then i have to open the pdf/image from files from there i have to print, so please fix the problem",4,1,5.1,2022-10-06 16:15:07,Please share your query on email matetusshar@gmail.com,2022-10-06 17:58:29,5.1
0a24a4a4-5a1b-48eb-b2fb-c571192e7be3,RAHUL VEKHANDE,https://play-lh.googleusercontent.com/a-/ALV-UjV2femMLtDuE34dEbnqqjJ6nsiiwN2imgdSHo2YHYrFS6YCY9_npQ,great app. after long search. no advertisement while working,5,0,5.1,2022-10-05 23:33:21,,,5.1
bcb1fc0b-a5fd-4e0f-99c7-4b8172c16ec0,Ah Huii,https://play-lh.googleusercontent.com/a-/ALV-UjWy5A009Bcanx-VlUg8VIPXwfZQZ6YROsXIk3nmTLzXGVy8b5ykkQ,Good,5,0,5.2,2022-10-03 15:15:42,You can go to contact option in the app. Alternatively you can reply to this email for your query,2022-09-24 17:58:02,5.2
d61c99d3-ce9c-4e6b-85f9-d03573ecd927,"Ravinder Xerox&Dth,Atm",https://play-lh.googleusercontent.com/a-/ALV-UjW6LWkVUmns7Wr4Isp2J0oqO1VaVrtxbsOCFTMF4EQsPCxhSGIT,No words,5,0,5.1,2022-10-01 17:32:08,,,5.1
cf85a7e3-884a-451f-a43c-ad5554de95c8,Kiyingi Isaac,https://play-lh.googleusercontent.com/a/ACg8ocKLa2MhFzLck3KvjFnUKwRZLvV5AyO0XI6dVmajgdfTc18M9Ls=mo,"User friendly Good app for all. Try it, u won't regret.",5,0,4.8,2022-09-29 13:12:12,,,4.8
1e3fbab5-7e69-4e40-9d88-ed49894df15c,Suneel Kumar,https://play-lh.googleusercontent.com/a-/ALV-UjX_XvSGvvx-ltP8HOtZBrrh6LCUT30FdM5i0s4m2rfomBdWlvYR,Rubish,1,0,,2022-09-29 08:36:05,,,
abd67b01-1d28-48ea-b973-c39a87edfa04,mevlana zuaiky,https://play-lh.googleusercontent.com/a-/ALV-UjXl3SPtrFWmgosPjmKsxPg9uN9HqYXn6zp08Z5xdEVtQ8AlSJ0u,Mantab,5,0,5.2,2022-09-28 19:21:35,,,5.2
572f601b-2f77-49c6-99bd-bc5bea5c3621,Yaty Manje,https://play-lh.googleusercontent.com/a-/ALV-UjXC5U9AvHGJJ6b-qkFWr2Xu9pTOZ9hKu8IVoCvh9u-9YNGbwbI,The greats apps!!! I like it,5,0,5.2,2022-09-28 18:31:03,,,5.2
73c86d34-1763-4237-8bfb-eee7c0528d82,Joy “IyyDee” Obot,https://play-lh.googleusercontent.com/a-/ALV-UjXs2EKI5CvMAt-r1vFgUDc4EebDmVNrWzRg-uS8yFEoKA6tw_yR,I love it😍,5,0,5.1,2022-09-27 23:54:36,,,5.1
ba544b20-d7f8-4033-9224-9db9a152e070,widhia saraswati,https://play-lh.googleusercontent.com/a-/ALV-UjXq0wftxQzeQ1e-xVSBvK14_9OmyKw3F3BtyP1DGNlEaMktrb1e,Easy to use.. work out properly.. thx,5,0,5.1,2022-09-25 21:53:49,,,5.1
a83f1fa7-db25-4bd9-8d0b-c45a719fb82f,eduardojr magon,https://play-lh.googleusercontent.com/a-/ALV-UjV8PHEnxrbC6CEzjGcZJR9ad78Zxn_zIUzgDpwGA-L90wLZ5kQ,Good,5,0,,2022-09-25 17:52:00,,,
4952bc61-9b9b-4f83-9749-85f447bb63a3,Juan Martin,https://play-lh.googleusercontent.com/a-/ALV-UjVyhYHv1B4hkBtMZNq6vgDyUo03XBH_iWbIoWeL24MDnGuBhn7j,Very nice app. and easy to use.,5,0,5.1,2022-09-25 10:00:02,,,5.1
878cd17b-83bd-42a7-8a78-0c8c2cd63d73,Margaret Samuel Nana71@gmail.com,https://play-lh.googleusercontent.com/a/ACg8ocJx4Tl4tdST-LPyjMVrCzP2BJr6jug-zNRwjyGsfvCKu-MaDg=mo,"Excellent but d printout fades within 3 days, pls something need to be done for d printout to last a while.",5,0,5.1,2022-09-24 18:28:16,,,5.1
c03632d8-da9c-48a3-bb25-7100fb62c66c,PUSAROAD DELHI,https://play-lh.googleusercontent.com/a/ACg8ocIg-GXKt9b0j9GGPRW9RPq87mHt73l6GZELuf83JX6Qpa4Qcw=mo,Very good aap & excellent job.,5,0,5.1,2022-09-22 13:52:27,,,5.1
e8480e9d-3657-44fb-862a-a176d56606d4,muyanja eric,https://play-lh.googleusercontent.com/a/ACg8ocLMQiyM8GKCQScP_8GIzSHqPBpTN9OoMAoRh8Pjb4Gvcss2Rg=mo,Good,5,0,5.1,2022-09-21 14:12:24,,,5.1
70b5d090-a4a5-4e48-8dfc-fab1fc28041e,Marco Masculino,https://play-lh.googleusercontent.com/a/ACg8ocKK0qFFit0_7D9kdK-8z80kb12a94LZAeiI4qUJ-PRrlQHJNw=mo,The app cant print all parts of the receipt consistently. It only print the whole parts at first but next one it only print the headings 😕,1,3,5.1,2022-09-21 06:52:30,Share your query in email matetusshar@gmail.com,2022-09-21 07:04:21,5.1
c8be2ce5-6b05-459d-b419-2a31680aa9bd,andika buzz,https://play-lh.googleusercontent.com/a-/ALV-UjWJgdTn8-Z0if-hSjeca09HQilJoKtfYx_l4CeuzU6x4uo8Lb5P,Great app for thermal print design,5,0,5.1,2022-09-19 18:50:25,,,5.1
50244bf0-4d27-44c6-b4b4-ca3be5eb0385,मोहाम्मद सामिम,https://play-lh.googleusercontent.com/a-/ALV-UjW1omlE-rOKevRc08YqeFTmTF4VX99xQKgLEDc4NC2HLVRcYPZN,This app saved me from out of thermal print service,5,0,5.1,2022-09-18 00:13:36,,,5.1
b1a93b7f-9416-4155-b732-69473310a720,mahdi hmitcha,https://play-lh.googleusercontent.com/a-/ALV-UjUsGCly6L7FjcvlfHBF-NwnOnZvPtpOxqtv8Iwibfv00qB8fMO_yQ,Good,5,0,5.1,2022-09-16 17:00:43,,,5.1
4b605464-f2d5-4269-940e-c14ba38a0e4e,Export Pro,https://play-lh.googleusercontent.com/a/ACg8ocKeuo8wWg0TkZEEnAw3Z91l_-9p9gZpKf-XvcsmJpYFTOzKFg=mo,best,5,0,5.1,2022-09-15 17:45:42,,,5.1
59a38525-a8b5-4c73-9fc4-681410aecd2d,Jeffilynn Soledad,https://play-lh.googleusercontent.com/a-/ALV-UjWFv-Fkb_Mkr6whE-hHrfMDyN4PjvTr1-NZcNeCMERlMsc-3SrD,Hi tutorial please how to use codes for calculated amount,5,0,5.1,2022-09-14 14:33:57,View how to use tutorial in short codes section,2022-09-14 15:17:33,5.1
a385587c-864a-4652-a2d2-462d3270aaf2,Jagad Abhinaya,https://play-lh.googleusercontent.com/a-/ALV-UjW0zcL-ltpmSeXPifhAg75NtViaNjQpaLApAL91uyj5Svejn-w,Very usefull and help me in time,5,0,5.0,2022-09-13 12:12:21,,,5.0
c0056442-2f25-4b1b-ac66-5d694ab7fb2e,SK JAHANGIR,https://play-lh.googleusercontent.com/a-/ALV-UjW2HYNH1tJPHnBarEGYReXy7xeSUALoUKuBEa-tnTGP1FuyLGU,Good app,4,0,5.1,2022-09-13 11:19:28,,,5.1
81377ab7-19c3-46c8-aae1-7096d992cc4e,CSC Digital Seva Kendra,https://play-lh.googleusercontent.com/a-/ALV-UjUT-DeKazQzQTxGBTxaDu0kOCiPMZIjS1_BiSGXxTrT_lFxP9HU,Good 👍,5,0,5.1,2022-09-12 23:57:42,,,5.1
a599d7cd-3f56-4dd7-9925-c75acfc01278,Yuseef m Hersern Gilima,https://play-lh.googleusercontent.com/a/ACg8ocKHvxVr9U6alYKuaQb3a48VoO1ntTnW3FRGa0zF2haRxNidbRM=mo,Thank you very,5,0,5.1,2022-09-11 16:45:42,,,5.1
85437274-e20b-47da-b7b9-ac73ccb06000,Renante Refugio,https://play-lh.googleusercontent.com/a-/ALV-UjWeEKXDmYVbl6zfAYbEM1Dqtzbw5jN7zssDr6ZlWZ33o1BBKak,Excellent,5,0,5.1,2022-09-11 11:25:27,,,5.1
e7589d76-35c6-409c-b327-8528d8d9b12f,Mugalu Medi,https://play-lh.googleusercontent.com/a-/ALV-UjUgCQEE1VOSyy-ylPdx823fDB8lBJyCj8Tb3hiez8Tg_-whn-US,Good app,5,0,5.1,2022-09-10 23:38:58,,,5.1
e8832d05-22d1-4269-9cf1-3c443224c6d9,Voice of Nation,https://play-lh.googleusercontent.com/a-/ALV-UjWBasm2PiArszRxEqS_0torqChq9kcOyN-66C6MOzTEzySq2bFy,Good application for bluetooth printer,4,0,5.1,2022-09-10 09:15:14,,,5.1
e0a2cf37-aeea-410d-9161-c4cf79abef74,Daniel Lawal,https://play-lh.googleusercontent.com/a-/ALV-UjU-uP061Uibma3F6TN6J1TQ-srKh7sbmE7CGHIKURPQh9bSLq4zKw,"I love it, it works perfectly",5,0,5.1,2022-09-09 01:38:35,,,5.1
5523fbaf-13e1-45fe-a988-b8d1f48187e3,tjun jong,https://play-lh.googleusercontent.com/a-/ALV-UjWfmX85kiKiqpKJ53IGSjKshTfDvrtGJpW4wJCxRc1rkJBREn0e,Good,5,0,5.1,2022-09-07 18:18:45,,,5.1
6ad87380-a3ca-42d6-9db2-47ed9a8600da,EMELYN FLORES,https://play-lh.googleusercontent.com/a-/ALV-UjVxe0BiAZuaaP7gRMHR868bos6xV5-HfL3nLv5A2vM2ZYhJsHgA,Easy to use amd operate,4,0,5.1,2022-09-07 14:51:03,,,5.1
c10662a8-5138-444c-86c3-3b4ca7bb5a8a,MUKHTAR ALAM,https://play-lh.googleusercontent.com/a-/ALV-UjWMkxV9q6kbQbCPD_d4E6gWsmaS-5ohOil2dXUt99dvbYmFAurm,Good working this app,5,0,5.1,2022-09-06 09:26:27,,,5.1
bde2bdd2-112f-486c-82a3-74988c6a390e,Jafar Arifin,https://play-lh.googleusercontent.com/a-/ALV-UjUI9QzyGE6UKk4XTSsrD6jGqCaxlOP4wNS5lcNCZkq8rUVPJpk,Good,5,0,5.1,2022-09-06 07:17:35,,,5.1
63e0f4b9-2b78-4c94-b48f-bad4a56330f5,Brittany Powell,https://play-lh.googleusercontent.com/a-/ALV-UjWwIm45KqNQPRP-OklEYeq8qhvaiKElmXwJ_NZCsWec6iRsCOow,Great,5,0,4.6,2022-09-05 07:38:52,,,4.6
9def744e-8888-42b3-9f2d-b7f20d20df4d,Ham sanatan Hai,https://play-lh.googleusercontent.com/a-/ALV-UjWhs5QapP4wo6ZJrp5PwbU9rU2kW8tuXfJjMltoSBBkwZ-N2Hc,Good work,5,0,5.1,2022-09-03 15:36:18,,,5.1
14ce807a-32d2-449f-ba4e-9fd570834f50,Joseph Bam (Computer),https://play-lh.googleusercontent.com/a/ACg8ocKalQwcyNvlfkWpL1CNdl7YWnMyF7PMV0xCowSOlZrJrhnMaA=mo,Perfect,5,0,5.1,2022-09-02 14:13:58,,,5.1
25ded994-5fe4-49ce-8498-5fdaad478246,Argantara Agung,https://play-lh.googleusercontent.com/a-/ALV-UjXA5cqci9pk2R3qFfKrprSIRHA0i12IH9-HgHG_QhlC42JMd7r3Ng,Biarkan Bintang Bicara,5,0,5.1,2022-09-02 13:56:22,,,5.1
ca043700-c21c-4a50-84d9-0dd12be9dd62,Empire Skincare75,https://play-lh.googleusercontent.com/a/ACg8ocJpYiCrAybghdT9GWQBCUROJlze9UFqRI6fEA1XhNILzMP_xw=mo,Nice one,5,0,5.1,2022-08-30 18:32:27,,,5.1
3c08e64b-f02f-43c1-b93f-fd424b79423b,lidaparwoto,https://play-lh.googleusercontent.com/a-/ALV-UjVmTsfOD8JLOMFIdbARFQmlmZx_d9IB52fUIc3dmgeNtZWSF4D3uw,good and simple,5,0,5.1,2022-08-29 18:05:41,,,5.1
fbba6401-d73f-4970-be10-2f8dced49fc3,Yogesh Patel,https://play-lh.googleusercontent.com/a-/ALV-UjVy1TZeVJm0hChJPF5X9UFaFoGRJiXJoAhfb7uUN60PkYmbRk-m,मेरे मोबाइल से कनेक्ट नहीं हो रहा है,1,0,,2022-08-29 14:36:06,Please send an email for your query,2022-08-29 14:48:50,
40a5b69c-32b8-4678-940c-9d59ed6419cc,GoodRiddance,https://play-lh.googleusercontent.com/a/ACg8ocIWNZ0Hg4ALiYmkypL8EipvCpFxlB7hRqFrrcl0EI1op2MrhQ=mo,"No concept of a list. Its either print everything or nothing. An entire template must be painfully created in order to save prior labels. Developers, each item should show as it will print and not with lines removed to appear as if it would print as 1 line.",1,8,5.1,2022-08-29 12:54:26,,,5.1
6171cf37-5cba-47c5-823c-ccbd47616bd2,Naveen Manchikanti,https://play-lh.googleusercontent.com/a-/ALV-UjVdn1i1hr3BDMWtQlZBjQjATHyHlXiV3bC-p-_OtH-MEqvK7Xc,Good,5,0,5.1,2022-08-29 09:14:30,,,5.1
7be378bf-c65b-4f84-aa5a-3a18ba53f839,L Ramsey,https://play-lh.googleusercontent.com/a/ACg8ocJPFGKMH-KI8-aGjRh8WgPajzX9UD7xP1eeYd-aew5PdC47wQ=mo,When you label the name of the game USB printer people expect that you can use the USB port on your device to communicate with the printer very misleading:update I did use otg but it didn't work :(,2,9,5.1,2022-08-28 22:42:19,App supports Bluetooth and USB thermal printers. USB printer requires OTG cable to be used,2022-08-26 21:34:17,5.1
b3432c89-376a-454f-ab56-a15bd470c850,Nurul Ikmal Abdul Rahim,https://play-lh.googleusercontent.com/a-/ALV-UjWS1Ar4kqfENDGVo6oMoUEsH249K_qEakw6hXpgS7KXYsSU0I63iw,Good apps,5,0,5.1,2022-08-25 12:35:45,,,5.1
0efde339-68f6-448b-aa8e-170441310d7d,Umesh Kadam,https://play-lh.googleusercontent.com/a-/ALV-UjVgTiCWWGnoDz0fM428yeJ86TVTgYdSaY6B_C8BZi-zVNNmEj5N,Very good aap,5,0,5.1,2022-08-25 09:45:37,,,5.1
7a1d2094-479f-46ff-a5ef-8e02bc768bd4,Aji Dwiyan,https://play-lh.googleusercontent.com/a-/ALV-UjXfdprjVUGl-LbYPUEbDaC-hSCYz6a3qq3MRVRTkZMzNB2ez5hs,Cool ota help my business,5,0,5.1,2022-08-24 20:53:35,,,5.1
68f3b604-6284-44cf-86fc-41b3b05d3f35,Jeeka Krishna,https://play-lh.googleusercontent.com/a-/ALV-UjV-lWnYGj_8wsf1fA5E0vXFgugTs39nmmOZclMP-eez6rp__y9uSA,can be better,4,0,5.1,2022-08-24 12:11:46,Thanks. You are welcome for suggestions to make even better app,2022-08-24 13:17:07,5.1
9024b86a-855d-4b19-aa2e-68b0239b2a9b,May Jane Ompad,https://play-lh.googleusercontent.com/a-/ALV-UjW0X2cJvEG0Cw58GpQmdKihwxBcspCKrmnPBlPTE9kCo0TJFRj9,great app thanks,5,0,5.1,2022-08-24 06:16:48,,,5.1
fc566587-eb09-41e8-b986-525084a77c53,Jan Niño B. Ruedas,https://play-lh.googleusercontent.com/a/ACg8ocJYD6EExy47kVzac7dZ3qtOXk4njX46hO4oOLyfuxhaaGJYffc=mo,So very usefull and easy to use. Thanks,5,0,5.1,2022-08-23 13:17:23,,,5.1
d5c47570-d52d-4d29-ace6-177070a7b964,teboho molakeng,https://play-lh.googleusercontent.com/a/ACg8ocJOahJvlwjBbcErrnZrySksD4vlSew5HuLoDkTADTOJPkOUEA=mo,USB doesnt work waste of time effot and phone space,1,0,5.1,2022-08-22 02:01:09,Please send an email for your query,2022-08-22 09:32:51,5.1
0b986862-11f7-4d69-a15b-be08c273cd24,Richie Smalls (African Homestead),https://play-lh.googleusercontent.com/a-/ALV-UjUIXpFtf4ktBbgOA39SHRbU-dX39SlVkDBkEXPfn58hbLTT2vg,Its easy to use and straight forward.,5,0,5.1,2022-08-21 15:07:44,,,5.1
34d9c56e-8fa1-4d46-b9f7-fc4d333f7669,Bill Printing,https://play-lh.googleusercontent.com/a/ACg8ocJliFYXO1GE5zvtKo1OpeLueDt3PZ30ZRYNCWr50q92WZFccw=mo,App says downloading pdf module and nothing g happens What to do now,2,0,,2022-08-21 11:52:36,Please send an email for your query,2022-08-21 12:11:44,
b5db9066-0339-40a6-aa67-26e6a2502071,PRADEEP KUMAR,https://play-lh.googleusercontent.com/a/ACg8ocJ90t9jX0ObYyiuA2wjk01YVrzrS5jzJwOXQgMt6ESFc5g2uUc=mo,Good app.,5,0,5.1,2022-08-20 08:57:02,,,5.1
9f640d00-ff1e-4787-b0a2-43b833c191be,Hijriahni Siregar,https://play-lh.googleusercontent.com/a-/ALV-UjXk0efng-jTIYGUwLVXmoZ7Z-aStm6mB2NPNSuE7xOqcDalw54,Keren banget aplikasinya bisa frint foto dan hasilnya baguuus banggget😍🤩,5,0,5.1,2022-08-19 09:30:09,,,5.1
b7db067b-ff6c-4cfc-8a1d-da2442066520,Just Juls,https://play-lh.googleusercontent.com/a-/ALV-UjW8UMYVKGWVLKLQj4WX9sN635sDqJggOvFUoSK8S0HA8jBK3flV,So far so great! It's super easy to use.,5,0,5.1,2022-08-18 15:08:30,,,5.1
8e80f789-e4a9-4e5b-8bf1-ea5c22aac763,Gusti Getas,https://play-lh.googleusercontent.com/a-/ALV-UjWEzZNWw0vZwrngKfN0wPoxN-KwJzwJ5MOSQnGgppfZRAJH4Fs,Good,5,0,5.1,2022-08-18 13:33:28,,,5.1
a25752ea-5dda-4c00-bce2-57cc8bd4e16f,Stephany Cornillez,https://play-lh.googleusercontent.com/a-/ALV-UjVrR5Xjh2ZQSmr8YXOGgmcsuEBc7XIgDEBuI5kOKWJe_l8sVO84ZA,Nice Apps..,5,0,5.1,2022-08-17 14:56:35,,,5.1
0a39ed93-b099-49f5-b0ab-6cf020b1f4c2,Mohd Asri Yahya,https://play-lh.googleusercontent.com/a-/ALV-UjXWCNGkC3vjFHkOwzcrFjtaTNQlPIyowikBbuokL0V_-Cr7gxeG_Q,"Excellent apps, recommended",5,0,5.1,2022-08-16 05:58:18,,,5.1
554ce498-9eff-4780-a4a8-4915a0591565,Jay Capulong,https://play-lh.googleusercontent.com/a-/ALV-UjVpkZ8RnpGMU1iwkgC_kltOYx-JeTTd_Teruqd9wrm6612HpkAx,Nice app but it will help me a lot and might pair it with my GB03 C9 Blue Cat Thermal Printer...can you help me?,4,0,,2022-08-14 15:20:58,,,
c5a10941-f0fd-4d49-9836-acd7360e3dbb,Ody Septian Pratama,https://play-lh.googleusercontent.com/a-/ALV-UjXTvVcv21vck18tTib9PkWoMTvFfQYNXrm7iIjTPclhg-NEPIV4,Nice apps,5,0,,2022-08-14 14:05:14,,,
d90ce371-ec48-4ad9-8721-1d6750dafd19,Tomi “XTM”,https://play-lh.googleusercontent.com/a-/ALV-UjVbQOHGhvt941Ln1whgqkWLVE25Y5mFLvpvsAKdx2aZDqqFmQ_y,"Perfect! Easy to use, lot of usefull functions, intuitive.",5,3,5.1,2022-08-12 22:43:36,,,5.1
e9847c72-18d9-4d93-b1eb-48bf0e92eac3,16:20,https://play-lh.googleusercontent.com/a-/ALV-UjUoTaAqn-FGbY96hvnumtfEBJtcxGc7F3eCYsbZ-sxi-z00cyqh,"freeze when i try to import backup, then it's forced close, edit : developer nya baik hati, sangat bertanggung jawab, fast respon",5,0,5.1,2022-08-12 20:21:56,Please send an email for your query,2022-08-10 20:44:26,5.1
418e2280-1a12-46f8-8d74-76f5407860ce,Andrian Sila,https://play-lh.googleusercontent.com/a-/ALV-UjXm2eI5AANfV4DWHkRzv0D9UYMH0GfI9ZtGoj87phWpp4lmg8Ww,Mantap,5,0,5.1,2022-08-12 14:54:17,,,5.1
0f68f5ef-5098-4c2c-94d4-bd298490ec25,Mr. Randheer Kumar,https://play-lh.googleusercontent.com/a-/ALV-UjVPGiLf1-ra9VS-iTD4Iz-MZO_4r0SCDZ2y28z_DqPFm7jjo5S5gQ,Good app,5,0,5.1,2022-08-12 13:15:18,,,5.1
3ccad481-da39-4847-967f-de813e11432a,Borneo Science,https://play-lh.googleusercontent.com/a-/ALV-UjWrIUN9GyVXLxkhZIqmhSWZGMTyH02DOTp0qTzkkuMJHcR3G3TS,"So far so great, but there is a bug in the text special feature as Font type always default mode. Please fix it asap. Tks",5,13,5.1,2022-08-12 07:34:36,Please send an email with video showing your problem,2022-08-12 08:23:59,5.1
431b6f26-1979-496c-b899-566bbae1cdfa,RUKAYAT MOJISAYO,https://play-lh.googleusercontent.com/a-/ALV-UjUFE9qnlLwNpakfbweObfjvB0xV1cus2Pn2G-lCR7gI4IZEa8BD,Convinient and fast,5,0,5.1,2022-08-11 17:31:24,,,5.1
499d7390-ae8d-4558-87ec-f7dec1d71f30,Ali Hussain,https://play-lh.googleusercontent.com/a-/ALV-UjVongpWwHxI-QnmYyB1YtzOfSG8_hmZytzgXvwDn3aqrhExixX5pA,Good app...we used it for bill printing...works well,5,3,5.1,2022-08-11 13:17:11,,,5.1
845e9cc2-12b5-4ee8-9fc0-4261e4a14206,magic hairs,https://play-lh.googleusercontent.com/a-/ALV-UjVaiwxfDhf28yzWfAgk7NNGy_9ohysYjhRDsZ27sP_SrEWlDROT,Super,5,0,5.1,2022-08-11 03:02:57,,,5.1
f62b48a2-278f-456d-ba5e-0e3e3da2fce2,Anthony Ikechukwu Uchegbu,https://play-lh.googleusercontent.com/a/ACg8ocLxkvs4hDBHX8YrBTWphj-UalGwwwSmK17SRsiTsVJOPCa1WQ=mo,Sure app.,5,0,5.1,2022-08-09 15:05:39,,,5.1
9bbd5832-fe34-4010-ae0f-2db461a2b266,Danding Ronio,https://play-lh.googleusercontent.com/a-/ALV-UjXLy3hHnUS3kMIilElCXcpXv_U3Sew7cf7nKvYjg8WRs4RMwVII,Good job,5,0,5.1,2022-08-08 20:01:27,,,5.1
f60c04ed-7c98-473f-89e2-634469fa6e4e,Arief Mahardi,https://play-lh.googleusercontent.com/a/ACg8ocLPE1RqMuA2q_SHsSF1CShaGHTUgKJ406oQTGftm9i8c9q-VQ=mo,It's really usefull and easy to use..,5,0,5.1,2022-08-08 16:20:14,,,5.1
6f7d3210-1982-4df5-a310-0ffef9c57c76,Olotu Kehinde,https://play-lh.googleusercontent.com/a/ACg8ocK54SY5jVtkOiiEFk7ntJ8REe5lyzn-REdA6_bdbg3t0jOKdA=mo,Fantastic app,5,0,,2022-08-08 11:40:05,,,
ce3630ff-7d7e-415e-90b8-83cb66f82e9a,Arief Acmadi,https://play-lh.googleusercontent.com/a/ACg8ocIBu5TX23MUAg5xB1y0lsqFRgIqUCDvsPouo261Sl1y_jJ4ng=mo,Good aps,5,0,4.8,2022-08-07 19:41:49,,,4.8
e4c5448a-27aa-4271-9bf1-9728918e060f,Norlita Faith Ramos,https://play-lh.googleusercontent.com/a/ACg8ocKlElp_vcjkYSX6QD1PP9v5wq7RsEkSZTMmOL9PDMCYzYoiWw=mo,Nice Experience about the product.,5,0,5.1,2022-08-07 15:36:36,,,5.1
e049a9ea-e37a-4fb0-bcff-9458fbadc40c,Samuel Mutura,https://play-lh.googleusercontent.com/a-/ALV-UjVeb9cD9KU4QCjWZ3HADOhsnJ3caRkHbEtjnQOqU54oFUR88u2r,Good,5,0,5.1,2022-08-05 23:23:44,,,5.1
a7827e5b-821f-4ce9-a583-12e4e10c9aa2,Mbadiegwu Kingsley,https://play-lh.googleusercontent.com/a-/ALV-UjV2csDrHsnyQR-uNEYjiL5Xh6Jom4zjDLr639kdfjQNbLUeWAkJ,"Great application, I love it. Very simple and easy to use.",5,1,5.1,2022-08-05 21:55:20,,,5.1
e1e6eb68-6be5-4431-8d16-8ca9bb84438d,Abdullah Umar Siregar,https://play-lh.googleusercontent.com/a-/ALV-UjWOm8jZoMrGxis8R3E3MDJbBE8lUo0DBtVHwhS_dLxY1qP080w,Very useful and helpful,5,0,5.1,2022-08-04 20:56:14,,,5.1
ec689334-0235-47de-9d60-83ae6e5b1db5,Yvonne Arbolario,https://play-lh.googleusercontent.com/a-/ALV-UjUh9-29RqoWSxYOl5R8yWu_j8QFpMRBuXPME9Djux_ch1vMrtle_Q,Verygood app...,5,0,5.1,2022-08-04 06:50:01,,,5.1
8a6afabb-b6f5-4949-90a8-7c470030c1df,Hope Yusiku,https://play-lh.googleusercontent.com/a/ACg8ocI_NKdlu3ifbAkVcj3M8fNrgcZfKXFoqpgoN_ohZkXIj_iMqw=mo,Nice app I do enjoy,5,0,,2022-08-03 20:19:31,,,
b406cc7b-c893-438b-9fe1-e0bfb6855ad5,Cissy Nakimuli,https://play-lh.googleusercontent.com/a/ACg8ocLscpDJRxzRX_ux6oiNKAO2YOU8EzlBAXH08rnfIl7cVnAjag=mo,It makes things easy,5,0,5.1,2022-08-03 15:14:13,,,5.1
6a774d7b-3301-4de4-ada9-ece540812e4c,اسیه فروتن,https://play-lh.googleusercontent.com/a/ACg8ocKGtJXYWVj5Og_irX22JH2BYo2YE3LaQYLkqLJdALlTji3JKA=mo,عاطفه حجتی زاده,5,0,,2022-08-02 18:44:55,,,
c9852e67-d9b1-4983-b82a-562388e3848d,austine godrioja,https://play-lh.googleusercontent.com/a/ACg8ocLTtCl6sGJCDoekHw3it29Mh0K4bbgtUXnNMYY_PsdHGq_4qA=mo,The app is awesome,5,0,5.1,2022-08-01 08:11:08,Please send an email for your query,2022-08-01 07:40:09,5.1
068e3e09-dd7b-4e89-b541-7fe39063c0d1,TG SAMRAT Official,https://play-lh.googleusercontent.com/a-/ALV-UjUT-k1dchdJlxIgBdwvlHAiXBZYpLtwFPcfRnFEu4rmBnN39i0G,Nice 👍,5,0,5.1,2022-07-31 07:22:39,,,5.1
e8c588cf-ccb1-4b75-b9eb-5548f66020b1,Avi256 Enterprises,https://play-lh.googleusercontent.com/a-/ALV-UjVBw9zUrSt6lBbu50HA7SrSy9NaUn892sjRg17RCCpe957_vME,Great for biz,5,0,5.1,2022-07-30 13:41:20,,,5.1
ba0c6ec9-3035-4c78-983f-d284bfa671fd,Noel Escriba,https://play-lh.googleusercontent.com/a-/ALV-UjXBcKavrocddmsKg1ZK8Gif1-fzzTwFIquw5Kau9jv03hcoHII,Very useful apps,5,0,5.1,2022-07-30 13:02:07,,,5.1
e69e1b2c-2687-40bb-958b-370429df9179,Peter Harte,https://play-lh.googleusercontent.com/a-/ALV-UjUtnFTP2G0vlx4ZfKrO3O76lh9oFOYsxdQNqH8B06V30pcqMh6C,"By far the best (and seems like the only) good app for these little mobile printers if your looking for something not part of a POS program. Lets you use your printer as you wish. Prints text, images, QR codes and more. One time data entry - Using the short code feature lets you define fields on a lable for easy fill-in-the-blank type labels. This is especially nice if you have data that appears in multiple places or in both text and barcode formats. This is the best option by far.",5,30,5.1,2022-07-25 12:07:11,,,5.1
f19023f3-f504-41e3-9f71-c3bc8aec3c20,Dolly Subagja,https://play-lh.googleusercontent.com/a-/ALV-UjU1GyX2Uc7G1mw50CeNn39PNY4mXvV3nsFgG5H8hwapiNZMrLtutg,It's working properly and easy to use. Thank you.,5,0,5.1,2022-07-23 06:43:39,,,5.1
5b245413-de30-4f2c-b022-7249c7f16c49,mohanmadhu Sunkasula,https://play-lh.googleusercontent.com/a-/ALV-UjWNXxeytCzcRze32_ZvP82gveTMF6evy-0F_s4CdLMNB1NQX3mQ,Friendly and simple app,4,0,4.8,2022-07-21 13:43:13,,,4.8
eb31cfa2-66ab-45dc-998a-34b33b46b1dd,Erry Hariyanto,https://play-lh.googleusercontent.com/a-/ALV-UjUhZZtf5FvVKdI87EZZZdEQ9XuDRMZSfNk0LI2j-ldTfa62c5XN,Great app,5,0,5.1,2022-07-21 10:43:14,,,5.1
42c8ba48-3342-461a-8c02-38378553fe5c,mohammed gulu,https://play-lh.googleusercontent.com/a/ACg8ocLsQkMoFyOE0k0yFpBYSw_mePbs3a1Pl2QwoxWe_4rtvt35wQ=mo,Nice app ever,5,0,,2022-07-20 19:57:55,,,
f33adaea-44b3-4b7c-909c-24af652a41fd,Paul Aughney,https://play-lh.googleusercontent.com/a-/ALV-UjVvnj8bpS6ucJnZX3AqrydYGGNOIQQ3XlMxIvrlruuuryswxcnC,👍,5,0,5.1,2022-07-20 18:58:01,,,5.1
fd34c1b2-fb92-4869-b3eb-08e29f0b9771,Efevwerha Samson,https://play-lh.googleusercontent.com/a/ACg8ocJa4LMW_-iNNKxnp_y6kNj_AVh4iXzcYbhau7OYL05HYfLcNg=mo,Met my need but am still yet to discover more about the app,5,0,5.1,2022-07-20 05:39:39,,,5.1
8d12ad85-85bb-442a-afb7-28903763387b,Luqmanz Global Nigeria Limited,https://play-lh.googleusercontent.com/a-/ALV-UjXEGqc-Zlfmb71tUPbfbZnTWpDzsS1okb1LdqHQbcDCKqMIF2lz,Work perfectly,4,0,,2022-07-19 18:28:46,,,
38213840-9bb9-4267-b7af-44e42838d020,Mohamed Ahmed,https://play-lh.googleusercontent.com/a/ACg8ocLgfl7icH-LvTX1HC_ipm2EmBSIH1THvslWcjx_PY1GaF8upA=mo,Best app,5,0,5.1,2022-07-18 11:47:14,,,5.1
0fdad226-beda-4d0a-b063-138585a23656,heng rang,https://play-lh.googleusercontent.com/a-/ALV-UjVokLwmOGPiEZZkqm6hlrqXc5BvNu80lp9k0RkYaNZW3FJ26ySI,Show me Bluetooth,5,0,5.1,2022-07-15 13:55:40,,,5.1
1ccc2b51-52e7-4565-920c-c8b1bfda5b28,rose salvacion,https://play-lh.googleusercontent.com/a/ACg8ocLgorSooPqiCKaZukKkhJRQSoUC8iU2TnfKp0kwkVq3bqJKZA=mo,"bakit po kaya hnd na nailalagay ang image, mag add image ako nstock lng s screenshot pero wla po lumabad sa image. paano po kya gawin? salamat",3,0,5.1,2022-07-15 13:54:48,,,5.1
a5363125-9a0d-48fa-bd37-e6642149e4da,BISHAL CHAKRABORTY,https://play-lh.googleusercontent.com/a-/ALV-UjWjrvPuyeFNOPLbXh8RZjGLTiLWB6L6r5bGQa8W4Oz0EhZ4mLFI,Good services,5,0,4.8,2022-07-15 07:14:57,,,4.8
cffdc92e-2d67-400d-8a4b-d289a1731acf,alchoerur rochman,https://play-lh.googleusercontent.com/a-/ALV-UjUhNvSfNG9l8vbaweExnTpaz30UKVY77OVFKtbSX9_Xo6Kd0D8,Ok,5,0,5.1,2022-07-13 16:23:17,,,5.1
146598a9-5840-4acc-b3da-908e728c5d02,Bashir Yusuf,https://play-lh.googleusercontent.com/a/ACg8ocLTfg6VgbcX8D3iDTwpxC4GHMytlZPs2hKM9gvOpkU8-wPQkA=mo,Best bluetooth printer,5,0,5.0,2022-07-12 13:32:38,,,5.0
26ea8348-b464-409f-b91f-55dc381259fc,Benaya Jaya Sidi,https://play-lh.googleusercontent.com/a-/ALV-UjWT-OSvhauwBRMnx2EDM8CSZq2S5HYH74JRUZsVcmkmf7EQAapv,Aplikasi mudah digunakan,5,0,4.8,2022-07-12 13:09:02,,,4.8
3c7e1356-f017-49a7-bedf-aa12794a85bf,vikas yadav,https://play-lh.googleusercontent.com/a-/ALV-UjV517w0IODVPfL8ZdJLcazdxQPygFuCr3gd0GrWU6zY4LY5sYZf,Good,5,0,5.1,2022-07-11 23:59:44,,,5.1
3ff8133e-7c63-4d57-ad9f-cec269922024,Katherine Hutley,https://play-lh.googleusercontent.com/a/ACg8ocJS_-VwqHOlZ2Q1oMtIxLYcbo5CWDHL1IyK17I5sqIbIvDkCA=mo,"Performs well, produces receipts&translates English to all European languages",5,0,,2022-07-10 23:48:33,,,
15761edb-f20f-4d10-8e9e-5f00a940edf9,Anh Đặng,https://play-lh.googleusercontent.com/a-/ALV-UjXptkm3f1qadyIoF3xxXrInFsms5waQqsBw943Tsxi6UdTY-0g,lỗi cột không thẳng khi in đa ngôn ngữ,4,0,5.0,2022-07-10 18:35:27,,,5.0
a8f2900e-87af-441e-9189-6b0a3c5ee612,Collins Onyekachi,https://play-lh.googleusercontent.com/a-/ALV-UjXV4KxLUmRbRIP5gpy-wSLizLlOZSlUof9fwkYR1U7vDyWD2dsD,"Nice, just that av been having difficulties printing from some apps",5,0,5.0,2022-07-10 18:16:50,,,5.0
27d0697d-83f5-4063-8cc2-ca9db65ab46d,Ma Princess Sibal,https://play-lh.googleusercontent.com/a-/ALV-UjV_XSMTOBucXbrQWDZ8hXSYtOAs9T03a7Z3cVJu7GyWoKD7vOSG,Ganda,5,0,5.0,2022-07-10 15:24:04,,,5.0
ec685cc9-94a2-49a8-831d-f086139f9752,Hengki Kurniawan,https://play-lh.googleusercontent.com/a/ACg8ocJFwNlddU5OXVCU3C3SxRd5LjGYYrlGrmFkYMnzSDPnk39RsA=mo,mantap,5,0,5.0,2022-07-10 13:46:06,,,5.0
faa8ad22-6cc7-4980-b2b4-94c7a717a70a,PRADIP MANDAL,https://play-lh.googleusercontent.com/a/ACg8ocL2apyxCMSBevjnc2RSmKpV8pt6_DUAPbh_76WQRd_uhdqGkq4=mo,Please update previous app This update not useable Problem when i convert image to text Not properly Converted incorrect converted So fix this issue or otherwise we can try another one app,1,16,5.0,2022-07-10 08:47:53,Please contact on support to explain why the new solution of text extraction is not useful,2022-07-10 10:09:57,5.0
6ebd6874-ce55-4ae3-8db7-8e27f1ae25de,Rodrigo Esrevinu,https://play-lh.googleusercontent.com/a-/ALV-UjUuR9zQAm5kUS-bNvQ8ZRmmSCQNNdZCA1Ypf0JpRiFG6EBsv8Ic,Mate it's amazing sugar cube diodes ssoooonnnnn :),5,0,5.0,2022-07-10 02:31:29,,,5.0
28dcb09f-40cc-43dd-be32-0fc504f3d403,Md Shahid Zeya,https://play-lh.googleusercontent.com/a-/ALV-UjVmoXzv0xTm7EAEVYf57HMUIuOJo_I7iUztjyrf97j12clhjYVcxg,Excellent good service,5,0,,2022-07-07 12:07:57,,,
d5d4eca8-1a7a-4d98-b683-94a6c7450429,Elias Hj Hassan,https://play-lh.googleusercontent.com/a-/ALV-UjUTN28nbGZFFrV09buKLg11dEXfvrWOd7R9iJD2z0zW881F4dq2,Good,5,0,4.8,2022-07-07 10:26:46,,,4.8
4324eb0e-f47a-4c49-968e-736c19db39a1,Cheque Lusabia,https://play-lh.googleusercontent.com/a/ACg8ocL8yJUXmkTTIdN55E42gdc1rMTqUidJyi8AX0s2s27PBFQCZQ=mo,Help ful duper for me,5,0,4.8,2022-07-07 08:29:12,,,4.8
152ba1d3-ea09-424d-953e-623cd77c83a3,Marites Gico,https://play-lh.googleusercontent.com/a/ACg8ocKOl7CYCiU9p70kJS9Ch_0tVdCdAtHssF3746V5JbkhZFR1Mg=mo,Very useful appreciate i very recommend these app.,5,0,,2022-07-05 17:40:06,,,
de41fb18-4905-4bdf-af66-8060de7adad8,Juan Carlos Lopez,https://play-lh.googleusercontent.com/a/ACg8ocIlN_GaLlsWM2SyBEgB6IRl3XGOVogKVWoqPpqyeI5VSQKUCg=mo,Good,5,0,4.8,2022-07-05 02:56:38,,,4.8
f2ab0ca7-6203-41b2-838b-90856e8c3da9,Tanu Fatahillah,https://play-lh.googleusercontent.com/a-/ALV-UjWNm2iMmTWTHuiGS8X1r0Is1XNjUiwIpXm3KTU4Gm92rap8go4N,KEREN.. BISA RUBAH IMAGE KE TEXT SEKEJAP.. MANTABP....,5,0,4.8,2022-07-04 00:32:14,,,4.8
07f15df8-cf6c-4354-96e3-8973c20b7ec4,Gopinath Panda,https://play-lh.googleusercontent.com/a-/ALV-UjXOtMQDuh-UEinsN7tIn3UPMbGPhALWPMKZLPvcxisngrjibRaj,Good for me for printing the receipt of the customer and I am very happy for its.,4,2,4.8,2022-07-03 17:10:17,,,4.8
38e7ccb1-a99c-46ff-acdb-ea30163825fa,Pankaj Kumar Kunda,https://play-lh.googleusercontent.com/a-/ALV-UjXv0QLtT_J4wAq4lR4hNWjEuol6VNjPmc_Vdu2Cfe9O0Fi_TB1_kw,Mast,5,0,4.8,2022-07-03 08:25:39,,,4.8
5a5ba351-7ec2-47b6-8ceb-b8dd1ad0e769,Kakangmas Khalifah,https://play-lh.googleusercontent.com/a/ACg8ocI2nLcsQMLbThyGh_LLa820ximxMHht6f615xH-jp_SCQo3Vw=mo,Superrrrr cooooollllll app,5,0,4.8,2022-07-02 11:43:55,,,4.8
197d40a2-b5a2-4a06-a818-ef3574c3a5f5,Charles Mabel,https://play-lh.googleusercontent.com/a/ACg8ocKycdmtIKdiu4WOBIffKFaMolv1GGYK7EeQyZG6w2BGtkzjbA=mo,"If you are not using this app, forget it... This is the best Bluetooth printer app so far.. very easy to use. Kudo",5,20,4.8,2022-06-28 16:27:30,,,4.8
a7bf5cb9-b6d8-425d-97b1-281275d8757b,azlinda aziz,https://play-lh.googleusercontent.com/a-/ALV-UjVyeFIHKyveWfDAQIUo_BEAWwn1d1KQIPwQDFt9VXxdpTjac_fNZg,Nice,5,0,4.8,2022-06-28 15:45:10,,,4.8
dbfb001f-7bd1-4e04-b5f7-b43b6e729d47,MOHAMMAD ASIF (ASIF SACHORA),https://play-lh.googleusercontent.com/a-/ALV-UjU1aApeMPULfyRsiG3vCRsxKQwPfsWtOy3wkN3Ys1vFB981k09l,Very nice एपीकेशन,5,0,4.8,2022-06-27 15:42:09,,,4.8
208e59fc-7a8d-4bb5-8abe-b24bd91ebb88,Marricris Dela Peña,https://play-lh.googleusercontent.com/a-/ALV-UjWvYJmpeCwCvNRKGqNhnL3HnXX52TroFSdyaq-fufFmgeAliV8,Very useful in my business,5,0,4.8,2022-06-27 15:14:41,,,4.8
70be1946-fc79-4842-bc2b-d65a7c0728b4,Efijoni Syaf,https://play-lh.googleusercontent.com/a-/ALV-UjWj_My9s7Wv-ZcZV5rJ8sa10fDnnxvqtXPNgXdir7XWMugJ6ZLr,Sangat mudah dan bermanfaat untuk mencetak struk transaksi,5,0,4.8,2022-06-27 07:53:58,,,4.8
b3562d02-21e0-44e4-baaa-d3b0d1c77d12,Hadi Pinghan,https://play-lh.googleusercontent.com/a-/ALV-UjXVRt047bb6epV4XhotKZlXUHekxzKOx-uL94iWocri7JE3CKIE,Good. Very useful,5,4,4.6,2022-06-27 06:41:53,"Check if you can manually connect to printer successfully. If you still face the issue, contact on support email",2020-04-27 12:53:10,4.6
59943a95-2036-4fc2-9a63-3ea1f588e9ba,Ian Jabez,https://play-lh.googleusercontent.com/a/ACg8ocLacSZOHihA01WQUrUgCBCDOTWJ-vcRh6SUHgw3DknoUP4dhQ=mo,Thanks works perfect for me.,5,0,4.8,2022-06-25 09:57:43,,,4.8
a85f2fa1-d823-4d42-b259-f9c445a0f98c,TARUN Pandey,https://play-lh.googleusercontent.com/a-/ALV-UjUz1_f8ZF2CM8db0BHlLgEpg_vns8g7qYh0qqJsM8yxqhFsyztt,Good,5,0,4.8,2022-06-24 21:48:46,,,4.8
3c98d3bd-43f2-4962-a4a3-1bd8bc8a9831,rajinder singh,https://play-lh.googleusercontent.com/a-/ALV-UjX47H-d5tgNnFQt8aRE9MuUuDYw2zjOA64u0aL7aPEVaS6iwHLO,Excellent,5,0,4.8,2022-06-23 18:38:05,,,4.8
b2e567ad-ebac-4a68-8ee1-735ce315fe87,MAA DURGA INFOTECH FOR TAX,https://play-lh.googleusercontent.com/a/ACg8ocKRdzkMh3Y-8K3gdb6FUTbrpRR5h76W2oDGgDprDoBVToW6YQ=mo,Good app,5,0,4.8,2022-06-22 19:05:14,,,4.8
1856c960-7cd2-4da4-a43c-4662ef85b0f0,Amyra Khyra (9W2WTE),https://play-lh.googleusercontent.com/a-/ALV-UjVYpRygFFpsNlGQ_WsiAgRzcY5o-nvMs3MSeRYlpf-sYRqeyx9b,OK simple ..,5,0,4.8,2022-06-22 11:56:43,,,4.8
6cee71ea-b7e0-4b19-931d-bad379a64708,Alfin Chen,https://play-lh.googleusercontent.com/a/ACg8ocInZn7uJRhlMYdh4YLtjdX-xYZMxmde5m82bsX934Ouxi9Nqw=mo,Need option to set a default font for the whole text instead of having to use special text that has big font size.,3,8,4.8,2022-06-21 13:09:12,,,4.8
0d57d266-c644-4966-983b-68f55724ec2b,MahaSasmita,https://play-lh.googleusercontent.com/a-/ALV-UjVb5v0_BUL1vS0t-X5qgvtErnbKzhuvQ85rR210DQ2puRrJKbBEJQ,Okay,5,0,4.8,2022-06-20 13:42:20,,,4.8
07f9a7cf-9722-4a84-9835-4fc627d4765c,Judita Bibe,https://play-lh.googleusercontent.com/a-/ALV-UjUWwbs962BzrnUdT2U-UD41kuUcsm7r9-yU8OgWfv3CBRoHBTPr,Easy to use. Working,5,0,4.8,2022-06-19 07:29:03,,,4.8
a8ce4b7c-794a-4207-ad5d-a9412db841c0,richard narra,https://play-lh.googleusercontent.com/a-/ALV-UjUWwXRhRd0hdHNCkU36sCHJyp1xmK75y5PxRxcBtU60Bqh5VAC7,Ok good,5,0,4.8,2022-06-18 03:00:16,,,4.8
799ef0b0-3495-4653-9170-fd91823f1cd5,ELISIO JOSE DOS SANTOS,https://play-lh.googleusercontent.com/a-/ALV-UjUMNGvKaWaL77g3zP449eijbCc7ua7rna6Z9pQXvTO5i1wWnU0_,Muito bom,5,0,,2022-06-17 19:46:03,,,
78811769-3ab5-4fed-ac06-11b70fb4a2f5,Kamyabi Kamyabi,https://play-lh.googleusercontent.com/a/ACg8ocJWzUI4wQHX9sLZi4-FoI_sLuHrbwHAh25GNLH_YEdPFfEBHQ=mo,Very nice,1,0,4.8,2022-06-16 17:26:29,,,4.8
af2fadc7-6f4b-4c41-824e-491fee7cadda,Heri_ HBT,https://play-lh.googleusercontent.com/a-/ALV-UjXszHnv18xcVH-vH1ws3QR9dUwWJ9QaUnJLywAXZpBWcqhSMfQz,Mantaapp josh,5,0,4.8,2022-06-16 16:24:49,,,4.8
4f7c8e61-dd9a-4483-a18a-fbde2273a5cc,Kocheng Oren,https://play-lh.googleusercontent.com/a-/ALV-UjUHU5_SHLAWrtzPX42ldwbNmj4xe7czVnJsDMzOu5Rsv0oAfOBE,"Terima kasih, Aplikasi ini sangat bermanfaat 😍👍",5,0,4.8,2022-06-16 09:38:33,,,4.8
532b3966-78c4-4edf-ae42-67c68b80d804,Thomas Simutundwe,https://play-lh.googleusercontent.com/a-/ALV-UjUPL9ah_4Uuye5kYqiq5S40nItkVWMw3KXgvlXq_iSlaQ4rnWc,"The app is working perfectly, The app is profitable!!",5,0,4.8,2022-06-15 16:14:36,,,4.8
d1d021a0-4fa8-4470-be3c-2caab41a4802,Ma. Louella Salenga,https://play-lh.googleusercontent.com/a-/ALV-UjXud9r3mgp6-UNj2Z-6LdAltC-MG7czOIiRZJCl6UcJdOy_CnYr3A,It's been very useful and it's easy to use.,5,0,4.8,2022-06-15 12:29:11,,,4.8
7e194ae8-fa5b-40aa-8906-b6141852f3a2,GABRIEL ADIO AJADI,https://play-lh.googleusercontent.com/a-/ALV-UjUaqaZA9-zPalq-9P1dyXdiVORk7QfT5eYMQ8eBqBssTeK6gTdQ,Very good a,5,0,4.8,2022-06-12 16:22:48,,,4.8
bc33b749-ae10-4623-a9e2-a6ac7dffeeb6,Silver Coin,https://play-lh.googleusercontent.com/a/ACg8ocJ38GmW5ZaPyOmbrOEq45NQYC5g-BfNFKNh1oC0YnR9_u2Y9Q=mo,Remove advertised,1,0,,2022-06-09 11:58:45,,,
87a1e7f5-5799-4df3-b563-f7abd241c820,Lito Il padrino,https://play-lh.googleusercontent.com/a/ACg8ocIYrsUZY9zuFPXVJBKjSea7FUTSkcuc9eYa_HKLOFgl6-mr4w=mo,Upgrade the app,4,0,4.8,2022-06-08 15:54:00,,,4.8
0004d757-14b6-4abf-81d6-e9578a631057,Ida Rohid,https://play-lh.googleusercontent.com/a-/ALV-UjV2wztOmYgEn4d5dlgUHOqXPagJG2-aas_RkC_uPv9lIvDBEas4,"Good, usefull bangeud",4,1,4.8,2022-06-08 15:28:12,,,4.8
3009be17-450a-4cdb-9b2d-08daf2a761b2,Edmundo,https://play-lh.googleusercontent.com/a/ACg8ocIMmPcgJMyK0yRg7Z_bU0noUC0-KVnQs7htvP0QfIQxdRBNvw=mo,Very usefull,5,0,4.8,2022-06-08 09:47:27,,,4.8
57b9dbb2-f86d-48bb-9784-537e72f3e5c9,Hardy Black,https://play-lh.googleusercontent.com/a-/ALV-UjURUhJ81nuRI8Xp4UfYhKds75P2zF_0cCEWyyfNDKcJ9b01BoV5,"Simple, Smooth, Worth it",5,0,4.8,2022-06-08 08:38:41,,,4.8
29c2aa89-3a4d-4ebf-89bd-bb29804c6432,Adi Wangsa,https://play-lh.googleusercontent.com/a-/ALV-UjULtIh5a3dp2dc3Xu_74381h2OChvwmyn4neXkzWmVaQEv6BQ,Useless,1,0,4.8,2022-06-08 08:31:54,Let me know on contact email why app is not useful to your purpose. This will help me to improve the app,2022-06-08 08:34:04,4.8
44ef75b4-f730-4cb0-b686-65febf520455,Yusuf Firmansyah,https://play-lh.googleusercontent.com/a/ACg8ocK4kbb2w37QJ9Otqp-p4rb_mu4bKId9bMEo-wFkpQ-FXIczoQ=mo,Jempol thok,5,0,4.8,2022-06-07 21:04:35,,,4.8
6c0c7742-e83c-4f31-b139-2b8721fb90a0,GLEE PH,https://play-lh.googleusercontent.com/a-/ALV-UjXYwCmrxAxODkkb9Za7priaTBzySpeAEL9feN1DL3BXJd05fnVK,Great App💯,5,0,4.8,2022-06-07 05:10:13,,,4.8
2cbf4b22-25e9-43e8-b4df-a57d575f2a3c,Damilola Adeniyi,https://play-lh.googleusercontent.com/a/ACg8ocI5YigKh-yncVD33XRRydywOPzvtgEZInOzNUsuR4oQCHyQsw=mo,Love it,5,0,4.8,2022-06-07 01:18:01,,,4.8
3f087370-150f-4cc4-868a-428d8b7f0718,Imax Shine,https://play-lh.googleusercontent.com/a-/ALV-UjVUoeDE-br6Vh0kJXvrKNUZq4lajejfXXu1QleJWHxiYbyrpOg,"Super, this is fantastic 💥💥",5,0,4.8,2022-06-04 18:57:23,,,4.8
ef587c72-c025-4358-afb8-17ebd78e2a93,Tb Muh Tirtayasa,https://play-lh.googleusercontent.com/a-/ALV-UjV5fhFLgG8cl_-1-oiCeCjPagaoZ53zd8XFnOSFECkyUX3104nF,Nice apps,5,0,4.8,2022-06-04 11:52:17,,,4.8
0c35f5e3-dcca-41d4-8a59-fc4c3ae89a7a,DARLYN,https://play-lh.googleusercontent.com/a/ACg8ocKws5iaVh4bI5DXtzU--nVfML7a8RiUj9IXHWFq6qKc2_oloCL6=mo,Very good apps! Thank you.,5,0,4.8,2022-06-03 12:53:19,,,4.8
d0ae29b0-4401-4f24-bf61-3cbbf2525e51,NASIB STORES,https://play-lh.googleusercontent.com/a-/ALV-UjV07wQ9VYwZHrloJlqyvZpjMgg50A8XmWYsqb9n2Xv_SwgIMzs,Nice,5,0,,2022-06-02 12:33:18,,,
84d150ec-1a9a-49a8-a666-fe7900bc0489,Robert Awang,https://play-lh.googleusercontent.com/a/ACg8ocK42ItoXv0-delFGIxHMWkcokPX27NZpYES4K8thFH3WTPMlA=mo,easy to running the apps 👍,5,0,4.8,2022-06-01 11:52:03,,,4.8
a138c119-840a-49ed-a86d-fadc8622d828,Talkwell Tariladei Jacob,https://play-lh.googleusercontent.com/a-/ALV-UjUz6kBKHvt9jSKl1cyeRqcRJUasxQGsJWcWWqb8iS4l4xpNx-EN,Better together,5,0,,2022-05-31 07:24:45,,,
cb286c40-5f67-4117-b9a8-1033923e6cc4,Irfan Nugroho Gmail,https://play-lh.googleusercontent.com/a-/ALV-UjVjG99d8aXEtl8AiacEl3jaR50uOdTS7eerHLZQW0cbMZ-xbT049g,Good Aplication and free.,5,1,4.8,2022-05-30 20:09:46,,,4.8
5c741dc8-b570-486c-ac7e-47eab2e72fd3,Ulfat Hussain,https://play-lh.googleusercontent.com/a-/ALV-UjUWKAbIJMUWkcXrDbjRPTORkdL-uFcE1lL5GodxYsFlkmbp-BDR,Nice application Urdu Ka masla tha ab Urdu print b nikl rha he thanks developers,5,0,4.8,2022-05-30 18:48:35,,,4.8
46348e52-5654-47ed-8bb7-ede95a179e3f,virginia lamson,https://play-lh.googleusercontent.com/a-/ALV-UjVNrl0N_moFe4qp6pq0bhK59KHETM_XvT22tJ5uHhY0JT8gWIn4,Great...Easy to use and print...,5,0,,2022-05-30 17:57:32,,,
4a774949-fce4-4ea9-9b01-d20000d597b6,Nurzaiti Hamdan,https://play-lh.googleusercontent.com/a-/ALV-UjUk3ainRFbDYyKp1YdW5pNhX8eNx01HnO2JVQp_hb3kBYJdV36H,Good,5,0,4.8,2022-05-30 15:21:48,,,4.8
a233169e-6e3d-47f8-bb88-d70a5a00068e,Pratham Mishra,https://play-lh.googleusercontent.com/a-/ALV-UjVhQxjx87Ebw_t59bp3rCKFEpgsR205f0uWQy_Uzc32dIxm9KX4rw,Very good app,5,0,,2022-05-28 21:11:45,,,
2bfea55b-070f-4861-a7ac-7e67a47026ee,RAMESWAR SHUNDHI,https://play-lh.googleusercontent.com/a-/ALV-UjUsFGHIRu85gIVkFMnQsCtq4N1utxq2E42BU8RvBbudtVr-DIQ,Nice application,5,0,,2022-05-27 22:47:37,,,
b2329621-023d-4293-9abb-0289777996f3,Rajesh Kumar,https://play-lh.googleusercontent.com/a-/ALV-UjV92ZcdWObvQJEQXHMWbP1QsiOiDnKAfFWMtRFyQqUIsL-WEHiD,Good application,5,0,4.8,2022-05-26 21:56:45,,,4.8
3e59dbb5-d9c4-407d-b089-d71f3fa6b9fd,christopher kajibwana,https://play-lh.googleusercontent.com/a-/ALV-UjUjJMCp9qIV1l8dycHnt4orrxuqmGkj16Errz2Vkl-p2-RnQGwH,Exellence,5,0,,2022-05-26 17:55:36,,,
72adbde9-bbb2-47e6-8161-d138fe4f98bc,Athi An,https://play-lh.googleusercontent.com/a-/ALV-UjUDHG6qfHItXV4e70GyI1kLTSZvg88D4jwpK3v6K6JtE-TGW_vI,Dear developer still I can't use custom font after import even app updated to latest version. Please do the needful,2,3,4.8,2022-05-24 22:35:59,Please install latest app release at play store,2022-05-24 22:24:54,4.8
98c9c971-3f6c-4363-8699-3021728746f1,Felix Onome Udoro,https://play-lh.googleusercontent.com/a/ACg8ocKNBTbD-eehBre-IVdghXWHet_yNGVH7jwIzF6nMsjoYYebq5M=mo,Is nice,3,0,4.6,2022-05-24 13:56:49,,,4.6
21e17252-f842-4c93-bb78-f1e7bd9609d3,In-am Ali,https://play-lh.googleusercontent.com/a/ACg8ocLSsGsSUMhex4oH4oeae5n6ZykNEhQw8qI_1JlggdsN7zVSlQ=mo,All the templates I designed replaced with HTML Code. Waste of time.,1,1,4.7,2022-05-23 22:05:43,Try below updated app https://www.matetech.in/myfiles/temp/bprint.apk,2022-05-23 22:28:13,4.7
17241687-e77a-4ba0-a52a-bce4deecd909,Bimo Setiotomo,https://play-lh.googleusercontent.com/a-/ALV-UjV2ipjdX4hOCCClkq584Fzn79qoHCQiLGivjEvWRkRjUXkL6l1n,"Big big help for printing barcode, thanks!",5,2,4.7,2022-05-20 10:24:51,,,4.7
bc15e970-8498-43e8-b2aa-90b7a34489c3,Ömer Turkoglu,https://play-lh.googleusercontent.com/a/ACg8ocJtOeH7iIc8YSfLTS2eHDX6QuvF17EkUr3m4c12T-8NpS4PfQ=mo,İyi,5,0,4.7,2022-05-19 19:02:59,,,4.7
28a62460-435a-48b1-a639-e436d6464ee7,TAPAH ABDUL NALIN,https://play-lh.googleusercontent.com/a-/ALV-UjXtgNmTGNubGYSPTvsKN7U0OSvIuB-azraFK-sprXaS3rW_ER0k,Ok,5,0,4.7,2022-05-19 18:03:57,,,4.7
261ddfc6-c15a-41c2-8eba-127138f1e353,CHAN MONYROTH,https://play-lh.googleusercontent.com/a-/ALV-UjXKbbKt5Xo1F8aC1MSdqc5i6yhyJypwWO_rXX_cDWUzs1SbQRcn8g,I want to shoot the something to say that you are looking.,5,0,,2022-05-17 23:13:47,,,
30e0f2a6-ebb9-4c74-ab9c-f3a1e2a6076e,Paolo Dela Rosa,https://play-lh.googleusercontent.com/a/ACg8ocKmwxb9KoYxeJH2ukT2z9bJ87NxOLYLv3JVCTI6i5aRgN79vQ=mo,"It was very useful for me. Hopefully they qould develop an app that would function as SIMPLE POS. Other than that, very useful app",5,1,4.7,2022-05-13 08:07:56,,,4.7
31e8503b-887a-4909-bdba-bf4ebac39e80,Dikie Guìbīn,https://play-lh.googleusercontent.com/a-/ALV-UjXoldCQJ9zBrUtRuPRSIPyNJBsHtdE34Q5N8euGZzRi44osRA-Brg,Mangaaappp !!!,5,0,4.7,2022-05-12 09:35:08,,,4.7
d9b6cb03-353a-4a10-a045-3f6adf1c7779,Flo,https://play-lh.googleusercontent.com/a-/ALV-UjUrgXL4tbZPGmmyZKvv82aHwxEVId_9wEoaY1ZuaYZPyyBoKNg1,Textspecial. Can not seperate row. Please fix,3,2,4.7,2022-05-11 12:06:45,"Try below updated app

https://www.matetech.in/myfiles/temp/bprint.apk",2022-05-20 21:14:00,4.7
1db1ff36-9566-489e-b980-b34b9aa88fda,ke ming,https://play-lh.googleusercontent.com/a-/ALV-UjVOgvJ9zeoTNpw8dECNVEsyRUvRArKIUFl4vUUx98tasogbNTeuXw,"Recent update 6 may cause my Bluetooth printer auto shutdown then print pdf file, very frustrating",1,0,4.7,2022-05-11 08:55:34,,,4.7
0d98ef2d-330b-494b-86c9-a13a38f14f64,Collin Williams,https://play-lh.googleusercontent.com/a-/ALV-UjVxZB1J8s-qeDnu0mSLGY59LWgxg8r4Ly8dd1nI0ET2UPa0D3EgmQ,The May 6th update effectively made this app unusable. Not only is the UI a mess but you will waste half your time with ads popping up. Find another better app. I know I will.,1,52,4.7,2022-05-11 06:36:02,,,4.7
3a99aa22-84ab-4900-ac86-bcb371a80653,Dwayne Smith,https://play-lh.googleusercontent.com/a-/ALV-UjVwMRif_xW1OrAOQ4stFIbQh6bVPGRYqNTb5CsdG-Elo_3HkQKJ,Confusing,1,0,,2022-05-11 00:16:01,,,
94e2a8df-9e6d-434a-9fae-d337474914ef,Regelyn Toledo,https://play-lh.googleusercontent.com/a-/ALV-UjU4mmS-a7n9pKWvdqhocgkJDzAakF9efnAjuO7YP_D5oYJvBUNZ,"i wish the app has a replace button where i dont have to redo everything else to be able to create my new customized receipt. bec. what always tend to happen is that i have to screenshot my chosen image and then I have to edit the size of it and put it into its number place which if u can just imagine, takes a lot of time",2,40,4.6,2022-05-09 15:05:19,Please send an email to know your query in complete details,2023-04-27 15:12:06,4.6
0b9123ef-c25b-4803-84ef-20e69ef77d81,Erik,https://play-lh.googleusercontent.com/a-/ALV-UjXB5-0EDFJILh96YuVvrK5qcOZNlMcQ_38tfrSDUNV5kZ-_LFS6,This pos app just wasted 25 labels spitting out some matrix dump code list. I just wanted to print a pdf shipping label. Tried again and the same thing happened... 50 labels wasted. Terrible app for printing shipping labels on a usb thermal printer. I downloaded it because the description says it's compatible with USB. I'm switching back to NokoPrint. I was trying other apps because of the long ads in between prints. I will deal with nokoprints ads over this wasteful app.,1,10,,2022-05-08 21:08:36,Please send an email to your query in complete details,2023-11-19 10:43:45,
be35278f-0e7c-4c25-9cfc-46709f84d2b1,chand pasha,https://play-lh.googleusercontent.com/a-/ALV-UjXoLduQ2WZm64gKe_egv2hrtHXZoRxRh6OHXW4jjxkljse5lpe19w,Suuuupeer,5,0,4.6,2022-05-06 19:42:31,,,4.6
b901b76e-cd7e-4388-b717-43ef0cb258a9,Mr Chandra,https://play-lh.googleusercontent.com/a-/ALV-UjXEFWQzkEYmNIDu850Zxu8y15nw773jR1uP3Qdhv-UxJXcy8yM,Mantul,5,0,4.6,2022-05-06 13:45:24,,,4.6
ab7e8439-9b4d-4e21-a757-5d5b78d719c4,Yen Siega,https://play-lh.googleusercontent.com/a-/ALV-UjU1cbbDcEoDyWQe3jPkyvZw1sysDWs5Pa2-bmD4E_GwW-q_Ld07,Very good 👍,4,0,4.6,2022-04-26 13:32:07,,,4.6
9707df23-0fa8-49c4-9168-4cc3f0f09705,BalochMobile official,https://play-lh.googleusercontent.com/a-/ALV-UjXaaUUNN4_IMSjvFyADsL8wAxf7BfTfYK1OnzGoEmRMV_MBlAjz,Good app,5,0,4.6,2022-04-26 05:25:58,,,4.6
c3fe004f-e9b2-491b-a1bb-18594d6307e1,John Booth,https://play-lh.googleusercontent.com/a/ACg8ocJbDeu7Q6yeaYeK7WLc2TEIfbiCGpjTSCG7kIA24nvlv6arUw=mo,Impossible to follow instructions. uninstalled after 30 min trying to create a simple receipt. Hopeless app,1,1,,2022-04-24 09:27:59,,,
2421703c-94ad-459a-b365-dfb96ae26e51,Barrie John,https://play-lh.googleusercontent.com/a/ACg8ocJLLIHPMZGkVS8uL1qdN3IzObKGFELGinEkthVpfgtN19Mpqw=mo,Not the best.,1,0,4.6,2022-04-21 04:43:12,,,4.6
abb00bba-b5e7-4034-8a19-38be09f2a753,zee big,https://play-lh.googleusercontent.com/a/ACg8ocIUaA84GBylcXoHQOvpNKaZI_Xxv_Lx7D36J5rXJLNccQjfUoE=mo,wow... nice apps,5,0,4.6,2022-04-19 07:26:38,,,4.6
3effff2e-8d7d-43f3-93ca-88b3d3897723,Shrikant Pandit,https://play-lh.googleusercontent.com/a/ACg8ocIjzkG8yTWhubFuXOQDTcE1doG-M-J_v5o6Jkq8Bi5eNQsUKA=mo,Good,4,0,4.6,2022-04-18 19:16:04,,,4.6
96342640-e9aa-4f48-b2db-16faeb5b520a,Freedom Mashy Mashanda,https://play-lh.googleusercontent.com/a-/ALV-UjWAAlUhxLCUp8ipOL7lQbkrBo0v4KMUpVXF3eFlb43Jn_X4NGvV,Very good app the only problem it doesn't have option to bold selected text. You should consider that I use it with my kazang App and I need some numbers to be bolded but unfortunately I can't find the settings. Trying connecting it with smartload App it won't connect again,4,54,4.6,2022-04-16 00:00:52,,,4.6
aed869f4-d0b0-48e1-b062-b82709f262c8,K.A Alwis,https://play-lh.googleusercontent.com/a-/ALV-UjW8_z9yU-pG614OoDBdn3KWfqPa9MXqY-wCPv79znGQeQdZqf4h,Absolutely this is an amazing app to customizable. I'm suggest to developer to add duplicate function in every entry. Good luck mate!,5,3,4.6,2022-04-15 12:06:27,,,4.6
9650bfeb-851d-4b9d-b361-8316314e8bea,Amazing Entertainment,https://play-lh.googleusercontent.com/a/ACg8ocJuXWkNCMJ0J-tIJbpnf2_DEM-G0fZwC1d3dGivQJ7d-il-lKY=mo,This app is so Amazing,5,0,4.6,2022-04-15 08:44:14,,,4.6
31ac11fa-e18c-41f5-a31d-583090fc64b4,Asiru Adeniyi,https://play-lh.googleusercontent.com/a-/ALV-UjWHMvLRG0lWdOHfqWb4hPuvH0boGuo5NGImicBM3wue1OR1V8BR,Good technology. It's easy to use,5,0,4.6,2022-04-13 23:00:14,,,4.6
05998377-cf32-46a0-bcd6-c578fe3b883e,Anaeto Oge,https://play-lh.googleusercontent.com/a/ACg8ocLRqTaH5q7qX2YYWbiUSn-FfqeNlVM5zVu2J18Ll6Cya-GzBA=mo,Wonderful App I love it so much,5,0,4.3,2022-04-13 07:48:38,,,4.3
a0b8ccc1-8f00-460c-8d07-a0095218b150,virat kushwaha,https://play-lh.googleusercontent.com/a-/ALV-UjW6D8wVRI6-J2J3mDXXbOWjeZJFDRS6CFWCSLXaNxj9GHa6zEOC,Good option,4,0,4.3,2022-04-05 15:15:02,,,4.3
098e0bab-b0b7-4896-b799-d7f0d614bfa9,Fernand Imanuel,https://play-lh.googleusercontent.com/a/ACg8ocKr22TQPsUzWqor9oq9UQl5_96adBHErymbfjcs9fu3NZjO7w=mo,Awesome,5,0,4.6,2022-04-01 05:06:25,,,4.6
88c17a8a-866e-4e07-8ab9-4504b4ef60fd,Delima Juniati Sianturi,https://play-lh.googleusercontent.com/a/ACg8ocKGXexYOWSAKqKCmq3kdfvzd3TLzsFei3r2SzaiU3bnEcinHw=mo,Sangat membantu penjualan saya,5,0,4.6,2022-03-30 09:30:09,,,4.6
e54586a2-ede3-4819-89c7-b4a7d5ce9c49,JC P,https://play-lh.googleusercontent.com/a-/ALV-UjUWGVbyDKWiwd39rIPlD0pBIvgvRG5CANRo_I0nyAgvho1yQdv5,Just right for my printer. Just hope resolution would be more clear than how ut is now,4,1,4.6,2022-03-28 09:35:20,,,4.6
fe1079e9-e79b-4d1a-a4ee-5fc825b69d52,JELLIE AN ABUAN,https://play-lh.googleusercontent.com/a-/ALV-UjXL6o6Zj2R_FOf6rzae4FuMyJSzEpFauWXU0VdXlWuTgN4wtjU,So far I loved the app it was easy to managed and edit ur receipt.i used this for my paybills..,5,1,4.6,2022-03-24 08:13:01,,,4.6
2b85cb6d-02d6-4ca4-9a15-56a69b83ad0f,JW,https://play-lh.googleusercontent.com/a/ACg8ocJp5eD0TQ32-mhFBHJh6_GOOpOklFIeuhbOC6Q2uzqxiKezZSY=mo,"Why is it that after a few days of not using it, I went to print but this time the font are barely readable, it got smaller. If 11 is normal in MS windows , it got 2. Fix this please. The whole thing got back to normal only after I re-do the whole process I did the first time I set it up.",4,28,4.6,2022-03-23 02:58:09,,,4.6
d98727ba-54ab-400d-aacd-59e008ab3f50,Dhyperstore Official,https://play-lh.googleusercontent.com/a/ACg8ocIJtTFMZCGuRsgfAvqFV2AFaAINYRcnuOVDt3xtamHZZE1LHQ=mo,Auto Uninstall . So many Ads,1,1,,2022-03-20 22:26:02,,,
467402f6-c440-4471-aba6-9a6ccd0ba238,Guerrero michoacano,https://play-lh.googleusercontent.com/a-/ALV-UjV5R8JBWIgbnAwvQimXSZ6lofo9ST58hPTOHJFTLWkgl2xhfvT3,Its sucks,1,0,4.6,2022-03-20 22:16:21,,,4.6
3f78a7d2-7b92-498f-99f2-b6661536080e,Vycer,https://play-lh.googleusercontent.com/a-/ALV-UjXg6RlC-KeGTh5v0pDEHL83PBB6WX6k4xaMZKppcaRDfHCvpp_mGA,"Good printing app, my printer doesn't come with an app, but this helped me to print almost anything, you can print images, create barcodes, QR codes, a template.",5,24,4.6,2022-03-20 03:41:18,,,4.6
ee36cdaf-e8e4-44eb-8b65-f6f1e16db27e,ShareJoy TV,https://play-lh.googleusercontent.com/a-/ALV-UjXucZhuND57bwi_wkhLlmWE_vy0Ge7DiBEbVsDCqwdLtFISFP4h,laging my log,1,0,4.6,2022-03-19 16:27:08,,,4.6
f0de6540-7212-4a7d-968e-7238cbea2f29,SBI LIFE INSURANCE UNJHA જય દ્વારકાધીશ જી (जय द्वारकाधीश),https://play-lh.googleusercontent.com/a-/ALV-UjWlWdAepFWDgVzpp9yY0dy0CGDfBeBuEnCcQ7vm9EoFfdxyvwHGnw,Good,5,0,4.6,2022-03-17 12:11:35,,,4.6
8eba7476-c2d8-4f75-ae97-c8d80c99f11e,Abraham Care,https://play-lh.googleusercontent.com/a-/ALV-UjUEY5-XmnfEAiQA-xBA0H4S5z8_PbXF5iMCi8kH58YIIQei_6W5,"bagus sekali printer ini, murah dan sangat membantu penjualan kami",5,0,4.6,2022-03-17 10:20:23,,,4.6
2ec72d66-f82a-4dcc-a8e5-b099b26b22fc,Christopher Pitpit,https://play-lh.googleusercontent.com/a-/ALV-UjW40GufTs-GtppR_wFjCf5NpZAj7JxFnYTA60i7JmF4Zrc3Zao,Helpful,5,0,4.6,2022-03-16 14:53:59,,,4.6
2c6256a4-ab64-4b6b-babb-9e967c9ca23c,deweld paath,https://play-lh.googleusercontent.com/a-/ALV-UjVcYTCrI_x-qGMArnzRGbUl1YKJhs7NrJplPzuNh_X6yjaKV_Q,Aplikasinya Sangat membantu...,5,0,4.6,2022-03-16 09:53:03,,,4.6
e0e25488-21f0-48fc-b7b5-1e9d486f555a,Jenny Mariano,https://play-lh.googleusercontent.com/a-/ALV-UjV8f9VDJxailNVHOOIVnEApiezFyunCBpMa_BQ6727JUAS8Lj58,Great app but now i cannot use it already when my phone update i use may billing app i cannot use it already pls help us to fix it thank u,5,2,4.6,2022-03-15 17:55:45,,,4.6
047f2185-6046-40dd-aec5-4dd6bb1fbe6e,Chetram meena,https://play-lh.googleusercontent.com/a-/ALV-UjVcrGi7rcqqm5cc3gV4X4dxJFCzb2BNu20wCPI0U2AUP4Ii1X0,Page text setting bad,1,1,4.6,2022-03-11 21:11:00,,,4.6
c94667d9-e20c-47db-90fd-cadb67a1afc2,alicia ng,https://play-lh.googleusercontent.com/a/ACg8ocJQqAF8AIPcA9aQagCNiA4N0-Vs3A75GLiW44YP5Pvq0atXDQ=mo,"It good in text input but the image, pdf, note file cannot open. Or have I miss something?",4,6,4.6,2022-03-05 19:58:26,,,4.6
90339aa3-2d3e-4b87-9a14-c6bfacad1d80,R Frost,https://play-lh.googleusercontent.com/a/ACg8ocKSxKp6xdCTdr66E-5gNz_QyzxLj-frnjzY7b1qbiWuzNMgcg=mo,"Poor UI, and doesn't work with Beeprt 426BT",1,1,4.6,2022-02-28 22:11:54,,,4.6
bd0f1435-73d3-4d77-a76b-f019d74b9cc0,Beulah Ann Gormia,https://play-lh.googleusercontent.com/a-/ALV-UjUrJ3nfz-0r594bNrdWp-DRBrix3GrE3h7I_MtnAx5bwFF9BugH,Easy to use....,5,2,4.6,2022-02-25 10:09:44,,,4.6
da05f4a2-553d-4a1a-a9e9-787a3f0277d4,Sopiriala Brown,https://play-lh.googleusercontent.com/a/ACg8ocJsVDjlNZsEarm8qwOihvSkpg-5V76pVqLaCbVefVOyM1vASBo=mo,"Multi tasking, best among app printers.",5,2,4.6,2022-02-25 02:59:05,,,4.6
3e3e2823-a061-40db-a80e-43308da42db5,widyantini wulandari,https://play-lh.googleusercontent.com/a/ACg8ocICgMvCwWU5YbmfrLiHG6PTLFBBXn8Njw3sm1MwCJu_r_WzMw=mo,Good application,5,0,4.6,2022-02-23 08:48:49,,,4.6
3cc13996-d674-4874-8f79-4458c07a086b,Noah Nelkon,https://play-lh.googleusercontent.com/a-/ALV-UjXJ6lpF3c0aeAi9s-lJpLxYxLigEjeThCntwzb_Ewio7--WlIFO,Nice app but unable to use convenient font for selected word,4,5,4.6,2022-02-23 07:50:30,,,4.6
2af36d81-67ab-46cf-a103-40252a83d5e7,Aman Maurya,https://play-lh.googleusercontent.com/a-/ALV-UjWFHCrePah5zqwzlvRRoCH9TtGEpWvR8NNmfttxyZ94cjEDenMH,Infinix,1,0,4.3,2022-02-21 20:51:10,,,4.3
55ae127b-e91e-4879-a063-39e9ed9b8868,Zuera Cuci,https://play-lh.googleusercontent.com/a/ACg8ocI0xu3DqhOjsOw4ZkPERz1VRBgb2Vd5LiO_vGnVBMkt40xFcQ=mo,Excellent,5,0,4.6,2022-02-20 21:18:01,,,4.6
ffd897d0-a6b3-4187-b330-7d2f3d05db52,Aldrin Barte,https://play-lh.googleusercontent.com/a-/ALV-UjXnLEhKZF-28xI4DbDFLdCFW-fNj5wfj7h8Uj3XvR24JgI2TJtn,Great apps!it works amazing :-)),5,4,4.6,2022-02-20 08:36:53,,,4.6
1bd94874-2ab0-4b8a-b3a4-4fcd0c04ec98,ARGHA BANERJEE,https://play-lh.googleusercontent.com/a-/ALV-UjVz-0aEXL0MhO9kK4LrhmWSbX7G7b99trhkRWjHwwok7zxEoI3VYw,Best App,5,0,4.6,2022-02-19 23:25:15,,,4.6
16b14fea-52fd-44ec-bbbb-af33ac216364,Mayang Encienzo,https://play-lh.googleusercontent.com/a/ACg8ocJWzrkHpK15g7LROJc5hiL0lj4P85Y7nyw2a89xSuI7p6ZfIQ=mo,"The app ia good. Only database backup does not work well. It always says ""invalid file type"" for db file. Please fix this issue",4,25,4.6,2022-02-14 11:55:59,,,4.6
23322528-4391-4ea3-a1ce-817567ace521,Milon Biswas,https://play-lh.googleusercontent.com/a-/ALV-UjXSgwjfSeTxRhEwNwhbC88ODRkn4wW-bewxQCZctfTbdkKmAnkj,Super working,5,0,4.6,2022-02-11 21:55:42,,,4.6
ec9f3b02-628c-462a-8c0f-4502e4600d3c,ilyas painter,https://play-lh.googleusercontent.com/a-/ALV-UjXmn-EyQW_mJV-yfPW9EDl4U1iqrMlHjXOoo_wYnYPxgA7RaI9G,Useless and wate of money.,1,2,4.6,2022-02-09 21:20:22,,,4.6
8c57f626-6e7f-4993-b990-dba872ff44ce,Mehartariq Tariq,https://play-lh.googleusercontent.com/a/ACg8ocLzFGDDIAuopNUbqjRwfsExsBcjVIHVzLqT4r7OyKkW3o77Fw=mo,Can we use USB OTG cable to print from android phone without wifi printer,5,1,,2022-02-09 10:21:12,,,
057720eb-94ef-4c28-85ef-68977f01772d,A K M Mazharul Haque,https://play-lh.googleusercontent.com/a-/ALV-UjWCD90XKSay6eYfqmLxSYtZpbm5kcr0V4cGSDZPmS9EMooJGifG,Easy to operate.,5,2,4.6,2022-02-07 13:42:05,,,4.6
e6b79f90-0ba4-4ae4-8343-597c6596070b,Sev Sevoo,https://play-lh.googleusercontent.com/a/ACg8ocIiYdPSghVT-hEwuEjOCtgS2GxAA5nnTXkL8IMFRX6XkF2voA=mo,"after update this app cause my Gboard freeze in some point. and its keep repeating while using it. im on andorid 12, using snapdragon 870 phone.",2,21,4.6,2022-02-07 10:08:42,,,4.6
ea3dac79-1740-414b-9eac-6af2be88918f,gabriel silo,https://play-lh.googleusercontent.com/a-/ALV-UjXyicGyrt1K7OnNjDb5DaRL-MVeq8EPB6-2OodTRkxGQzrWwCJ4,Super helpful and friendly user,5,5,4.6,2022-02-01 12:29:29,,,4.6
785bd4d7-c4f5-495d-bc84-394d97319e74,junaidi aditya,https://play-lh.googleusercontent.com/a-/ALV-UjXgcLO-jZQEJZymIMdRHuv3YMXrQSawPj24w2lBqSgprXTpp9rB,Oke,5,0,4.6,2022-02-01 10:50:28,,,4.6
c1abb75e-0f77-4cbb-a376-e6fc13bb16cb,AllAN Quinto,https://play-lh.googleusercontent.com/a/ACg8ocJyMJ3x7CsNcDknAV-rWcwAAIAm_DtEj-50fgtSY3eCDqYPEA=mo,"Nice app, been using for a while now. And haven't encounter problem..thanks",5,6,4.6,2022-01-29 17:42:14,,,4.6
e4f33ee5-cb72-4e62-8115-bc03267480a2,Pauline Bacit,https://play-lh.googleusercontent.com/a/ACg8ocI59sOmOP9kTFPhmh_uiQ0h8Utz_vVwzzcVbHOwusf2Fe-1j5g=mo,Very Good,5,0,4.5,2022-01-28 13:14:09,,,4.5
ec5b4eb0-fdf7-4418-b731-d77b8dc2f8d2,Siddharth Roy,https://play-lh.googleusercontent.com/a-/ALV-UjWOsiwkm6zc4PXRSlOtRfiLOiP33k5ctmZr6hQbwK86XwKBlTWs,Nice app Thoda or fast chaiye,4,2,4.5,2022-01-28 09:47:58,,,4.5
3096ee0c-03a9-431d-b39f-a794863a2193,Pablo Escopa,https://play-lh.googleusercontent.com/a-/ALV-UjWyomS3XZ1nqlfH-5HE7SAA11ur-MbqJmmoVtzpB5Q1MxWXwnXy,The best,5,0,4.5,2022-01-27 10:56:41,,,4.5
5f1cd0d8-2f4a-4f9d-8d4a-a2041a601206,Haekal Rasyid,https://play-lh.googleusercontent.com/a-/ALV-UjWX8O4qJZogOAmPsIDFVwSMBWw-VEVhM31JbY-tt29vkABrrheW,"Good app, but the most important thing for me is how they collect our data. So i uninstalled it",4,2,,2022-01-27 07:50:40,,,
46a0ff19-f3d1-49ab-a2fc-95beeadf05d8,Jeffrey Bobihoe,https://play-lh.googleusercontent.com/a-/ALV-UjXk536ffjYf6v-6-jU8OEW0xfDE6VyD4ZapVziOuIifr1NIxwA,Great apps.. thanks Devs.. keep innovating..,5,1,4.3,2022-01-27 06:43:03,,,4.3
dce8c96a-8189-4a10-937a-361f1797c60f,Joe Hari,https://play-lh.googleusercontent.com/a/ACg8ocLGPczv7yIs098MO1hoy9abCXjLSNL8qB3JGMv88slL56-g3Q=mo,need calback if successfuly print from browser,4,3,4.6,2022-01-26 19:00:52,,,4.6
ef344e87-874f-4fa2-937f-b6631f5ae23f,Gaumata General & Grocery Store,https://play-lh.googleusercontent.com/a/ACg8ocJG9_YdVOWXUSw0Xu6TZRTJltuQtc3BdGit9JgNQw6_G18H=mo,Best app,5,0,4.3,2022-01-25 22:35:01,,,4.3
10c4974e-2c24-4d55-8886-6743f059a67a,Júlio Eudes Oliveira,https://play-lh.googleusercontent.com/a-/ALV-UjWdK8VHuLnlPA4DVZnsHJebVSNP4VKdshMO4CtqTQ6qMsM-CjQb,Não funciona!,1,0,4.3,2022-01-25 19:51:42,,,4.3
2bc7156b-e9c5-4c38-8191-aff792e38b6a,Moses Kamau,https://play-lh.googleusercontent.com/a/ACg8ocKtjc_KnwGXsvNbhD33uzFAmLic_yBlF3_ocnRY8ths5M9n=mo,An excellent app 4 me....it really works so well,5,4,4.3,2022-01-21 22:52:09,,,4.3
350f3adf-7a57-437b-bedb-e05429dfa50f,Truong Bao,https://play-lh.googleusercontent.com/a-/ALV-UjV2bTdMdRyGBCoNDfrfoU51Y6HlwXzqeif3ViTcX6xccy_X2VAXPA,Great,5,0,4.3,2022-01-21 07:25:58,,,4.3
c99fc740-41e9-40cb-8ed1-9c15c863a790,Mar Kevin De Guzman,https://play-lh.googleusercontent.com/a-/ALV-UjUMUVpNQZbGMyc_t9DqxjlAoKL6Ay7ZQjBlVhMovDaHXEWX1_4s,Great app developer :) 🥰,5,0,4.3,2022-01-20 14:03:59,,,4.3
4ddaabfb-81bd-4f1a-bfd3-bdff5009c78e,Achetu Abah,https://play-lh.googleusercontent.com/a-/ALV-UjVpLQPmN1xcXpd5PtJkN8AgcJbl0MPJ2000YhdyGLX5KB1kQvk,Great app non like,5,0,4.3,2022-01-17 15:44:16,,,4.3
bb667958-128e-4ddc-a00b-551f68b03f64,Mintou Paul,https://play-lh.googleusercontent.com/a-/ALV-UjXB6FjMy6M3qJBu0mk6b0qZU8lgOKREX1T0ohYV-CBBeRqlDfWA,ভালো,5,0,4.3,2022-01-16 20:47:16,,,4.3
7caffcbb-1199-41e5-b993-73b5e69f777b,Jamaria Nuriman,https://play-lh.googleusercontent.com/a-/ALV-UjWMZCBYCJDQ8w0tfa_b1Hx2-Fp5i-c7-qQIyiBCuksZrV3lA6w,"Love this app,easy my work",5,1,4.3,2022-01-14 11:15:58,,,4.3
2d69e634-15a8-4b9b-8818-e92165229947,Salim J.,https://play-lh.googleusercontent.com/a-/ALV-UjUNnomGJwE_zCkGJLb3etDmm9jFGmEuUPdAJKCvX4CAUZcVBRK5VA,Stupid. Doesn't work. It's like trying to out teeth to find a simple app to print a shipping label via bluetooth without using a laptop,1,8,,2022-01-13 23:22:05,,,
d65382e8-7fd1-4a4a-99c6-ce77e1be4329,Ben Horta,https://play-lh.googleusercontent.com/a-/ALV-UjWj010GzV1oHXjQgONQ5F3pI9cjuNQAvjFOUuZQSP0KsIADOdk,"Good App ever to see, I got all what I'm looking for .👏👏 for developer",5,5,4.3,2022-01-07 01:59:49,,,4.3
27b6d14b-72a6-46ed-baaf-27c4e65417da,Mr mohit Singh,https://play-lh.googleusercontent.com/a-/ALV-UjUiUNScAHcVns08vS8P2dpUKHPSKD6-8IJCsLjNo8tv1-3qQLfo,Good,5,0,4.3,2022-01-06 17:22:22,,,4.3
205a5020-e225-4c6f-bcf2-fba3b18767ea,Precious keyz,https://play-lh.googleusercontent.com/a/ACg8ocIE4jLKAbYL1qG_z99yZQJ2b19izXrOh3HfuJ-iNEDA8d1zmA=mo,Better,4,0,4.0,2021-12-28 23:36:31,,,4.0
2bb75876-277c-4e35-957e-01757540fa82,Islamic videos,https://play-lh.googleusercontent.com/a-/ALV-UjX5dIFmbPkoVXWv5FgWfZ7KsS_KqFvngKE4BotYFaooSbFZhLwU,Very Good Software,5,0,4.3,2021-12-25 14:34:58,,,4.3
6e6a1f10-7f6f-4c46-89ef-e9306cdf65a2,Lis Rosiana,https://play-lh.googleusercontent.com/a/ACg8ocLqXIlH-UQFtBwnYD8wnGlcSjcG1eHDStW1avJJITgLIcii1A=mo,"👍, do you have this program in IOS app??",5,1,4.3,2021-12-23 12:27:13,"Please update app to the latest version 3.9
New updates to app version 3.9 are below
Search template added
PDF as text is added
Clone template feature is added which allows you duplicate any template easily
You can add image without any trouble

Please rate the app as per latest version",2021-04-30 11:48:55,4.3
e495ea1c-ab0c-4d99-8d92-49e074adfc99,Young Machelin,https://play-lh.googleusercontent.com/a-/ALV-UjUCyWpAiV40C5bowOz0SKkf6So2uE9d0FH0eAVpFnNh4nqLdTXV,Great App! I love it,5,0,,2021-12-23 00:47:59,,,
b71f58f8-39d3-41c9-9811-f623cde02606,Umar Malefa,https://play-lh.googleusercontent.com/a-/ALV-UjWijnNGsqA5p-WKOg6vRf1A69G_oyddaNwBm3BUccgS5aisyBA0,Not Bad Always,5,0,,2021-12-22 20:17:50,,,
9446feb3-1d4e-4eb9-a933-9cd066496b88,KIMMENG LIM (I’m HOLLYDAY),https://play-lh.googleusercontent.com/a-/ALV-UjVY0vfhChJILlZCoN-cX2G9nBZD7G_4blRBaTRe300U_kA8tYVz,Start,5,0,4.3,2021-12-21 16:52:16,,,4.3
0d26794e-5f49-4982-874e-11aa1f404808,Yan Patriga,https://play-lh.googleusercontent.com/a/ACg8ocJvT28Rucn6r2G03NGSzRrP2V3G6BY6neTbRmANe-13XeBP6w=mo,Mantab,5,0,4.3,2021-12-19 22:34:10,,,4.3
007b0a46-b7e4-44fe-9fc5-68c829397179,Ranti Aja,https://play-lh.googleusercontent.com/a-/ALV-UjWeh2lrtMrOBURhMcDb8ndqiRrtGml2BzyEFE8W2UMrFuR9xhs,"Bagus tapi tambah tutorial video boleh, biar lebih paham",5,0,4.3,2021-12-19 05:41:36,,,4.3
e37d39be-bafc-419f-bf8a-97797bed2822,Sabuj Mandal,https://play-lh.googleusercontent.com/a-/ALV-UjWXAGH3MSiwEXz1b_MljB1kJak5Lw-it6P5WV74SK6_ruFIStxU,Nich,5,0,4.3,2021-12-17 18:29:01,,,4.3
6fdf41fb-befb-44f4-96b2-125b6089cadf,KandAQ Kcm,https://play-lh.googleusercontent.com/a-/ALV-UjWL2rZnSgjbAT4uFgHtm2bMgV7di23HYCtY1xFajHDPfLF4GIXq,Good,5,0,4.3,2021-12-15 00:10:05,,,4.3
efd83449-24b0-408b-b3ab-60b55c3e1b77,Garcia Humberto,https://play-lh.googleusercontent.com/a/ACg8ocItb_9bATn9LNbmWE4KqBDHLH0FpyY_BLKoAPx7chFV3wAvJA=mo,Best,5,0,4.3,2021-12-14 08:34:21,,,4.3
3c042c75-fc16-4f4f-bb41-16c393c7c1be,Petro Lesiuk,https://play-lh.googleusercontent.com/a/ACg8ocIFv6p62apk3sORKZdVX_axodF40xu5cqNXNdLPZM11HWa7lw=mo,Science.,5,0,4.3,2021-12-13 01:59:11,,,4.3
5dfc5204-a3f7-4276-8a4f-622ebd3772d0,Shivam Choudhary,https://play-lh.googleusercontent.com/a-/ALV-UjXpCtHFNiiTUHpQ8JW2A3JCGcSU6JjOT3Dtd5IVR21TR-IdftqS,This app is very very very useful,5,0,,2021-12-11 22:06:54,,,
873da791-ff18-420b-b4c0-f4c27a83344b,Aj Wright,https://play-lh.googleusercontent.com/a-/ALV-UjWUSnAvNoHeNPYSsvns-1lWaw8iRJ3FH-pPw90vI8fLxsVYDi8,Amazing,5,0,4.3,2021-12-11 10:45:23,,,4.3
98e1e611-68fe-4915-9697-5f1be138e8a9,Ronnie Burton,https://play-lh.googleusercontent.com/a/ACg8ocLVoQOAPikSNYqMtz64mfO8TuLzoZMd7K0Cwuwy1nXf6orC9g=mo,I love this.,5,0,,2021-12-09 20:12:57,,,
bacbafa0-8585-4873-acf4-302f22596fa9,Izuchi Chidozie,https://play-lh.googleusercontent.com/a-/ALV-UjVhT56Av23_4qlALS2pLKsuNkgZrYjwB1o7mcYhsm94EafDEj0,This app is the best for pos printers,4,0,4.0,2021-12-07 06:46:11,,,4.0
bbb68533-93d3-4859-a889-0168416bfa22,Ali Mohamed,https://play-lh.googleusercontent.com/a-/ALV-UjU7iSMQO4jlHY-pa7xbBEVqxa9zi0w8_ccwDM9RyqMm44rfRNkb,make life easier with this smart app. very clever printer .,5,5,4.3,2021-12-05 11:28:03,,,4.3
46ea99e2-9aae-4de9-b462-ff4cfb8060ef,Fatma Younis,https://play-lh.googleusercontent.com/a-/ALV-UjX_OIKqvTRFGxOKdZutRK5il_j4h6KtofkTpDBx8k6kqysvvO0,"Not easy for html printing , as I have to get the link first then use it in the ""in app browser"". This is bad user experience",3,14,4.3,2021-12-05 05:08:23,,,4.3
99deed78-3a8e-4d3f-9860-df91ead4a65a,jonalyn estacion,https://play-lh.googleusercontent.com/a/ACg8ocLjOvCZI7l6mq8YmSU4lM8rPOUvEvJBJhFls7PNWpPollYAQA=mo,Good,5,0,4.3,2021-12-04 07:33:37,,,4.3
ee6fbd45-a2eb-47ff-92ee-48bca9ada211,Elias Mohd,https://play-lh.googleusercontent.com/a/ACg8ocKxZFYYH06GZtFIsmcgQI_sVZ6wFd6KB4LbThm4EW8oJJqeLg=mo,Good.Tell me where I can get ink for thermal post printer?,4,0,4.3,2021-12-03 13:33:03,,,4.3
2fcd13ff-0160-46a4-b4c8-087b1da12285,dennis ndirangu,https://play-lh.googleusercontent.com/a/ACg8ocJYonKvS56bZP1HErMw8M0Ew-i7QCE2yKjHAQvzqwq0zCEyfQ=mo,"Hello , App is working well but on developer part it is says invalid json response. Please advice...",4,5,4.3,2021-12-02 19:35:35,,,4.3
a1cc6677-6cbe-4dda-98d4-cb91fa6a4e76,Sindikat Aralsuba,https://play-lh.googleusercontent.com/a-/ALV-UjXiqpxyUM3lHcEnqN4v1tE3fOhWaLXRX5cXnn-Yy1-jIF0WXyM5,Ok,5,0,4.3,2021-11-30 18:19:10,,,4.3
6d272c6e-bdd1-40d2-82c2-ff81a95e4b58,J. L.,https://play-lh.googleusercontent.com/a-/ALV-UjXzSRrzRJa5pV7JBxDZzxpS2n3il4ihP6ofhU6N60OdeMKm3yM,It printed many codes that I don't know and wasted my printer papers,2,0,,2021-11-28 19:39:30,,,
af900c7e-d5db-4eb7-982a-92c9a1ca7b91,aki riza,https://play-lh.googleusercontent.com/a-/ALV-UjWjwFcpupD1RgUbjBwvF8K3izFInqI0oCpKByHf_s_Hdzks7NHv,Bagus tapi setelah update jadi ada iklannya🤦🤦😔,3,0,4.3,2021-11-25 16:16:09,,,4.3
625b2e61-3034-4ba3-a964-a4f7ad7093d5,Fernando Lopez,https://play-lh.googleusercontent.com/a-/ALV-UjV70wDcbpQlJ7nX5eQI8i8SVPfQu_CILALTQZzk8hsONDgumHBC,Easy to use.. very satisfied to this app... i recommend this app...! Great... very useful,5,3,4.3,2021-11-25 07:58:36,,,4.3
babfcd85-1e69-4076-ae76-e8c9b0a08ec9,Progr. Saheed Yekeen,https://play-lh.googleusercontent.com/a-/ALV-UjUJOS_u7VGpknnuQC0s4MZJCkG69ZOAXF9H3GVipYVn2xLKwtal,"I always get ""Invalid json response received"" each time I use web link. Pls send me json sample to use. It is urgent",5,5,4.3,2021-11-25 06:15:43,,,4.3
3a7da5fb-9e26-4a26-8acb-717c83c28b0b,Kumud Bidika,https://play-lh.googleusercontent.com/a-/ALV-UjXC4hTC2KeZbuiXV9kcV_2M9BV2yb8UfoTmBmGsqTymXV2ETILg,Nice,2,0,4.3,2021-11-24 12:14:41,,,4.3
34c17f63-c04d-499d-9e4d-a7a86533ba09,Monachan John,https://play-lh.googleusercontent.com/a-/ALV-UjVpfti69sF8c_XnHZuoo1OzndoRq_hvmPmLNLgKnsUGtRVpgh8P,Poop lol,1,0,,2021-11-21 23:52:26,,,
e526b9d3-6e8f-4f1c-9ce8-8c4162c8659c,Rose Mathias,https://play-lh.googleusercontent.com/a/ACg8ocJEt0K-I-ZCMbslYBh5Z0KWMzR2boKuJC9RoUuIfyL2AB94SA=mo,This is the best printing app i have been trying others but they are fake this is the best.GOOD JOB,5,24,4.3,2021-11-21 17:18:28,,,4.3
8e433967-b826-47f2-ae99-fbf46ca07b21,Ifeoma Emordi,https://play-lh.googleusercontent.com/a/ACg8ocKov1k9lp5n3h7bEaGOVzr-x_YA_Nk1bQkVcu93NUTJ8gYrow=mo,Brilliant,5,0,4.3,2021-11-18 22:43:16,,,4.3
cfafb6fb-2e0d-4baa-9288-660a1f48aea4,Dini Rizqi,https://play-lh.googleusercontent.com/a-/ALV-UjVI4V3PsbiSxNWiHxkx_oTnLfowesBKrn9g_PfIldpWzR9bl7Hj,Why did the update ruin the app? All of my saved format not working anymore. Fix it please 🥲,3,5,4.3,2021-11-18 10:00:59,,,4.3
ac12756f-ec4a-4d5b-8ff1-7531e60d70ee,Stuart Williscroft,https://play-lh.googleusercontent.com/a/ACg8ocLos1ul3DQHsN5ox7N4zXEE60Wu0zljO_WARxiAW2RDgAyM2A=mo,Can't get it to print only real small can it print larger ?,2,4,4.3,2021-11-16 11:47:10,,,4.3
b9695342-5d05-4b9e-ba50-2350ecdd101b,Tropevoli,https://play-lh.googleusercontent.com/a-/ALV-UjUfBq9MvWpbEItwak2R0eo5BSdnKE1nnq_83x8m6NIHagbstkIw,Nice,5,0,4.3,2021-11-15 14:53:38,,,4.3
8afea16f-b343-4289-9827-1a4fda1dda97,andri sani,https://play-lh.googleusercontent.com/a-/ALV-UjWYfNAEEc7tdLvNMkP34QbXsCVD2HH4i7lvRu9VDiY5bIx5nk4,Why i cannt open this app with my phone?please help me,5,0,4.3,2021-11-14 20:52:34,,,4.3
be3dee72-3556-4936-b599-2fabd5621151,Suhardi purwanto,https://play-lh.googleusercontent.com/a/ACg8ocJNcYHdQdNWY2cYBp9QdF-qUH82bIczz0nk2CZTB9oJrMPOQg=mo,"Saya Hapus , Sering di ganggu Sama iklan ga jelas",1,0,4.0,2021-11-11 10:43:13,Please update app with latest version,2021-11-11 22:42:40,4.0
4e1fae5c-37eb-47be-8089-b977634549ed,Andile Ncube,https://play-lh.googleusercontent.com/a/ACg8ocJ_JCBkuNghGS7jC4jVOYltk8ddyfiv5O1nho-zxSrrp7-t_A=mo,This is pefect,1,0,,2021-11-09 14:55:13,,,
63cbf012-8c0b-4cfb-8029-fa7ea7598410,Sabbir Hossan,https://play-lh.googleusercontent.com/a-/ALV-UjVFl8oTUfveHX-wVTN5SwScQ0FhvmMXctd4mikrJ56xxknoO0U3,Best apps,5,0,4.3,2021-11-09 13:24:18,,,4.3
63212cd1-97f4-4fa9-b310-bcdc79d4f2b9,Steven Claude,https://play-lh.googleusercontent.com/a/ACg8ocKWSHFgOA_oJvPzQLpV_wpVQAxULlDGdYqD8GImh0TWJrnV2w=mo,So many Ads . auto Uninstall,1,0,,2021-11-09 13:03:59,Please update app with latest version,2021-11-11 22:43:11,
c34f47b6-9291-428d-9f61-cb22f565a90c,Mariana van Tonder,https://play-lh.googleusercontent.com/a-/ALV-UjWEnHnGLPS5mUSblPny98lqSbDH2AjE3D9g0XXxtzbzS1dG17TBCA,Awesome,5,0,4.3,2021-11-08 21:01:15,,,4.3
c094d4ff-d83d-4a19-a803-a2165c4e460d,Cabby Mzwandile Fakude,https://play-lh.googleusercontent.com/a-/ALV-UjWCcWMv_XVWN1ufUfL3GaTEGD_hIYVQw3ENWAtTlOPrvydkR7U,Life at is best.,5,0,4.3,2021-11-07 19:31:09,,,4.3
6747dbcd-60b1-4b46-a909-2b67722a4af5,NIAGA IT,https://play-lh.googleusercontent.com/a-/ALV-UjXU_0kaSZ0__JbwZnJwhvPuPxiDazAs9sHMHYMdgKqAgLcZOw8,"Thanks, bagus sekali apliaksinya",5,0,4.3,2021-11-07 08:11:14,,,4.3
84a032db-a0c0-450c-a1e8-bcacbb712709,Dadir Cali,https://play-lh.googleusercontent.com/a-/ALV-UjV27u6c5z80LAYBYQsmGNxQy2NQA--q1rXyAIxNtqu_8hzI3UU,Dadircali,3,0,4.2,2021-11-07 02:22:23,,,4.2
0f12e4c6-c6b2-458d-9d77-59008188edad,Mangrove Kween,https://play-lh.googleusercontent.com/a-/ALV-UjU8z6MHBhQZ5L_rXbnPPPD6zOR1P5lSxFMUrqEABfmGsw23QdYZ,"I love the app,,i can make my customize logo of my own company ahaha char😅😉",5,7,4.3,2021-11-06 06:49:06,,,4.3
ffb48eb6-530e-4c7b-be47-4d75ece0235b,MD NOORUL HUDA,https://play-lh.googleusercontent.com/a-/ALV-UjVLwr6bH9sZnReW-0Ob2L6qPX47rQe2YYxo2gFAexWnHbWFQeXV,Perfect POS Billing Application.🙏💐👍👍,5,2,4.3,2021-11-05 18:25:21,,,4.3
3ae9a2fc-2494-439d-89f3-7eb1a975bbf0,manoj prasad,https://play-lh.googleusercontent.com/a/ACg8ocJTSbXf2aMAbRVBcO0jlzNIFJR9FIstcDONTMLyVivpnlwn4Q=mo,Easy work,4,0,4.3,2021-10-29 18:45:32,,,4.3
d97b67b4-292e-4e37-8c85-cf717a02a5e6,Bruno Fonseca,https://play-lh.googleusercontent.com/a-/ALV-UjWdBaWihl_wx_Sd686aIDckRUXatH1Wyh_tM22315YzpzO79S-H,Tudo que eu queria!!,5,0,4.3,2021-10-27 23:04:01,,,4.3
5c1198a7-b65e-4b28-b57b-660c2b134c47,Raffy Bendoy,https://play-lh.googleusercontent.com/a-/ALV-UjWZGlq3KZDW2J37uwhthsmTEscRqdlr3Clp4WX-qD_BFgDGZWw,Good,5,1,,2021-10-27 17:42:54,,,
b0ddd61e-06fe-49f1-81aa-f0b719123a1e,Captain X,https://play-lh.googleusercontent.com/a-/ALV-UjVtGoaeiPxCIFyE0H_31C8Tj2ncRGwPP89OpRkZMR1re-gOfDU,"Cannot use , can install can find only",1,4,4.3,2021-10-27 15:13:20,,,4.3
fb40ad45-d16d-46f8-aecd-72a51fea6ffb,Penanjoh Yvonne,https://play-lh.googleusercontent.com/a/ACg8ocJ0_60yoLfU0qSo-S9Ze1t4gbGXjMpc9axtboe_QKBvF1oW2A=mo,Good,1,0,4.3,2021-10-22 19:13:26,,,4.3
03456c18-3791-4cce-8705-cbda7e86a643,Peac-Mendoza Mary Ann,https://play-lh.googleusercontent.com/a-/ALV-UjXBvo0vK5Han8_YdFFSvCEyGa-UnlzUtivPgk1wTihFoWbTETPL,i always used for my bills payment business,5,0,4.3,2021-10-21 23:25:47,,,4.3
96a50346-1f2a-48ba-b6f2-0ded93a941e6,Maryala Srinivas,https://play-lh.googleusercontent.com/a-/ALV-UjVZZGilDEutO9gJ61jr9gz_bKfzYVaRJqrAm24QUpdt71_B0Q,Aww s wa xxx,2,0,3.7,2021-10-21 16:34:46,,,3.7
7803c461-2a0f-47c5-829f-7c244e19e3e4,Alan Robertson,https://play-lh.googleusercontent.com/a-/ALV-UjWNaNUagWa72ZieRsOzLHuclJNkpm4W2uWzAfzXnUtAnHo8NR6agw,"Surprised to read such good ratings. UI not great for editing lines. Text doesn't print on PUQU Q20, although images OK.",1,39,4.3,2021-10-19 04:50:33,,,4.3
c429b85b-a6c1-49f2-a600-15f1041199e1,Jason Etheridge,https://play-lh.googleusercontent.com/a-/ALV-UjXOx2ENTLPSAIfaLkQPfG-b8mryjJdSiJNpIMke0DjmuuHPutlp,"Really good app, works great!",5,3,4.3,2021-10-19 01:02:25,,,4.3
7f68b1b2-30e8-43c8-a1d7-cc6e959d461b,shellniger,https://play-lh.googleusercontent.com/a-/ALV-UjXcg0o6op37l554WBTIfPSb9uSl4asaHWz5NmuWv7fYT_8dfe3P,It can't print 100mm labels even the settings are properly configured. Secondly it could not connect to the printer when I have paired with it using the Bluetooth interface inside the phone settings. I guess it only supports up to 80mm wide. So it doesn't support all print sizes.,3,51,4.3,2021-10-18 12:11:38,"Please install the latest app version. App supports any print sizes now. Also, all other issues are resolved in the latest app version.",2023-11-19 10:41:00,4.3
eec08e87-6a4e-4727-bccb-62ba3ddd23fa,Nugraha Akbar,https://play-lh.googleusercontent.com/a-/ALV-UjWa4TbG0Z3EIwo3WX4fS8jndyxbl_j6R256loCUf3R_wYASguwc,"Kurangnya cuma kalau ngeprint 3 rangkap, shortcode #myno# ga bisa sama angkanya. Saya masukkan jadi nomor transaksi soalnya, 1 untuk di adm, 1 untuk di kasir, 1 untuk konsumen. Boleh dibantu untuk solusinya gan?",3,0,4.3,2021-10-18 12:03:47,,,4.3
677fbcfc-05b5-45a5-9201-01789b159fe8,Randall May,https://play-lh.googleusercontent.com/a-/ALV-UjWzvGrF5wgYKMfc6A7tLi55ltVygrDd6zIcDtYKD-V8VtSpNAb8qg,Great,5,0,4.3,2021-10-16 17:24:03,,,4.3
ef6dd1a8-dd83-4545-97c0-27aa40439177,Brand Brader,https://play-lh.googleusercontent.com/a/ACg8ocK29Z8OUF2ZUjaovJTJw25UI2-GLBoqO9SIJuFI3ZbEJK2X3g=mo,Good one,5,0,,2021-10-15 08:38:58,,,
dfbb9a55-62d5-4331-9221-54440e9590c6,ardian prabowo,https://play-lh.googleusercontent.com/a/ACg8ocJZ3-pErTE6XcDVex9M617fZo7mSpo0ArPlcLSobY4NmvaCJQ=mo,🤟🤟🤟🤟🤟,5,0,4.3,2021-10-14 06:32:04,,,4.3
17584198-1304-4899-901f-7eaeefd0a503,usaefat busayo,https://play-lh.googleusercontent.com/a-/ALV-UjUcYOwmIRIiEUJhDvVEk3qM9-WGZzZbw_7r4w4N2TtKLlatYXkM,This is the best of all best...glad to give it a 5 star,5,3,4.3,2021-10-11 22:07:41,,,4.3
2dcd70c2-67e0-42e6-bdb7-bfde11ad2dcb,Nagaraj Hadagali,https://play-lh.googleusercontent.com/a-/ALV-UjUGB4T-3MAiurGSiscK8SqRpJXJUYULvc2_Kk8amaS1RJiCnMbu,cute,5,0,,2021-10-11 01:13:28,,,
3dcc688c-846e-4f96-b2d7-411d8aad3740,Nhesty Morandarte,https://play-lh.googleusercontent.com/a-/ALV-UjUrp1GkPc2H5DX6YVoNs02Y6IBcCzotx2O3fTgIJJpu0h-n4g,The stars says it all.. this is perfect 👌👌👌 the developers are even very responsive to emails.,5,31,4.3,2021-10-07 13:20:44,,,4.3
f7c921c0-655a-4e44-afc7-995a45c4e92c,Pakai hati & Logika,https://play-lh.googleusercontent.com/a/ACg8ocLt2WOetf0obnLvUu_689M5_82P1oTQoB2rB6mkrzEtNNbQqQ=mo,Best.... unlike other software...,5,2,4.3,2021-10-04 09:08:14,,,4.3
68aeeb3c-5135-44dc-8c57-3e0854670de7,Gour Das,https://play-lh.googleusercontent.com/a-/ALV-UjU5GKCiWutKIkBdwL4_EunWb1GOrckk1JdZoXnsInfn5vaYSaxE,GOOD,5,0,4.0,2021-09-28 21:41:36,,,4.0
0637d72c-bf8d-4c1f-a15b-03dc12bc00a6,AJAY KUMAR,https://play-lh.googleusercontent.com/a-/ALV-UjUFBf1kmQypr954BmRfw10IkMWjfK0tukAqM20-_hZWz7GZagFa,Good,5,0,4.0,2021-09-26 22:58:02,,,4.0
c6d5a11a-f0d7-48c4-bc00-d889ec452bfd,MEDAN “STREET” TODAY,https://play-lh.googleusercontent.com/a-/ALV-UjXsxHT36h7dvqUAF-JNKjbYaUbNMy2noKdM6rbw3zObZo8Gy7qE,Semoga ada perkembangan terbaru untuk fiturnya,5,0,4.2,2021-09-25 17:35:12,,,4.2
eb3ba7a1-bd3b-4397-a3ac-0747543ee83f,A Google user,https://play-lh.googleusercontent.com/EGemoI2NTXmTsBVtJqk8jxF9rh8ApRWfsIMQSt2uE4OcpQqbFu7f7NbTK05lx80nuSijCz7sc3a277R67g,Of great help.,5,0,4.0,2021-09-24 06:15:30,,,4.0
8e36906b-c68f-414c-9010-da7143e6398e,Nda Donat,https://play-lh.googleusercontent.com/a/ACg8ocIr_Ui47CEf5ee5iyXST1U9nWiTm37ppd_NtA8cJUNBXsD-ig=mo,Good,5,0,4.0,2021-09-22 04:33:10,,,4.0
bbe64015-6646-4c50-ac96-fd7e8e45eb27,Miroy TV,https://play-lh.googleusercontent.com/a-/ALV-UjUz6neO9iXSZBuocxdipdnxN-v58dSBvVfDQMOi79J4SkwSYoc,Nice app,5,0,4.0,2021-09-21 21:50:04,,,4.0
2ea71c12-624e-4943-b324-e923e2c86c60,Sally K,https://play-lh.googleusercontent.com/a-/ALV-UjXp1wPR4Dw_GvXvEZVTnUJcFC-P1vq3yMWlUGjRB1dxQDeyUt4,Mantap,5,0,4.0,2021-09-21 12:58:20,,,4.0
61bc2205-e11d-4cb8-94c8-9c334a889391,Ernesto Roberto,https://play-lh.googleusercontent.com/a/ACg8ocKo4HR1_HnRi-1a7m8xGik95fi2zfrh50LJMMSyAHSJz4_NtA=mo,Very Friendly,5,0,4.0,2021-09-21 07:36:32,,,4.0
012eb937-4d8a-42ac-a104-b37feba1f161,Megat Sazali,https://play-lh.googleusercontent.com/a-/ALV-UjX6p0wJojwTwa5nIUHuvyQiaK-tvly7BJyX8cb32UddM9PjBLu1,Nice apps,5,0,4.0,2021-09-19 08:29:11,,,4.0
ccd6dfa5-a5d9-4180-aa9e-6e5af509ffa7,Chizzy Obioha,https://play-lh.googleusercontent.com/a-/ALV-UjV6XqITB2aRZAZvGDJiuRZfVwCxF9GCliEZ53LvCTw9rL6p_oU,This app is great but I do use it to print card and but the card use to come out big and is weasting my pepper is only on one of my app but others are coming out normal and inconomice,5,9,4.0,2021-09-18 20:52:30,,,4.0
0c150225-2ca9-4623-86f5-be29c9626c6a,N Steeves,https://play-lh.googleusercontent.com/a-/ALV-UjUztZVOfMz8sgcVqB-d4gSfmHI-GoLc-3sgd1kNp3MhTJMK0RxX,I found it to be the easier to use BT printer app on Android,5,2,4.0,2021-09-18 07:19:13,,,4.0
6554de14-6f5e-4853-8df8-2035f08e8146,Tarun Kumar,https://play-lh.googleusercontent.com/a-/ALV-UjWKHFkr6qttVEpldyF5aReLvzZVYth5q-l6xibQ6hNTzdR0A2uv,"Very complex, it will be easy to develop a app rather than using it",1,1,,2021-09-17 10:56:37,,,
6d15c0d8-0019-48f3-95bc-8201edb7fe39,Rekha Gupta,https://play-lh.googleusercontent.com/a/ACg8ocIxZonlsmvTq8bmhvXMgdNAFcaC_wpaLx_Dtus-qLK4Tjr4Ow=mo,It help me good,5,0,,2021-09-16 12:55:29,,,
b4d2aadf-ac11-42a2-b24d-315876d8b110,Suprax 2002,https://play-lh.googleusercontent.com/a/ACg8ocJfAxrfQqQMYrD9UbPY05T80UnauYY-GvI00Airq9A_Z0H7Iw=mo,thanks for this app,5,0,4.0,2021-09-16 09:39:27,,,4.0
ac0a3fbe-b655-41f2-a2e7-55f819c0d982,Dew Dew,https://play-lh.googleusercontent.com/a-/ALV-UjXv2lsEzfzD8HLg9c1lddxz2SS-6jHjqzevr6BBgqwMRqMSUp5lmQ,i really like it! Friendly user!,5,0,4.0,2021-09-15 18:18:27,,,4.0
29343120-1cab-40a4-adbd-f97334171c66,Nuri Sugiarti,https://play-lh.googleusercontent.com/a-/ALV-UjVzWeMaP2wXkGw3ttsRqO9_Als3viuiLEiv97kE-jPUk8LkW9Y,Great apps,5,0,4.0,2021-09-13 03:25:20,,,4.0
51569148-721f-420b-8803-afb68a8da1a0,Rhea B,https://play-lh.googleusercontent.com/a-/ALV-UjXXS3ZtUMtiC0EtNzxEbvVycDDwWGARbr-EGwUeKqTwn5BOhK8,It it's perfect for xprinter and we should be working now,5,0,,2021-09-10 19:13:56,,,
59f8cb58-32ef-4178-b7e4-6ef537c967bc,Shah Hassan,https://play-lh.googleusercontent.com/a/ACg8ocJZe9xwWwyrFlTqbM4P7l2n-Ip-BTW8W2S3tJpoW85Q4XvJBg=mo,User friendly,5,0,4.0,2021-09-10 14:22:14,,,4.0
b18b2f0d-a7d9-45f6-9a49-5fae1a0c607c,Gavin Canon-Phratsachack,https://play-lh.googleusercontent.com/a-/ALV-UjVkCXUHL8HyJSVf7svkR4eWel4HOa87TmTH_dVmVyRQ3I5fy9q8XQ,Everything works great except when printing QR codes. The alignment settings don't seem to work and if I print a size above 23mm it starts printing gibberish.,3,22,4.0,2021-09-10 10:51:37,,,4.0
0c6dd343-a03d-4476-bacc-614a618c19d7,Viola Trice,https://play-lh.googleusercontent.com/a-/ALV-UjW6i3ZTQQo8YYpQloYkOofHBOVZmyI0Hs5Nnl4gg0mF9alekbU,ViolaTricei,5,0,4.0,2021-09-09 08:50:39,,,4.0
d58c094b-0971-48b0-9bec-7934ba6dc2c3,JUBAYER TECH,https://play-lh.googleusercontent.com/a-/ALV-UjUng9bYipMwHLRs5BAzzNe85A5ovcCa39_8WpMC0SRUVgduDPWd,Best Bluetooth Printer App,5,0,,2021-09-02 10:10:02,,,
d3e49460-df8a-4e0c-8a63-c6d6e8189df1,Love Hermoso,https://play-lh.googleusercontent.com/a-/ALV-UjVcdpaK7egewLK7WlKpm2Q6WVa3Ya_VZ1oDBXpSUzlJi05Dxiej,"So far so Good, love the way it works. Keep up the good work!",5,0,4.0,2021-09-01 05:28:16,,,4.0
f4f195b0-389b-401c-9681-96e2ce68294b,Shiblu Faruquee,https://play-lh.googleusercontent.com/a-/ALV-UjUpH7xcnAPwmIH0YcYZC0aNXXIJpVdBrfakZ4gXBkB34bI8wIay,Good prinrer app,5,0,4.0,2021-08-31 16:26:01,,,4.0
5c0b3b90-691c-4229-91e7-b6c9c2453e48,Shehzad Arain (shehzadarainofficial),https://play-lh.googleusercontent.com/a-/ALV-UjUqWKr880G6t0m_OdFx3O7oj8NGpuz6pM8M_viZqC-aRYR21Dch,Good,5,0,,2021-08-29 20:01:02,,,
921c56da-cdf5-4a76-b760-07204e72f49b,Rosie Villa Mojar,https://play-lh.googleusercontent.com/a-/ALV-UjU24drTGeNgrucvbaSmMTuB7xkttjFm87HfdsRjWHCQzm3s34SA,Its easy as 123,5,0,4.0,2021-08-29 18:33:08,,,4.0
f583779e-45fb-421b-af64-07e8b55d77e0,Scabie Gaming,https://play-lh.googleusercontent.com/a/ACg8ocLaDauDOoCl3FDef2LEdwC8cT8hImR4hC8l8Iuc0I1zGVXHfA=mo,Is there any video tutorial of how to use the website / browser print ?,4,0,4.0,2021-08-29 10:38:39,,,4.0
171c29f3-d0bf-4a05-86a1-0d3079db5c41,Natasya Graciella,https://play-lh.googleusercontent.com/a/ACg8ocK12-W228BIVViW6NYRvshgra88fL_e5wBoXYcG4AV_KldM=mo,i hate this so many Ads .,1,0,3.7,2021-08-27 10:35:14,You can buy ad free version. Click on remove ads button in the app,2021-08-27 19:12:46,3.7
6c43fabe-44f9-40ec-8918-2cca87da96cc,Sofipc24 Gmail,https://play-lh.googleusercontent.com/a/ACg8ocJ0C0NpbYgFr1rWFJ_mAl7abN0j7Bc9TdrYJO02ll2EhTnmGg=mo,"too many ads, even when opening other app, suspected contain malware?",1,1,4.0,2021-08-26 10:57:25,You can buy ad free version. Click on remove ads button in the app,2021-08-27 19:12:54,4.0
345b0933-f4ce-45a4-8826-44e413a396f1,lorna smellie,https://play-lh.googleusercontent.com/a-/ALV-UjVBcDu5hkgiLKhV3xU2FDTm5ZUdb1DbotzoeAI80-OCLN9lPks,I am about to experience,5,0,4.0,2021-08-25 08:18:11,,,4.0
e1d514fc-b97d-4160-a8fe-3dd984347109,Max Zhiglov,https://play-lh.googleusercontent.com/a-/ALV-UjWAe1WLTPVGhSmmk53OPrCNeyqvxw4SFtnmOk_J1RzBjQ92Wj6SkQ,"Tried to print a shipping label... Some nonsense came out... Water of time, paper and ink.",1,1,,2021-08-23 23:26:43,,,
edc25d3b-9621-4fe1-bc05-0e21e46c0b1a,Jocy Bermoy,https://play-lh.googleusercontent.com/a-/ALV-UjUj_dgPHKFDQIAsjXd1vwdnyTzuleAn1-oPcaZD34pAeCakphM6,very useful app!,5,0,4.0,2021-08-21 13:08:54,,,4.0
2ee7bac3-29b0-4511-9bbb-0dfaa98214ce,Frans David Shidute,https://play-lh.googleusercontent.com/a-/ALV-UjUCixjX0af65FMgNu8-NTCJZDkLdCnCTSZlmf6L5VQsoBckE4N4,Nice app,4,0,,2021-08-21 07:14:38,,,
0689d51e-37e3-4ad2-b9d2-a76edfc69f9b,Mang Si,https://play-lh.googleusercontent.com/a-/ALV-UjXuDOk8LzqZIT0hHgQbncfm5UKHz5ZOJ8Fl2_4ArRWsQNuLOdhRHA,"The app is really great. I emailed the developer on how to make codes, and they answered immediately on my query and helped mo on creating my codes. Thank you so much! I just wish that you can make this app available directly for windows so that I can have faster transaction with my clients. Keep it up!",5,66,4.0,2021-08-20 22:41:29,,,4.0
125b4e15-c3bd-4fb3-8616-6814a0871740,Tuti Trenggono,https://play-lh.googleusercontent.com/a/ACg8ocIXbKvUxQuTgNmIJQkcBDGdhxCisKR2DoxQlRDKY-uzeqAq2A=mo,Not connect,1,0,4.0,2021-08-17 18:55:12,,,4.0
9f71c874-3e76-40db-b144-73f74459d0c4,Lilibeth Crapatanta,https://play-lh.googleusercontent.com/a-/ALV-UjVpAoUGulGN2fZsB0kvR1W1yNH5XIIi_u-ihK0vHllzahMt5vDB-A,very nice and useful,5,0,4.0,2021-08-16 08:21:33,,,4.0
21261624-54f1-4dec-9d18-f2fef2110fc9,Adesola Owonikoko,https://play-lh.googleusercontent.com/a/ACg8ocIi2UEVOzb2exq0m5myvh3fxkA1gkrFYhEuT9AsQW6p24RdYg=mo,OMG. I haven't been so happy to give a review on products but I'll gladly give a 10stars if I could. I've previously gotten 10 other apps and they all came with loads of headache. I'm glad this app works perfectly for me. Great job team👍👍👍,5,39,4.0,2021-08-16 02:16:14,,,4.0
fbd49d37-6538-4995-983a-be07ac3a5e46,Tiwol Men,https://play-lh.googleusercontent.com/a-/ALV-UjVPnl-PoocPugfOtJSKyAViPh-B-RG7JB7Aud06vvkltwYe4r8f,the spacing doesn't work properly,2,0,4.0,2021-08-14 08:38:05,Please send an email to know your query in complete details,2021-08-14 14:01:42,4.0
7f9102ff-a9e3-4480-84cc-e5d04a7ae26a,Даваахүү Тэмүүжин,https://play-lh.googleusercontent.com/a-/ALV-UjXhSjXRKiAZ2PchtjH4qJCbbRep4ZplUpbselpDUQmaIrjF4Uwo,Unable process your request... This error is shown in while processing web print link... What a mistake for me...,4,4,4.0,2021-08-14 08:10:36,,,4.0
209c3bf0-8fcf-4559-83eb-e8d4b5ebb555,Terry’s World,https://play-lh.googleusercontent.com/a/ACg8ocLyM0I2xAOcOY1Qwx6TwtkVWl8EBoMDDVVzRfl4K3AycaF5pDU=mo,great,5,0,4.0,2021-08-12 17:32:46,,,4.0
3919a461-e7ca-49da-83c0-129c1f23e753,Csquare Holdings,https://play-lh.googleusercontent.com/a/ACg8ocL7Aqlu5HAKDsKPf5lkq2oRT1dG8dKXMu8AJRI47mEhK5IK9A=mo,When I try to print through website it says 'unable to process your request' why is that?,4,0,4.0,2021-08-10 14:43:51,,,4.0
699f278b-ead2-4dcc-8e3d-6ddc57f85d5d,Ryley Bauer,https://play-lh.googleusercontent.com/a-/ALV-UjX8zENC3o20GYAvzH5e-0I4zj51lXsTB0btSfH4hSx2dFDfWT91og,"Great app overall. Only issue is it doesn't seem I can use a CSV file for a merge-fill, only literally printing the CSV. Other than that it worked really good for me with a thermal printer I bought from aliexpress",4,25,4.0,2021-08-09 03:23:28,,,4.0
0ef231ad-7339-4ebb-99d8-7414deb923f8,A Google user,https://play-lh.googleusercontent.com/EGemoI2NTXmTsBVtJqk8jxF9rh8ApRWfsIMQSt2uE4OcpQqbFu7f7NbTK05lx80nuSijCz7sc3a277R67g,best thermal printing app,5,0,1.2,2021-08-08 14:37:12,,,1.2
1c54d681-542d-456f-9fcc-02401b561d17,Narciso Jr Niez,https://play-lh.googleusercontent.com/a-/ALV-UjVyLlllrHT1EvkyYSWOsjHeXu8B7iFyPf0SY-w816DciKpd7AvI,Nice,5,1,,2021-08-08 04:08:42,,,
60ce652c-471f-4143-9451-dcbce0730e4f,rogincel demata,https://play-lh.googleusercontent.com/a-/ALV-UjVz_XATfdeFckR0HXfLwAsOyAXRuQv95WG7Ylj85f-NYzwq5wYz,Unable to process your request on browser/website print 😔,5,2,4.0,2021-08-06 13:55:49,Please contact on email to know your query in complete details,2021-08-06 14:36:53,4.0
0749e08c-05a5-4be5-8e66-8e81483582c3,Ese Abamba,https://play-lh.googleusercontent.com/a-/ALV-UjWsNP-xkGPik5DFog6zLt6EZnWX4XBMIIT3ybXLUCahgnEDbGTl,"Great printer. After downloading several printers and softwares that didn't work, I was almost giving up when I came across this one. It is perfect.",5,31,4.0,2021-08-02 14:22:24,,,4.0
05514160-65ae-4173-b004-268cde5e9d8b,danny prasetya,https://play-lh.googleusercontent.com/a-/ALV-UjUvjEs0UW2QblT5O02VcBIS2srsbBqKH_A7ua9i1gZMDKV0kdRA,Sangat bermanfaat,5,0,4.0,2021-07-28 17:53:42,,,4.0
54d31591-b49e-4a24-b70f-baaafc4c61b2,0RaaJ0,https://play-lh.googleusercontent.com/a-/ALV-UjXhKFoka1O9eyzhLPAx3OFz1hpfFMt676GRGkTM2iJyiUHe_MNU8A,Best app,5,0,4.0,2021-07-24 11:10:28,,,4.0
fca319fc-5abd-4bc7-ad1c-ec6bcbeac0e0,Genesis Jefferson M. Rivera,https://play-lh.googleusercontent.com/a-/ALV-UjXF4jPWkSyuj-jLhPQGPOIj2YUv7f5xvy200zY2LrQKjcVgxc3i,Its a very great app that allows you to create and customize your own receipt. I only paid 239pesos to completely remove ads placed by the developer.,5,30,4.0,2021-07-22 00:59:20,,,4.0
e481c83e-272c-43d5-9648-fa5cea4ec048,Elizabeth Agustin,https://play-lh.googleusercontent.com/a-/ALV-UjUuTJfh08eC9okzQs8rHZeDiSjqYj0vY3pNc14AuxYCEFIXfykg,Great application,4,0,4.0,2021-07-18 13:17:15,,,4.0
143e336f-d6f2-474e-80a8-3dc09b250726,Seng Wuthnak,https://play-lh.googleusercontent.com/a-/ALV-UjXno9w7SXkwy3sj9vSdo1GMm8qNnFdhpHjh0IAeU09S71b1dUWE,Go,5,0,,2021-07-17 10:37:20,,,
3014cd4f-e656-4d38-9295-c59d89bf7232,Anything Everything,https://play-lh.googleusercontent.com/a-/ALV-UjWSrL9rshyM6KS6FXWI9bifHYQTIeyT6TnpZDQX0HAIae_KQcWB,Useless,1,0,4.0,2021-07-13 19:01:44,,,4.0
a1595940-ef2d-4fb9-987a-f0d518557adc,Pramod Shaw,https://play-lh.googleusercontent.com/a-/ALV-UjVJOqZdYyxrPhLCHBdz_fxUX926dnScpAxemtWtRXkteFHiClGr,Ok,5,0,4.0,2021-07-11 22:10:15,,,4.0
21832acd-120b-4db2-ba56-1ad08feebbf3,Pak Guntur,https://play-lh.googleusercontent.com/a-/ALV-UjWhH58yCn49wgxnB2Y1IDsb10_IRp8dnqdMyy2EsHj-qvPmMqUr,Good app better than others,5,0,4.0,2021-07-08 14:11:02,,,4.0
90f0b641-f186-4384-bced-71fcb860e2be,Anthony Ikechukwu Uchegbu,https://play-lh.googleusercontent.com/a/ACg8ocIw8YOXVnZBSCLvzfSPtvMpTByrh1nI-e5y77H6YnE4g6g2_A=mo,Nice App. Help and assist my business a lot,5,0,,2021-07-05 15:37:11,,,
ce44fa92-edac-4fc3-a870-a3a631422133,rhea ann,https://play-lh.googleusercontent.com/a-/ALV-UjXxvIceJ7SO09JoR2a-4SXH6CZ8h9mXIKdeFwAXqilD0PvPTqs,Verry good,5,0,4.0,2021-07-03 16:22:42,,,4.0
0d9a6a63-d844-4286-a782-d73085f750f5,Anjanette Jardeleza,https://play-lh.googleusercontent.com/a-/ALV-UjXmHKqJx_CS3uwbEfk0559RcB4lbZyZ-DH8Xe4B3jemXt5Tthld_A,Ad screen stucked up on loading. Cant access the app,2,0,4.0,2021-07-03 13:51:04,,,4.0
593df44f-9932-47a2-a28a-594da19c02f4,Summer Mei For Tea,https://play-lh.googleusercontent.com/a-/ALV-UjWuH82udaI0uvcVK6Czn2M1brgirZkUtgdO0HisrmYjBKBYbRnk,Nice app. Very easy to use. I can now continue with my online payment since I can now issue receipts to my client.,5,0,4.0,2021-07-03 05:30:54,,,4.0
3e91a113-b67c-4eb4-a264-8ff4cba29feb,Manoj Kumar ranjan,https://play-lh.googleusercontent.com/a/ACg8ocLkeswwkjEXoKTvtahFX010SDXW0puYx33JGblOGAJaOYihzw=mo,I am very happy,5,0,,2021-07-01 15:20:55,,,
fc40aef3-d5cd-4756-967c-011eedb6e4bc,john laidlaw,https://play-lh.googleusercontent.com/a-/ALV-UjU27atYBUgsbbm--Z_wSUgeIGhffnzmv_TtGtGFuMeTJntIj4xX,Great app! Works perfectly for my mobile printer!,5,2,4.0,2021-07-01 02:26:06,,,4.0
cad3b007-aa98-4f2b-8a08-eaa90672c793,alan ramos,https://play-lh.googleusercontent.com/a-/ALV-UjXrfR0AwuwSD01dlLOlxWVphwYcCBrSZ0rrMnmyjj7E4LMJZ4M,Very Useful!!!,5,0,4.0,2021-06-29 06:20:54,,,4.0
70e05fbc-c9d9-4b3f-a7d9-839600b20b6f,Ueiwbdiaibcisjs 19e9duh28baa,https://play-lh.googleusercontent.com/a/ACg8ocK--WQnGWGAD7dz3Td7QoUV_ihEWAVkPVejqLzXxsRlSVURQw=mo,"Buggy, sometimes cant tap to edit/delete sometime randomly add blank space",3,2,4.0,2021-06-25 13:24:38,Please contact on support email for your query,2021-06-25 12:46:43,4.0
dd0fbc7a-6ec7-44e0-816f-e754dce2a005,lhen cabatan,https://play-lh.googleusercontent.com/a/ACg8ocKwexPcyM4OfkJ4mlZLyWqEFESBs1eOO8vj79Nk7nsjydnksQ=mo,Great bluetooth printer.. a must try printer..,5,0,4.0,2021-06-24 07:01:40,,,4.0
78ff492c-8c05-4a64-b87e-48b6db1aedc2,Michael Garcia,https://play-lh.googleusercontent.com/a/ACg8ocIY9zcBnYEATBPxu-RQTo-l4jvbNQkDTO0ZR0iAJhmxzSYbYg=mo,Ok ang app kaya i dicidede to purchase,5,0,4.0,2021-06-22 18:31:28,,,4.0
c1e76690-703f-4f84-b467-2b4e0a2ad64b,Oluropo Otitolaye,https://play-lh.googleusercontent.com/a-/ALV-UjWxF2faPrZIDw7JgcSB0_2-lPPlkmRxo7QqYZEGgD9i9e8OnP-P,Good it could be better.,5,0,4.0,2021-06-21 12:53:34,,,4.0
f3ac058a-4310-4b20-b62c-ae292e16a352,kuhot selangor,https://play-lh.googleusercontent.com/a-/ALV-UjWJzNnKrtn0SJafOnehn-efUp17-zvcnYt0EAjXSe4S-RyX0D_4Yg,Berguna dan mudah,5,0,4.0,2021-06-20 14:13:20,,,4.0
45be36d1-e74b-4d86-8794-5b57ee604dc8,Junn S,https://play-lh.googleusercontent.com/a-/ALV-UjWmyuP2ouYG7XvTurvYghQck7P3pbPkdYge4ee_d1iIHMhqQpE8WQ,"I don't mind the ads cos this app is very useful, multi use, simple yet powerful. Love it!",5,27,4.0,2021-06-20 11:14:19,,,4.0
c356fc8e-760c-46f9-8bd9-3d6028b7a084,Ahmed Zaroor,https://play-lh.googleusercontent.com/a-/ALV-UjUlS5NQVMbgIEsvkpYKD0x6gtlGfiP80xy5DWF413Rtbw4tk0DB,Its the forth day i try to print by web.. But i cant.. From angular and i return json files..and its begin take order then give process failed,4,0,4.0,2021-06-17 11:04:13,,,4.0
278cce6d-3e19-4ee8-8d96-b4d416248d85,THE GAMER Bb,https://play-lh.googleusercontent.com/a-/ALV-UjXljAm22gojg9lHVDrba8hYiQYiprn19c2cjRE82pUeoPf3XDA-LQ,SANGAT MEMBANTU DAN PRAKTIS. MOHON SEDIAKAN FITUR PREVIEW SEBELUM PRINT. TERIMA KASIH.,5,0,4.0,2021-06-15 09:36:20,,,4.0
197d4181-814f-4730-b079-9bf09cf32680,jhonson oktavianus,https://play-lh.googleusercontent.com/a-/ALV-UjUJs_e3vuB2YPsWTM8FHsPXCyggm7Xdi4r-D4aAI1ft-5zdBZ8,aplikasi print terbaik,5,0,4.0,2021-06-11 19:04:15,,,4.0
22e6e766-e751-4c29-bda5-a5962f2569d5,Nour El joseph,https://play-lh.googleusercontent.com/a-/ALV-UjVSI08tgPoasjtNPiwPLq0H7O35HBcAGuPJBQTb47sw1RHrAPzM4g,Great app work on me,5,0,3.7,2021-06-10 15:10:44,,,3.7
c3819739-8e10-46af-a95a-7c37f253b6a5,Mrinmay Bayan,https://play-lh.googleusercontent.com/a-/ALV-UjUzo8zaAF2p6lHHKRgcTcGOCOwwQ0-9u3Tw_ibdm5MXCc_HtThI,Very good,5,0,,2021-06-07 18:28:08,,,
d54cc03b-ac21-4c60-b867-ed4421448ca3,Cici Laviani,https://play-lh.googleusercontent.com/a-/ALV-UjVUnihCmjqI7zPmHOy8k9KNbivBxY1q0cnMT74haBE99WtqzD7w,"COOL!!! ❤ Gampang digunakan, banyak pilihan print (gambar, text, barcode, dll). Dan semua berfungsi dengan baik. Tadinya aku pake banyak apps buat print2 Bluetooth, tapi applikasi ini yg paling efektif dengan hasil yg ok. Recommended! Thank you udah bikin applikasi sebaik ini! 😆❤",5,0,4.0,2021-06-04 17:30:26,,,4.0
e8bb2e66-e5e4-4276-a6e4-58092883f725,Pak haji Muhammadiyah,https://play-lh.googleusercontent.com/a/ACg8ocKFC1W0tP4vfBRWwdfMrlL7CSCJTclREvn2ZzpBtKVO_vlXhg=mo,Blutud vokal,5,0,4.0,2021-06-02 09:51:36,,,4.0
7c4ac466-b664-4c0b-b7fc-2a0e35ca0353,Irene Kosasih,https://play-lh.googleusercontent.com/a-/ALV-UjXgvEDPF7YQCmnlEEuVXHTddX75mKr88Vl5y49a1bltBEPjDRND,"Overall its a nice app, but i think you should fix on what the size of the font is my thermal printer didnt printed out the size of the font that i want",4,16,4.0,2021-06-01 21:28:37,,,4.0
3773cd32-4e78-49cd-8ead-a15eced82076,Carlo Binos,https://play-lh.googleusercontent.com/a-/ALV-UjWcxUV7LQqMNc7CZ3cS8qFytz4hc2sYx8lu6Yx2N9U3v8urucw,very easy to use.,5,1,4.0,2021-06-01 06:22:40,,,4.0
7508c0fc-c9a2-45d3-a0f8-40e73a242284,Nonkululeko Baleka Tiniko,https://play-lh.googleusercontent.com/a-/ALV-UjWtW5kTXUW3FCGLZOgKjJJwOLVPtwMxqJRp8tnrpHSBTLsmrCY,Love,5,0,,2021-05-29 17:39:03,,,
759fbb89-8031-4f86-a5d5-16997fc38551,Cally D.,https://play-lh.googleusercontent.com/a-/ALV-UjWwwicApztS9O3GCBVXOnCJ9BXteoYScJBw8hHsW5yMbVrvhp8,keeps on printing bunch of trash and not the files that i want to print tsk,1,0,,2021-05-29 05:34:30,Please send your query in complete details on support email,2021-05-29 08:21:37,
d58178ac-faa4-47a7-ae77-c7a57d41ef91,Albert Mamangun,https://play-lh.googleusercontent.com/a-/ALV-UjUhUBtApi1yUSmMbnzVEIQygU4Rjud0J6fnA0K4ulj12STMOGOp,Nice app,5,0,4.0,2021-05-25 05:10:23,,,4.0
4054f6a8-b6a8-4156-80b9-f89525ea312a,Torrado Danilo,https://play-lh.googleusercontent.com/a-/ALV-UjWv071Qklu6acrvScF5wKWviJETqImchvmtxy7YPnPnWqEh1SM,nice,1,0,,2021-05-23 08:59:26,Please send an email to know your query in complete details,2021-05-23 11:33:26,
9d09a78f-59ee-4bd9-a27a-c42f709cfe78,Diolo Esguerra,https://play-lh.googleusercontent.com/a/ACg8ocLdS1l5L-QRnpXoHeFa90qqSop31B50jZ7JHi-pDKHK9657uFQ=mo,Best app,5,0,4.0,2021-05-21 10:28:00,,,4.0
1697a0db-a602-4625-936f-61ab75db6e2e,Sanjib Barman,https://play-lh.googleusercontent.com/a-/ALV-UjXSgS63-ejdgSi0ahqgLgMgpYttfTH8WIfnjmNG9pohMo29ZG39,Sometime app not work properly,4,1,4.0,2021-05-19 19:58:26,,,4.0
9fc77012-d967-4d7c-a530-0762377388ef,Erick Martinus,https://play-lh.googleusercontent.com/a/ACg8ocIn0cNOUthgIlmJIJwY0JbYgzyYK-0CAzMpkmcpilj8poMVkw=mo,THIS VERSION SUCKS.. THE LAST PRINTED SAVED AUTOMATICALLY.. WASTING MY TIME DELETING LAST ENTRY MANUALLY TO PRINT NEW TEMPLATES. PREVIOUS VERSION WAS BETTER THAN THIS.. THE GOOD THING IS NOW WE CAN PRINT DATE..,3,9,4.0,2021-05-16 12:38:41,You can clone template which is similar to previous version.,2021-05-16 23:41:21,4.0
ba8ea64d-8d5b-4379-b505-ef1c0f38f969,Ronald Baes,https://play-lh.googleusercontent.com/a-/ALV-UjVzVL6tk7yBenrTsg7gS7sKJx2PoW6uZonAwnqu-tWY0kEifAni,Very reliable apps and easy to use i love it,5,2,4.0,2021-05-15 11:42:34,,,4.0
3a4a1051-0e10-4521-8930-dc9bf89daa1a,"TABORNAL, APRIL A.",https://play-lh.googleusercontent.com/a-/ALV-UjVdk4db9aBd4H_aLqC3v5ih7ofH7cGP1WoqDy3RQ-bi4QFzGo4,so hard to use. No instructions.,1,0,4.0,2021-05-15 11:40:57,,,4.0
bd5debb6-f37d-4790-ac1d-6dc006d3d27f,yal merced,https://play-lh.googleusercontent.com/a-/ALV-UjVQklJMykkaepBw_zChqAFu_1qhKftSGwW8_7yFJULoAhZhMLjO,It's good,5,1,3.7,2021-05-14 13:05:44,,,3.7
bf96293c-93b6-4c61-bd51-a1254f62f594,Jess Mercado,https://play-lh.googleusercontent.com/a-/ALV-UjXDdcqO8VkNSSiJQNEzhkdUEapuPWtHXqQsvJnGogUJXbf3mUY,Not good. Cannot print in zj-9200.,1,1,4.0,2021-05-13 07:44:21,,,4.0
cc97d8d5-9c81-4eb0-a4dd-0670adcfac5e,jefery vincent,https://play-lh.googleusercontent.com/a/ACg8ocJn3SFWr5YWvGuUQcTBFXtbNN453tmkDbKl5SEe2-Yn6EYUbg=mo,Good app,5,0,,2021-05-12 21:51:27,,,
bcd11959-3006-4cd1-9fba-bca507f754f2,Mangal Thapa,https://play-lh.googleusercontent.com/a/ACg8ocI85v7YQHGI93PqP4wWK9_cRLl7hATPC5FUNQEdFsJa9GoJow=mo,My problem image or screenshot print result is not batter I am used transaction receipt print I want clear screenshot print just like paytm pos machine print,2,9,4.0,2021-05-12 21:01:43,,,4.0
53f21a62-41ee-4d1d-bbdc-9dc4b049a3dd,Ali Dahir,https://play-lh.googleusercontent.com/a/ACg8ocLSpdbsfG2g8wIdWGl_ouJh_UaN7eiEX5k_04bUpz0OsVh99A=mo,The app was very helpful and i want it in its previous version...the updated version is complicated and cannot print my work,5,2,3.7,2021-05-12 17:49:17,,,3.7
d314281d-5f6f-4e55-b942-3931627f21ea,shahnewaz ala amin,https://play-lh.googleusercontent.com/a-/ALV-UjVrAbd-EPSXIyYlv5DM8Sl5iR3F1C-zXl-C7bQTNjZzlqHe3I2X,Nice app,5,0,3.9,2021-05-12 17:43:11,,,3.9
210b322a-2781-4be4-8171-64a056dd5a6f,Ana Mae Bandoquillo,https://play-lh.googleusercontent.com/a-/ALV-UjUGqMDQNJ1Hpg6PUfSen9Hz-wglotixPAdbaV-pL73EyFutkOmLnw,easy to use,5,0,4.0,2021-05-12 16:55:01,,,4.0
9cfa38fc-c719-4339-95d9-16c9f1cc3e30,Marianne Largado,https://play-lh.googleusercontent.com/a/ACg8ocK06CfNDtSmoBoSAAWmEKjsG4wkioPnmIAtB39tF4JtDBXMuQ=mo,"Its good, I just want to have a function that auto increments the serial number. Thanks",4,3,4.0,2021-05-12 06:14:53,You can insert auto increment number using short codes,2021-05-12 08:01:39,4.0
dee8a0c6-f7ca-4c34-9e5e-c3d3bf748354,ebunoha nna,https://play-lh.googleusercontent.com/a/ACg8ocKRMicGShqBckyxf8PRa9BjxMwDr9I30Oz0ZCYNwidkutJ_nQ=mo,Awesome Experience all through,5,0,4.0,2021-05-11 18:45:41,,,4.0
e1004534-7a10-4c1a-b01a-fcc341d973e5,3,https://play-lh.googleusercontent.com/a-/ALV-UjV7gB6zbWD5av-QE9M4rFwTHLOCz0J6xdiY1k4QJJkwUwBVHVz4,Ok,5,0,4.0,2021-05-11 17:54:27,,,4.0
35706eef-c20b-4d93-85c0-cdabba5bc643,Diana Azanes,https://play-lh.googleusercontent.com/a/ACg8ocKAULQmpva4Md-MyNB4kDbWlL8R9h5EwqE2OyQ8UaXUEsho_Q=mo,Much better now i can edit the photos,5,1,3.9,2021-05-11 14:22:12,,,3.9
d1f59d9f-7fd3-459e-b792-5c96634955b6,angel agullo,https://play-lh.googleusercontent.com/a-/ALV-UjV4oJ2qe2rjnicRqNGJcdIN7mej9ANLggRnIVgPHtrdK-G2ZKpH,"Wow, amazing! .. i like the new version .. thanks for improving your service .. i love this app so much ..",5,2,4.0,2021-05-10 03:32:47,,,4.0
0dd51562-d466-4c09-8547-ce02af0010c0,Moshood Abiola,https://play-lh.googleusercontent.com/a/ACg8ocLWIG6S9OekXGSt95uNwqVyDsHzbHYRSdoR2ZfnSVG8Mll5Yg=mo,Bluetooth xprinter,1,0,4.0,2021-05-09 20:19:14,,,4.0
2ad26d1b-fd9f-4a38-b242-a9e1d79bfec7,Sheo Yabut,https://play-lh.googleusercontent.com/a-/ALV-UjUF9iTigydBHlFNL0lPeqxfKZoj0QcyZsmFfWfU7wLk5m4_bu6U,Diff language sht,1,0,3.7,2021-05-04 12:41:51,Please change language using language button at bottom. Also update app for more useful app,2021-05-04 13:37:55,3.7
1825a853-cae9-4856-9224-240ba4e9a794,Allan Gesulgon,https://play-lh.googleusercontent.com/a/ACg8ocL4FJnsmfJaSAh96EqthjN3gO6GkQr7HwRW_4OIXcLwPyWEQw=mo,perfect,5,0,,2021-05-03 17:07:53,,,
ce27941a-4dab-4592-ae89-055a0b8093ca,Kimberly Laluan,https://play-lh.googleusercontent.com/a-/ALV-UjXeeZNjC5ifWcDaXVZ7YhatVjgJiUTBr1y27y4Q8Wr65UZM0VA,i love the app been using it for 5 months now. i just dont get how the calculate amount works. i tried to input 2 amounts but its not adding it . can you help me with this. thank you,4,4,3.9,2021-05-02 06:38:09,Create any amount code. Then create formula for calculated amount and enter that short code. It's easy to use,2021-05-02 08:51:12,3.9
fb6bba2f-190b-48e7-a81a-2d7547b01d52,Michael Wiggins,https://play-lh.googleusercontent.com/a-/ALV-UjWLUZRKioZV0qo7XHN-tpN8NQMyrvk-3JyKiV2kpK_slQ23Sw_f,Requiring a model number for a printer; but all these iPrint apps do not list what product printer it works for. When you buy a $40 printer and install 9 apps that tell you; you need a model number to make the printer work and the directions of the product are easy for kids to install or are all written so small you can not read it and written in a foreign language tells u everything is not believablethe sales n the hardship pranks.,1,67,3.9,2021-05-01 18:57:36,,,3.9
f7977572-5b31-45bd-9bc4-02985f8e2951,Tracy Reynolds,https://play-lh.googleusercontent.com/a-/ALV-UjUEnVYlpMbjM9pZJUvCWZ0cuPfy8jcUV1vAWmSeeQdnT9Fb_S5I,"After being unable to get the recommended app Walkprint to work with my mini thermal printer, I tried this one. It works great, happy to pay the £3.49 to remove ads. One thing that would make it perfect though is if it could enable banner printing.",5,60,3.9,2021-05-01 17:33:13,,,3.9
46daaee3-e561-4acb-8905-f69572ef3884,Ardian M Prastiawan,https://play-lh.googleusercontent.com/a-/ALV-UjUibf313Tl2hxHsDEPDLZmD5PH8ewC8seHKyF8QKuXRQMcKdPg5bA,Good aplication,5,0,3.9,2021-05-01 17:16:28,,,3.9
e88b472a-15f9-4b20-b9f6-bcf607c89e16,Kate Juliano-Lastimado,https://play-lh.googleusercontent.com/a-/ALV-UjXOFLbVAAcWsaKW2V2mYlVL9pWeXZqxE3zjOAs2a0kpCze6ILZh,I would like to know what does value mean on the barcode part?coz everytime i input code number it doen't work?,1,1,3.9,2021-05-01 11:39:10,"Check if you have entered width, height values correctly",2021-05-01 11:42:34,3.9
a9899845-0cf4-4044-9167-f3d8361bdcfc,zeus Carlos,https://play-lh.googleusercontent.com/a-/ALV-UjVF01WyUIXGzSvpefi8tyUKhv-yiuLvP0mTYhxi5ZDWp46Ahec,Mama,5,0,,2021-04-30 06:46:53,"Thank you so much for your encouraging star ratings!
",2021-04-30 11:35:23,
1fd97de4-b28e-4a7c-bc27-9e352b2a8961,Marvin Oliver Guitan,https://play-lh.googleusercontent.com/a-/ALV-UjXYZ0YHvsoeoHia-bDga12sHkCicoGRrioURn_sO7Aak7skJ-o,Very nice app thumbs up and 5 star for this app.,5,1,3.9,2021-04-29 09:19:04,Thank you very much for appreciation,2021-04-29 11:19:14,3.9
49438fb4-e83b-4fc0-bec9-17d95da3c860,Mixture Fixture,https://play-lh.googleusercontent.com/a-/ALV-UjVqAq46fB9D6LDpm2YwX-aeRqgo5CuGqZpHLFSEyS6MnLIDbsoF,New update versiom is completely discusting non editable and worst !,1,2,3.9,2021-04-28 21:12:56,,,3.9
dd075031-7c5a-488c-b464-90dfba8c8ad3,Thomas Piart,https://play-lh.googleusercontent.com/a-/ALV-UjUEk584D2WImL5IDx_uMvA4xkOMo6wMzJcv2097iu7hQ_77rrFLgw,Works perfectly with my Bluetooth Printer without any issue (a PT-210). Prints complex documents with text in various format and images.,5,13,3.8,2021-04-28 17:28:59,Thanks for your valuable feedback,2021-04-28 17:44:33,3.8
f727d24c-acad-4d06-aa09-75c2f68af134,Md. Mehedi Hasan,https://play-lh.googleusercontent.com/a-/ALV-UjU8ersPRf6PxNYQiUvLM-8vgu4_8ujLuK3BwePT-1GznxtKZx4r,It was awesome,5,1,3.9,2021-04-28 15:53:55,Thanks for your valuable feedback,2021-04-28 16:25:44,3.9
30a5be1f-ebb9-4321-814c-fd1a40a628a9,Mary Grace Sing,https://play-lh.googleusercontent.com/a-/ALV-UjWjZ9UKjFEF5q2S4tBCll-ybNBNw6t3ZVLiRyEmXltQ6UnbEBo,"App developer is very accommodating Great app, using it daily to make work easier",5,4,3.9,2021-04-27 19:55:10,Thanks for your valuable feedback,2021-04-27 20:55:01,3.9
bf32d192-b18c-4046-801a-1d8a5f986a34,Aris Hasim,https://play-lh.googleusercontent.com/a-/ALV-UjUlPxIBeuQVR4ELeQLChs5L01BMHOdI0W_q7OryPFissJM-fi-R,Full Iklan,1,1,3.7,2021-04-27 13:39:06,,,3.7
2e49373e-935a-4f0e-b245-6262fa11cd75,Jackie Casipit,https://play-lh.googleusercontent.com/a-/ALV-UjWtBMj8_q25AtGuqtL2YvW1fcOy9-9QLV3cqotzmhorqqpbaHzA,Cant add image. Automatically close every time i try,1,1,3.8,2021-04-26 18:52:35,"Please update app to the latest version 3.9
New updates to app version 3.9 are below
PDF as text is added
Clone template feature is added which allows you duplicate any template easily
You can add image without any trouble

Please rate the app as per latest version",2021-04-30 11:41:51,3.8
33cec001-ed89-45c6-9c6e-495c46edd8ed,CaNdiCe & TyLer FaB,https://play-lh.googleusercontent.com/a-/ALV-UjVo9T10exzQOunx89Yl_q6TVLiE05Tuz4aR_Hw8S6e3lLUg4t0,"Its so sad i dont like the new version i like the old version of this apps, its very hard to use it, its automatic save may mga nakasave na aqb panay edit nanaman 2loy aqnits very hard to keep on typing and editing its nice the older version sna nag update kau ng d nabago pero nabgo po e",1,12,3.8,2021-04-25 04:47:53,,,3.8
0d192c53-b45a-4ddb-83e4-0d453ac4f2dd,Ricardo Montalban,https://play-lh.googleusercontent.com/a/ACg8ocIfLgJODtky4lsMf4ud99P4LvU1KU-3pRYLo549PieQCPe4Cg=mo,It can't add logo or photo. The old version is much better..,1,4,,2021-04-24 11:11:19,"Please update app to the latest version 3.9
New updates to app version 3.9 are below
PDF as text is added
Clone template feature is added which allows you duplicate any template easily
You can add image without any trouble

Please rate the app as per latest version",2021-04-30 11:43:01,
192459bf-b3a5-458a-976d-d731ccd03d04,Cell Quad,https://play-lh.googleusercontent.com/a/ACg8ocKuB93Ve1rdO2qt01LJ54G2OJ3m3D7E1xWycQXN60MCLxLz1Q=mo,why did you messed this app?..why why why??..it works really great until an update came to ruin everything,1,0,3.7,2021-04-23 10:14:55,"Please update app to the latest version 3.9
New updates to app version 3.9 are below
PDF as text is added
Clone template feature is added which allows you duplicate any template easily
You can add image without any trouble

Please rate the app as per latest version",2021-04-30 11:44:04,3.7
33e7fb2e-a318-485f-9da8-09da3fd364d9,Royce Sulivan,https://play-lh.googleusercontent.com/a-/ALV-UjXUxbp68W-oifKDVKnCB3F2GcbHeDNNtnwyHPeTUrfGY2lrauAH,"I don't like this version . Automatically save what's edited, i need the old version that have to confirm before save changes. Previous versions was simpler.",2,24,3.8,2021-04-23 07:06:28,"Please update app to the latest version 3.9
New updates to app version 3.9 are below
PDF as text is added
Clone template feature is added which allows you duplicate any template easily
You can add image without any trouble

Please rate the app as per latest version",2021-04-30 11:44:15,3.8
f95bb930-504c-4572-afcb-62e0c0764b9b,sk sayed ali,https://play-lh.googleusercontent.com/a-/ALV-UjVxFOH87ZcdbEoi_mF0nbjGEMztGu6qC13CeY8_w6PsD3i_Gs0A,pdf to text option not avilable after update ?,2,2,3.8,2021-04-22 18:33:17,"Please update app to the latest version 3.9
New updates to app version 3.9 are below
PDF as text is added
Clone template feature is added which allows you duplicate any template easily
You can add image without any trouble

Please rate the app as per latest version",2021-04-30 11:44:58,3.8
df7cabc9-7c38-4639-9581-bb2fa4e356d6,Nenia Centino,https://play-lh.googleusercontent.com/a-/ALV-UjVZA6gI_xaFFfY93rWP0a7rHzwJ9hdU-S_rwkyap4LkTOzC8R9W,This is perfect for my bills payment business. Thank you!,5,0,3.7,2021-04-22 17:36:04,,,3.7
b299fc3d-104e-4833-aa1b-a8c998f3f989,Cesar G. Salacup Jr.,https://play-lh.googleusercontent.com/a-/ALV-UjWk1F2GRUidlW0MNisqTA8asu6HvpZXIK29-9owSlyVO96CQgHl8Q,good and useful,5,0,3.8,2021-04-22 13:04:33,Thank you very much for your valuable feedback,2021-04-22 15:10:42,3.8
303339ad-28c3-470d-bb9d-660e889197e4,Denny Ellias,https://play-lh.googleusercontent.com/a-/ALV-UjXgZKnKX-0e0xgukvpaqcHT48BYsHxybjc3vniiXzQBScBcfHZ2,Where buttom search?,2,0,3.8,2021-04-22 09:28:36,"Please update app to the latest version 3.9
New updates to app version 3.9 are below
Search template added
PDF as text is added
Clone template feature is added which allows you duplicate any template easily
You can add image without any trouble

Please rate the app as per latest version",2021-04-30 11:45:24,3.8
ad5c7e13-2b66-4f81-bf34-e270172a362e,Jessa Mae Bellen,https://play-lh.googleusercontent.com/a-/ALV-UjWGiLfyjTxoZdHKDR4LFdK1vkIHqOCi5PpaLxHAdXLgBflfGpX8,"Updated not so good, insert images doesn't really work.",2,1,3.7,2021-04-22 08:04:36,"Please update app to the latest version 3.9
New updates to app version 3.9 are below
PDF as text is added
Clone template feature is added which allows you duplicate any template easily
You can add image without any trouble

Please rate the app as per latest version",2021-04-30 11:45:32,3.7
5a6b01ed-8f77-4300-ad4a-8dca1acbbc5c,Emma Ruth,https://play-lh.googleusercontent.com/a-/ALV-UjW9V63b56jG9bPT_GdO5KvbblcwOB6RGDIaIAHnmV-z0SVVC_8,Great Bluetooth pritner,5,0,3.8,2021-04-22 02:53:40,,,3.8
94ec7c0e-52e2-42b6-a09b-04d34ee4a766,Sebak Das,https://play-lh.googleusercontent.com/a-/ALV-UjXLLYReCl545aMI0_By1rPoCBy19-Wu3ovi0I5SLtO0DihwDkKf8Q,Unable to add picture on new update,1,1,3.8,2021-04-21 15:51:16,"Please update app to the latest version 3.9
New updates to app version 3.9 are below
PDF as text is added
Clone template feature is added which allows you duplicate any template easily
You can add image without any trouble

Please rate the app as per latest version",2021-04-30 11:46:50,3.8
7d30b287-8e98-4516-8005-1319edb3ff0e,Pawan Narayan Singh,https://play-lh.googleusercontent.com/a-/ALV-UjVCx94v85VELhBUI-2QHkYiPWdCMB5TbwaVzP-PGjPlErJEBKx1Xw,"After update it's not working ,I uninstalled it",1,0,,2021-04-21 12:23:18,"Please update app to the latest version 3.9
New updates to app version 3.9 are below
PDF as text is added
Clone template feature is added which allows you duplicate any template easily
You can add image without any trouble

Please rate the app as per latest version",2021-04-30 11:47:12,
2d449290-759e-4a3e-882d-1e26b0694009,Alfred Pratama,https://play-lh.googleusercontent.com/a/ACg8ocLDgMdLQk9VYj5RDWgBzInRG9iUr5GJxCWHrko-EFRw47BJwg=mo,"Great apps, until new updates comes, it's automatically save whatever text on template, i need the older version",2,11,3.8,2021-04-20 15:40:57,"Please update app to the latest version 3.9
New updates to app version 3.9 are below
PDF as text is added
Clone template feature is added which allows you duplicate any template easily
You can add image without any trouble

Please rate the app as per latest version",2021-04-30 11:49:11,3.8
00bd0643-4d42-4122-bfd0-2ecc0037a403,Konglomerat Kaya,https://play-lh.googleusercontent.com/a-/ALV-UjWX72mGMgSIL3euzT7g5W5yzsbgNbcRNnerfoRwX9OONkjIhZU,bad update . auto uninstalllll,1,0,3.8,2021-04-20 12:50:58,"Please update app to the latest version 3.9
New updates to app version 3.9 are below
PDF as text is added
Clone template feature is added which allows you duplicate any template easily
You can add image without any trouble

Please rate the app as per latest version",2021-04-30 11:49:32,3.8
6c18987f-a2e9-49a8-a000-f878ce225122,Shirley Brockton,https://play-lh.googleusercontent.com/a/ACg8ocJoEOB55GfNBx5rg8VshbBRbQ5oUjaHAHKwRQnbpCrhal1cZg=mo,Absolutely ridiculous terms to use Simple bluetooth printer.,1,4,3.8,2021-04-20 03:19:48,,,3.8
f7322be5-5f1f-4527-a80d-814dc8b2e35a,Jho Villanueva,https://play-lh.googleusercontent.com/a/ACg8ocKzdFsEuCooyJTCvyrzDWGJGfDvwUXH3iaGOr1rFQdl9YtuYQ=mo,great apps ..easy to use..,5,1,3.8,2021-04-19 14:43:31,,,3.8
c5c03fe7-097a-4e43-baa0-20edff7351f4,Emmanuel itua Ikhalo,https://play-lh.googleusercontent.com/a-/ALV-UjUh1UIsXNExFy8VwiX7xTKvqiLzvjkCJj9W7QITp0lTxIfiFnYA,"It's nice app. Problem is sometimes when printing images, writing looks faint on the paper. I wish there was an option to add the option to make it bold so that paper prints will have a high quality and easy to read too. Please look into this it's pointless if your print out isn't readable.",3,76,3.8,2021-04-18 10:08:55,"Thanks for your feedback! We deeply respect your advice, and we will try to combine your feedback with our R&D, in order to provide better products.",2021-04-30 11:52:12,3.8
373958fe-c6e5-435c-93d2-69cbb60966b6,JEFFREY BIGTAS,https://play-lh.googleusercontent.com/a-/ALV-UjWPt4Us5hepD5Oe9LI6kOJo40PSydFC8zYKguOLlsWVyJB4plIY,GREAT.AMD AWESOME APP,5,0,3.8,2021-04-18 07:01:04,,,3.8
66938011-d2e1-4f7a-ad09-c3350e49f62b,Last Stories,https://play-lh.googleusercontent.com/a-/ALV-UjXjz5Qhva10n_DKeGA7yBacMnceahZJotkjfB0JLjslzpJKVBM1,Best App for Business,5,0,,2021-04-18 06:16:33,,,
173bc185-ecd0-4b5c-9ba9-f8b1cc875587,kenneth senador,https://play-lh.googleusercontent.com/a/ACg8ocJXYkx2MN6CpQiWcUnHZY8PRUdX2N3GPfGDR0a43b53g-IcEg=mo,How to put a logo.,5,1,3.7,2021-04-17 14:24:27,,,3.7
c051691d-bc60-41af-9981-531c073cdd2c,John Michael Tiongson (JM Tiongson),https://play-lh.googleusercontent.com/a-/ALV-UjVWea9vu2aRhnA69LlbwBQ1PagJRU560ikDPHsNLBzkr1ODAt3x,"After update, the Print Preview does not display correctly specially with indention using Text (Multi Format)",2,16,3.8,2021-04-17 09:29:46,,,3.8
a709aac6-d0a1-46a0-9d19-d0ade66305fc,papah enzo,https://play-lh.googleusercontent.com/a-/ALV-UjV_ER6dt5dkaApXwlxvhbOrglVbanoUNljMhJ5DAzuG9y2j8i8,Nice app,5,2,3.7,2021-04-13 17:16:42,,,3.7
f18055f4-c2a8-4637-bb30-dde76c948750,Mira Syed,https://play-lh.googleusercontent.com/a-/ALV-UjVJZGyzyKWKfOxekexWhvuETkiAVLO0k6dG2T2Wrr1416xACaDJ,Easy to handle,5,2,3.7,2021-04-13 11:21:57,,,3.7
27574bcd-3471-4008-81f1-20e67223a877,Edna corook,https://play-lh.googleusercontent.com/a-/ALV-UjVJk8Tz4YHq_WyUDuRX0thsPp6S6b7SC-h0Q4MEx_hAoa64FgFX,Nice! user friendly😍,5,0,3.7,2021-04-13 10:42:49,,,3.7
82c63171-7d77-4cbc-becc-138eb9dacf82,Jessa Glenn,https://play-lh.googleusercontent.com/a-/ALV-UjUxfH1HJbCqOwGQwjscysWZBJB-7VGeCP5Fbx_xSt94h0plUTp5,Easy to operate,5,0,3.7,2021-04-11 18:21:13,,,3.7
feb60c45-b27c-4521-8fdb-2fb313692a2f,ABDULMALIK BALARABE,https://play-lh.googleusercontent.com/a/ACg8ocLNuLzmnDvqYACMvL2MCKImRR4llG3BghIFwuYlueATgHe5BQ=mo,Its so nice,5,0,3.7,2021-04-10 12:31:49,,,3.7
57110dad-0a8e-49ac-8f18-aa04c8a84e85,asdad z,https://play-lh.googleusercontent.com/a/ACg8ocLfaSqi9SlzH23lpnXRR-jD9sOdZ75i9qvuFIM5y-dACdDMww=mo,Too many options,1,0,,2021-04-09 18:56:36,,,
a393ff31-0d38-4f1a-871b-c0d210667974,maricel campillan,https://play-lh.googleusercontent.com/a-/ALV-UjVe0C27nZZ9aJadw4-6cqhMyvpmArSGM3x2SSf-IEom-1kFrvTo,"Easy to use,",5,1,3.7,2021-04-09 12:15:47,,,3.7
b38e62f9-f387-4a4c-92ec-9a0f200c611a,james robertson,https://play-lh.googleusercontent.com/a-/ALV-UjXwKgRMNlBXEqk7jk9rbJ-coZXnTpHE5QX5FhiZsjlzSMy6I8N2,Works well.,5,1,3.7,2021-04-08 21:59:24,,,3.7
d6a0d104-058c-4c8a-a3aa-af8fc110b0a8,you2d 182,https://play-lh.googleusercontent.com/a-/ALV-UjXuYBSefp57OYnId7tmr4Q-JY-7PeJfo4haHOmB_gYOPb1JZxO0,👍🏿👍🏿👍🏿👍🏿👍🏿👍🏿👍🏿👍🏿👍🏿👍🏿👍🏿,5,2,3.7,2021-04-08 07:44:44,,,3.7
1dbd555c-22d6-413b-82e4-08d821509fbf,Papillon Harie Charrier Mua (Petu),https://play-lh.googleusercontent.com/a-/ALV-UjXBN5WCjPCCMsLbRQi5rhIoNA4I6zhizZSt4sw2BG27ZtYpeDW_,"sudah bisa simpan template, tapi belum bisa save hasil cetak print",4,1,3.7,2021-04-07 07:16:45,,,3.7
50fe903f-1de6-4824-a98c-029abf2bc2c3,bernadette saligumba,https://play-lh.googleusercontent.com/a-/ALV-UjUGfYSMIdBS0wJXiyIVdBWQYEPREfSLsgfWbGe3rf5BdF3t1mhg,It is easy to use 😉 ang good quality,5,1,3.7,2021-04-05 12:47:41,,,3.7
b8d1f1fd-92bf-4730-8be1-0c29a5fe1d97,Sheyew Glory,https://play-lh.googleusercontent.com/a/ACg8ocLBssb30L_cL-tOMhsAm992RDP4S7MZP56oAa1MNnRlB-XLpg=mo,Exciting and fulfilling very versatile.I alai use it for other note purposes,5,0,3.7,2021-04-05 06:21:44,,,3.7
98dbfa2a-830e-4634-98f1-b8af911892e7,Laura Builder,https://play-lh.googleusercontent.com/a/ACg8ocKAkB8pTHF_y5MGx6bLpNGQo7lJMm5MJkDJdRtovmRTATtpyA=mo,It cool,5,1,3.4,2021-04-03 16:59:13,,,3.4
e38d6ed2-2be5-4e21-8e80-a689dbcd3422,Hai Wang,https://play-lh.googleusercontent.com/a/ACg8ocLuJcVcSUlxSzyon3ex1PmXzoqiFVD_fohjXCMMtPdPpbsH=mo,"useful app, but can not print using my NETUM printer. nothing happened when i press print.",2,4,3.7,2021-04-01 02:26:36,,,3.7
7f7ab324-05ab-4a15-93a3-119eda822321,Feri Saipulloh,https://play-lh.googleusercontent.com/a-/ALV-UjVk-M__qc1XOoxRXQZkzM9Nw4gHsyMIMtRwrUImaqaPCnsOmSw,Wonderful,5,1,,2021-03-30 10:47:29,,,
77fd19a7-633d-4b66-97d9-6e77f96f8ba5,Aku Saya,https://play-lh.googleusercontent.com/a/ACg8ocLAUOrLpJlSAeCdSyzUSeI9BsXQHAeE2Oo9fjIj-TPb-RDoWw=mo,Usefull,5,1,3.7,2021-03-26 06:56:36,,,3.7
83e75341-1611-4867-aaaf-17cfd0884ee3,Victor Asiedu-Young,https://play-lh.googleusercontent.com/a-/ALV-UjUEDHQlWaLgbOlLwY9ktZVLZl8y8sQp86uxuv1FK7prrGmeQo3E,Excellent software,5,1,3.7,2021-03-22 14:35:55,,,3.7
738c2b06-bc0c-431a-8bad-51849efe832c,Teresa Meakins,https://play-lh.googleusercontent.com/a/ACg8ocIgsunWNTWQdSFINnheEJdKaNSPRfoU6_DQ-axn2oN47jRb2A=mo,Cannot add my Bluetooth printer,2,0,3.7,2021-03-20 06:00:45,,,3.7
42d8ecf0-841d-405e-a10e-c79d1cad5cc8,Sameen Shahbaz,https://play-lh.googleusercontent.com/a/ACg8ocLRO5GJsEWPEl-UKqCgYVNtivL4zmAZPP4I4DW-cAbJ5xD5JA=mo,Its very good app but there is probelm in QR code because when i put QR code in center but when i take out print QR code is in left but i put in center but it does'nt work.......,4,1,3.7,2021-03-18 21:28:33,,,3.7
28f06e2d-3551-41ec-aee7-2f7ad17e91e9,Ryan Babila,https://play-lh.googleusercontent.com/a/ACg8ocLYNXHhMCkj08FYILx5ZlRR0FXIkkcsSbQZQq087TIWogPKKA=mo,So easy to use this app,5,0,3.7,2021-03-18 06:21:47,,,3.7
65476b70-46f8-4a53-bdf6-b5dc74613133,Kiran Zaman,https://play-lh.googleusercontent.com/a-/ALV-UjVu1Z43uOQ2xdfgF8cVUoHJcdnitpf4C_Z31m9nxT9HfMB0iRLF,I llgive 5 stars if only i wud know how to customize a note in it.. it doesn't let me edit text size and bold option works for the whole text Pl tell me how to get customized prints,3,1,,2021-03-16 19:27:39,,,
5124c19f-b486-4814-b4d1-7621a00da9e5,Matt Dickerson,https://play-lh.googleusercontent.com/a/ACg8ocKwIaefL29LzwLmvnUlv9BPXFbbeQ2rjUgB1ZcvYHPjBrKdaw=mo,Very simple to navigate and I like the options. I use this so many times every single day for my job. You NEED to add a title for the QR codes so I can save them and organize properly then you'll be above a 5 star in my book.,4,31,3.7,2021-03-13 03:00:22,,,3.7
c3d464ca-4ab2-4412-9ccf-7b96e8449a4a,Mick Ashby,https://play-lh.googleusercontent.com/a-/ALV-UjXXRb_9MHmEdiV9F3TbK4_zBq0PMTkkQU2pRrEIFxzyRcMtTQQ,"Very useful, but takes a bit of getting used to.",4,0,3.7,2021-03-09 16:29:41,,,3.7
f47fda53-83ed-4eb4-840d-7c5eb080d635,Devesh Gupta,https://play-lh.googleusercontent.com/a/ACg8ocJoLg1a3b7JRkFdsKOQLHDFjOt_2A9yHumJ109DSQzKL3qEbw=mo,Always show invalid value in barcode generator,1,0,3.7,2021-03-06 15:21:53,,,3.7
6771d0fe-ad2b-4e22-be23-f066a7bc6b8f,Arlene Panuncio,https://play-lh.googleusercontent.com/a-/ALV-UjXQN_30jkEySln2EvfGLHiPrP-GEOPJG1339_FV4_iJ2jIyMbpkew,The best app for your thermal printers,5,0,3.7,2021-03-04 20:49:41,,,3.7
b107a78d-62c0-4f48-ba2c-fcf06b97cb92,RINCENT RAMIL,https://play-lh.googleusercontent.com/a/ACg8ocJJDO-FutjZXfg9tzks6vVwnJ-JEysmnLEAmwgOoHN3dXXyXw=mo,APPS,5,0,,2021-03-02 01:44:48,,,
13788f4e-26d0-4b8a-b339-383546a9ff79,Jarvis Rollo,https://play-lh.googleusercontent.com/a/ACg8ocJZZWmf2L1MwGYEzdIaHsEEzJT6wBro98r0UlqwDlY8ifj2YA=mo,VERY EASY TO USED THANKS A LOT,5,0,3.7,2021-02-27 08:25:13,,,3.7
561c139c-b4e3-46a4-9015-e876416bb576,P J,https://play-lh.googleusercontent.com/a-/ALV-UjV5XkmxKEKri0w62MG4sbhwS8znGCqNM1XzjztFfbpriOpQnx5a,"If only the Mate Billing app can use the Header created from this it would be the best thing ever. But it's a really nice app anyways, which if your business doesnt require printing a ton of bills at a time I would totally recommend using.",5,25,3.7,2021-02-23 22:16:46,,,3.7
e98df87c-a076-4fd7-a7ce-0d8cfc409aaa,Alex Martin,https://play-lh.googleusercontent.com/a/ACg8ocIlYH7H-Dp0xktNsgplTtRH_o6D-fdM_S4h7-uH-twZngtvLA=mo,There are flaws but still its helpful,4,0,3.7,2021-02-20 06:19:00,,,3.7
b03ff8b0-a6b9-4216-b6ff-6a8da725fe63,Gitana Morena,https://play-lh.googleusercontent.com/a-/ALV-UjVlTaLythf2YA5ggEoChvessaFfJDMuY7ICLIyIBpbboZ9nMIVt_w,Is not updated! Printer and app sucks don't waste your money!!,1,0,,2021-02-19 22:00:01,,,
a3d50806-7895-48ea-a4cf-0a0dc8326958,amy bermistik,https://play-lh.googleusercontent.com/a/ACg8ocJ4F5KIW-fYMqSY0ew7gzccCtjXVeFcAbboC54iqmYoeZsPlQ=mo,Nice,5,1,3.7,2021-02-18 07:38:11,"On first screen, scroll to bottom, you will see language button on left Also if you mean that you see print in Chinese, check if your printer has Chinese mode enabled. If yes disable that in printer hardware settings. Ask manufacturer for assistance.",2021-02-12 13:04:09,3.7
08f2fdcc-25b2-4c6d-8d37-0c9f14fcb0df,Myleen Gesulga,https://play-lh.googleusercontent.com/a-/ALV-UjX5C_izlOlKcOtXBEGl_Z06PFmLsM2w2XJlSrXFx5tEHUa4R31F,Nice app i love it,5,1,3.7,2021-02-17 17:46:59,,,3.7
cb6159c6-5974-4dfe-a9c3-b3cf800a08bb,Red,https://play-lh.googleusercontent.com/a-/ALV-UjXanU62izYRhey8WHnilrtEyzbwrq_yo2qC6ec6yXgO6UZYnGF4oQ,"It's a great free app, very user-friendly and useful for my business.",4,1,3.7,2021-02-12 11:53:44,,,3.7
5a277df2-1afb-4065-8f4d-1bdc43f85a3a,Akeem Olanrewaju,https://play-lh.googleusercontent.com/a/ACg8ocKt3I_nblD3dfD4ukkS62le2sjnavYXq1I7jTR5Dzru5-1YEQ=mo,I have pop 3 phone techno product to use with USB,5,0,3.7,2021-02-09 21:43:59,,,3.7
18393f68-a8b1-474e-b03e-5ee4dcdef8d7,umar negedu,https://play-lh.googleusercontent.com/a-/ALV-UjWfFcZ4LD8tRXf7Lz7aj-30BC9H_qUay8DQ0viG31n_J1gXJCQ1ug,This app is not in English,1,0,,2021-02-09 14:23:39,"On first screen, scroll to bottom, you will see language button on left Also if you mean that you see print in Chinese, check if your printer has Chinese mode enabled. If yes disable that in printer hardware settings. Ask manufacturer for assistance.",2021-02-09 14:26:59,
b39b2dbb-7fef-4f7e-92e9-ed8ff5b6b4c1,zipcode786,https://play-lh.googleusercontent.com/a-/ALV-UjUaqikUR_CSu1PFUYV9wHr6Fguz7vwMrEwtVzzosufdvVkG1xc,Barcode option isnt working even with valid values. Add some ready made templates.,3,2,,2021-02-08 17:48:00,,,
12a1bc7b-f980-46da-ba3a-3f52c72523fd,mohammad siraj,https://play-lh.googleusercontent.com/a/ACg8ocKVftzwIRtCW1iMDEgah0S9QSKWDZ9pHAfo8V4enONmI2Bqhg=mo,Very good app,5,1,3.7,2021-02-07 16:20:26,,,3.7
a11c79a9-8777-4b95-9f0e-c2b9f20e1c3d,Alice Sarao,https://play-lh.googleusercontent.com/a-/ALV-UjWRb8-ex4BxYvw1ldMlZUQDbfwy9J2DkSXbLxnpPrD0ZXZpN4A1,Helpful in my small business,5,0,3.7,2021-02-07 06:55:21,,,3.7
8af30d66-a001-4c50-a17e-fdc12c1efebb,ilyasman yasril,https://play-lh.googleusercontent.com/a-/ALV-UjW1kDGvwoXozpvec5FBLsRG7AxWHYXtEvVvMHfGj_0dB4S7TnH-iA,"Nice app print custom, easy tools for custom print label bluetooth",5,2,3.7,2021-02-05 12:40:59,,,3.7
c03b2e38-1a55-40fe-a71c-4bd900104972,Solutions Bureaux,https://play-lh.googleusercontent.com/a-/ALV-UjXXVsModAqLk6YeRsXLdPlesRcVjVPqm4QVYs2RdMDip9K4JQ6c,"I met exactly what I expected, I love this app.",5,0,3.7,2021-02-04 15:55:03,,,3.7
05864577-a915-49b7-92a9-701873e184b2,Daniel de Leon,https://play-lh.googleusercontent.com/a-/ALV-UjUpm6qFpd9CxekPQjJuWX4iq_yFXfpL5DnRTdfEF_2whXU1wKSr,Easy to use,5,0,3.7,2021-02-04 01:10:48,,,3.7
41e4e79e-ee7c-4571-abcb-8aac66803ee6,I C U,https://play-lh.googleusercontent.com/a-/ALV-UjXTf0SqCgjFaLLgNtaeR_mbyA_phyrsz_avR8c-Ad9Pt0ay9q5y,Thanks for making this it's helped me out a great deal,4,0,3.7,2021-02-03 12:38:03,,,3.7
77bda4c8-5eea-43a0-a4c5-ea315df4bfd4,Rohan Samantha,https://play-lh.googleusercontent.com/a-/ALV-UjXwS8ZNce1anwVaIkw0bSDpriarkHx8-3tV2uZvV3rZEJTOPOfX,Useless. Paid one.,1,0,3.7,2021-02-03 11:05:24,,,3.7
2b4504d9-08c1-457e-a14e-19d17b120450,Mel Pascual,https://play-lh.googleusercontent.com/a-/ALV-UjXDNmdnCLb6sNB_jbrdWqEtK21f5B6PbZwkpdpkz2Kdub_f8StTfQ,Easy simple,5,1,3.7,2021-01-30 19:22:41,,,3.7
8b9e3096-80ac-4ff7-a63a-d8b96572c242,João Vitor,https://play-lh.googleusercontent.com/a-/ALV-UjUZvPsV6WlxiqMXX7zlk0hMLm8IbGRMnM9yAGkWqZNeqdD8MfS4,"Eu gostei do aplicativo, cumpre minhas necessidades básicas, mas carece de uma forma mais eficaz de salvar os templates. /// I think this app is good, but it's not yet a 5 star app. It needs a better way to save templates, everytime I edit a template I need to save with the same name, again and again, so, if there was a way to just click save, it would be really nice. If this option is available anytime soon I'm willing to buy a license.",4,45,3.7,2021-01-30 02:36:05,Please install the latest app version,2023-11-19 10:47:15,3.7
a1284d5c-2003-4ca0-8258-5ecfe2dfce46,Milan Soni,https://play-lh.googleusercontent.com/a-/ALV-UjWB1Md1eaozjZBQf6UBrV_soka8TIDr1Sq2WGk553CRZd45EkG81Q,please improve it,1,1,3.7,2021-01-28 14:24:16,Please send an email to know which improvements do you expect in the app?,2020-10-05 08:53:16,3.7
f21240f8-1838-4633-93ed-ce270ec7db6d,Veronica Ivan,https://play-lh.googleusercontent.com/a-/ALV-UjXyKfVqRBlOjPtt6GicIQedrxwDIl4xsS97T0I8M8cfVkcoZ7Y,Awesome app. Helps me a lot!!,5,0,3.7,2021-01-26 01:57:17,,,3.7
fee0f4cd-0da4-42e3-855f-9e7c045d0102,Kholeen's Gacha Life Project,https://play-lh.googleusercontent.com/a-/ALV-UjUVOFm5tEGTMqUWdPwREohF1fyYIHXB6walalO7TAWgbrpzNGPl,"I'm bot sure if I can print in my phone....😒 How should I do that again? But still, I love this app!😍 By the way, this cool printer is the best!😄",5,0,,2021-01-23 09:56:53,,,
2e6ab35b-c2a3-4851-a545-21cff6065e74,Ema Zlatic,https://play-lh.googleusercontent.com/a-/ALV-UjVa_Fbi0_pEr69AbJCB80i9SZC6dk9k5_nx-_z0Y5ixUCO_bNR-rA,Perfect. Need two templates to merge. Thx a lot,5,0,3.7,2021-01-20 17:09:16,,,3.7
ce3a1876-49fa-4e49-8968-fc69fb3d71db,nher agustin,https://play-lh.googleusercontent.com/a-/ALV-UjXGnK02CBh9oekY_l4Y7ST2kvgRupkPvWM0hY8vq6zB4JeuUNEc,Great apps,5,1,3.7,2021-01-20 10:48:55,,,3.7
2c1a99cd-b4b6-4fab-8335-f018c3039811,Andrew Banger,https://play-lh.googleusercontent.com/a/ACg8ocIhUbq3MkKMolnGwBB6_VgEQyJWdGmzaEfYhW6XnehwLGaM7g=mo,"First screen in foreign language, couldn't get any further Update, working fine now!",4,5,3.7,2021-01-19 23:56:11,"On first screen, scroll to bottom, you will see language button on left",2021-01-18 16:38:03,3.7
a22b9f6c-600b-417d-8519-a6b55567df86,Ryan Neuhalfen,https://play-lh.googleusercontent.com/a-/ALV-UjXpdS_t6gCEBeyJzN4fzQEbhXteFjuBiduwynuqQtsJWA-Bw5g,"Great free features for printing barcodes, images, reciepts, webpages a d more with a thermal printer 80mm is mine but it allows you to customize easily to smaller thermal printers.",5,8,3.7,2021-01-17 07:19:35,,,3.7
d8128a4d-8533-4bcf-92dc-d38425708103,Richard Gordon,https://play-lh.googleusercontent.com/a-/ALV-UjUurzp4oKkGpYxPM3-7g8gIMqCsc8Gywyd-RmWto2PvWv__6oQ,Nice app simple to use. Good price for no ads too.,5,2,3.7,2021-01-15 21:01:43,,,3.7
01dd50c2-aab4-41ef-8859-b7047038ee20,Roger Marcus,https://play-lh.googleusercontent.com/a-/ALV-UjUsLcABkj0j_ogO8xBHt2_gs8gxL2ov1NhgpzasxCWSLYrD22Ef,Good apps,5,1,3.7,2021-01-13 10:00:09,,,3.7
fc60bc3e-6203-4fb0-bdd4-05d5754590a4,ralp santos,https://play-lh.googleusercontent.com/a/ACg8ocKMT6fha9_aQv4TKAD9zJt9BKEd741myfe24DZo5xxjLc5rkg=mo,Wish you could automatically make images black and white and contrast settings to make receipt clearer,4,2,3.7,2021-01-13 08:14:41,Thanks for suggestions,2021-01-13 08:52:52,3.7
431cd608-c863-4a06-8ba3-8a496fd55ba6,SaidNawab Nawab,https://play-lh.googleusercontent.com/a-/ALV-UjUopUENgpXHolfwpEYGPFLEYTPnREoa2xMaOfh6P0zsBnxZld0o,Avbl,5,0,,2021-01-12 23:22:51,,,
7cb760bf-00bc-4d65-a78a-57fb7a6c0ba7,Robert Magbanua,https://play-lh.googleusercontent.com/a-/ALV-UjW1YMLwx6xpepIngkqrDA5fQYfKdN-eB-FmFzWec8dVM6gog2Mg,"I love using this Great app! I hope you have an option for much smaller fonts and different fonts style and have a keyboard tab➡️ button and logo that can be move or make it smaller Like a Microsoft word for example, And also if there is a free template already that can be edited and can be save. Looking forward for more❤️",5,70,3.7,2021-01-12 17:27:05,,,3.7
8a63af5f-3c87-457a-b213-2f7aded3312f,Grazel Ompad,https://play-lh.googleusercontent.com/a-/ALV-UjWSP0Xs1OzT8Cfw8R_oXH9Uaad_XwKBiAHASXHxg-O4DEUszdlA,How can I change the language to English language?,1,0,3.7,2021-01-12 12:55:26,"On first screen, scroll to bottom, you will see language button on left",2021-01-12 15:54:28,3.7
92318b35-dbe4-4656-8bc0-f4a349512315,HS Electric,https://play-lh.googleusercontent.com/a-/ALV-UjXiaYFG171PLS5QYNur8w73okuohmhOGSr01X62xLshCUm5sC_g,Good free application and will better adding black mark sensor (sticker).,5,2,3.7,2021-01-11 06:30:56,,,3.7
5d9fd4b4-d2b3-4391-8402-ef45bb6593bd,Krazy,https://play-lh.googleusercontent.com/a/ACg8ocLXs1Ok7nrh8kqGov0Tyy2SNTHee9_BvOTZKJ5Wmcj0C_8Zk_v-=mo,My thermal printer worked straight away with this app. Very pleased.,5,1,3.7,2021-01-11 00:27:49,,,3.7
1c1b44ce-a0ca-41d4-b9f2-42801122d787,daniel catanus,https://play-lh.googleusercontent.com/a-/ALV-UjWIUGnuAnBdEuSZWULk2lj_IuBTp45XJeS02f1NO30MoyfcxKzFNw,Nice and easy to use.,5,0,3.7,2021-01-10 07:26:26,,,3.7
5a7553b1-5778-42cf-96cc-527ed4492b61,Alberto Dela cruz,https://play-lh.googleusercontent.com/a/ACg8ocKUn8EB4afFIkXH6YmdJsRSM_8QzvxpOCKoZ5DkoGvhsCkEHw=mo,walang akong masabe kondi wow amizing salamat to my special hm!!!,5,0,,2021-01-09 18:21:42,,,
4b2764c2-e48d-42da-874c-1f5f422959f4,marwan mohammad,https://play-lh.googleusercontent.com/a/ACg8ocKhSUPfT1KYZB-vVJrzCt9qGzbTDxYjV6LBnGLWt3owb8WVxw=mo,Bad,1,0,,2021-01-07 17:30:08,,,
e6db32d8-92f0-4c63-a0d9-bbaf61678080,Nurul Indah,https://play-lh.googleusercontent.com/a/ACg8ocJPl4Qah6b35UqM1Fz_nydjN-1nJzWBQTsxNngA02GzQ_PvJg=mo,Useful application for my SOHO,5,0,3.7,2021-01-07 07:00:38,,,3.7
320af12b-ff3d-4efc-8236-25abf3f3bcbe,Elizabeth De Asis,https://play-lh.googleusercontent.com/a/ACg8ocK1XkDynvqTRvo4YzGRqlPizClbj_RrdIHI20wjyE3llt9WyA=mo,Nice to use and comfortable to use,4,0,,2021-01-05 08:18:43,,,
db7b3ce8-75c5-42cd-921e-3b42337b3328,Agus Surya,https://play-lh.googleusercontent.com/a/ACg8ocL0FuUu_OM3V60p1pL6ivY3AnObA1JRqWDVY3r1Zequqwg7pA=mo,"Hi its simple for use, but i have problem, apps find my printer but print nothing. My printer is xprinter xp-470B, can you give solution? Thanks",3,4,3.7,2021-01-05 05:13:46,,,3.7
2140ed92-a52c-41d1-a98d-3572b35ca60e,Truely YT,https://play-lh.googleusercontent.com/a-/ALV-UjWKqxRMYWWLP9P5BjxLz417B3ygl2d2JOAihZ1aP9we_iLOF14,Good for when testing is needing on the printers. But 1 note is the text is really small so sometimes the receipt is so small that it doesn't cut the paper.,4,5,3.7,2021-01-04 16:45:27,,,3.7
a9c470b1-4c6a-471c-8f64-c5d3b5d6eefb,Waheed Waheed,https://play-lh.googleusercontent.com/a-/ALV-UjWdijLc3AYLvejezFz1tocbx9VgrvKfXpcNpCAgFMCJOAIEmcQxFw,Best,5,1,3.7,2021-01-04 12:55:26,,,3.7
64c04200-c8ec-4603-af79-873b9075012b,Hakeem Sheikh Khizer Abbas,https://play-lh.googleusercontent.com/a-/ALV-UjX9msu1ll_axMAavIkp8lMTEZSSh3k2V4F9mlu1WMraMhORaiJ9,Good,5,1,3.7,2021-01-04 09:27:08,,,3.7
dc427e49-2fbb-4c37-87c1-1674d22ad9fb,rea hermoso,https://play-lh.googleusercontent.com/a-/ALV-UjUguYrd2_Pt__vJaIZLIdoJoVLTU87gBs7b0S11Tp7VdbmbYlWk,greetings thank you so much we are thankful,5,0,3.7,2021-01-02 20:52:42,,,3.7
35fd554f-3f57-4592-a184-68ce56a280b4,Roseminie Nawi,https://play-lh.googleusercontent.com/a-/ALV-UjU7oejDfHL0gBeWDGZf3Kygmp5ksR_UwZq15DrVDeHvJpjMPrTUzA,Almighty punch,5,1,3.7,2020-12-30 10:48:49,,,3.7
1a718370-3461-4b6a-8136-b4d9b15b1c66,caroline james,https://play-lh.googleusercontent.com/a/ACg8ocI7bBBQq3Ga0Oi909BDJxjhKiE7GQyYn2GvElfD0bUTsIhcdQ=mo,"I have the YHK C200 pocket printer, the app it said to download doesn't work. This app works great after a few teething problems i figured it out. Thank you",5,5,3.7,2020-12-30 01:07:11,,,3.7
99c9acff-d6b3-44fc-8b75-10222d361794,Chris Anne Batuyong,https://play-lh.googleusercontent.com/a-/ALV-UjV0uWMkctvzlx3V2K5qIFest-cTJUkQy4J-YwdPUXCwsv6j2H-S,"When I turn it on, it just keeps on blinking red. Can't connect to the device. What happened?",1,1,3.7,2020-12-28 21:04:34,It's hardware issue. Please contact printer manufacturer to fix the issue.,2020-12-28 21:07:48,3.7
7d002220-df5d-416f-980e-f5c983fe9d60,Ginnie,https://play-lh.googleusercontent.com/a-/ALV-UjUJ2y9PTbqRt_pimyywpI93ztur8-Utk6nmkYg_HtSMuY3h3E3A,An one time print only for test page app Cant use anymore after that,1,0,3.7,2020-12-28 15:23:26,You can make unlimited printing without any restrictions even if you are not premium user,2020-12-28 16:46:39,3.7
f16cd778-9aee-407a-9d17-de44bff222bb,Red Quiver,https://play-lh.googleusercontent.com/a-/ALV-UjVf9-D2c_7C1gk4KJYFMI8ARicJUlcYG-IfAQ9lBbXVwPQsMu5o,"Easy to manage how we want a format to be printed. To DEV, I wish there is a way to manage template, for example edit it. For now what i can do is edit the existing, save as new template, then delete the previous.",5,40,3.7,2020-12-28 06:08:37,,,3.7
609d415c-232a-45ee-a6de-59520df47b10,tofan sofiansah,https://play-lh.googleusercontent.com/a-/ALV-UjXPWDNIHHxsZvX0AvCdk7-P0c4OvebdCj1OfuNNmxpGHR30B_2YpQ,Keren nih aplikasi. Rela buat remove iklan.. Hehe,5,0,3.7,2020-12-27 17:42:50,,,3.7
055e0ee4-844b-4902-81ee-1b182411d527,KonvictKitty Designs,https://play-lh.googleusercontent.com/a-/ALV-UjWGc2s8b4uAw-LbGfYtqWuIGdMmpZSkK7LXuTwR4pAtsgjSutPm,Great,5,1,,2020-12-26 16:35:16,,,
12d98c45-6c25-48ae-b37b-50449e8fa6f7,marivel gito,https://play-lh.googleusercontent.com/a/ACg8ocJO0oJuAQ0i-MRUFrVGedZOsDAF_4hD-mkgXztZfsFDSX791A=mo,Good bluetooth print,5,0,3.7,2020-12-26 15:11:51,,,3.7
3c99b35a-a55a-4b6e-b626-35608e6cc1e0,Kemas Arief Syailendra Rachman,https://play-lh.googleusercontent.com/a/ACg8ocKW8qs9zV_44HkoZJ1jtxWgFU6zoBcJV2QYCv5BT9uaxPZQyw=mo,simple application,5,1,3.7,2020-12-24 10:52:31,,,3.7
869969a5-2979-4f27-8875-8cfb364824cf,James Wee,https://play-lh.googleusercontent.com/a/ACg8ocI8g8dXrSQ0FexTDTxkBQCY1sK7lydEfPo21hENkqGLBUvLYQ=mo,"Good app , no 1",5,0,3.7,2020-12-23 12:09:29,,,3.7
8abf44b6-af07-421b-adf9-2cb71ec5caef,Theresa,https://play-lh.googleusercontent.com/a-/ALV-UjWN-iFm5wz2M49NzwsX5CZkKWUZyeOJdMcN9D-NaCqHc9fQBN0,"This is by far the best bluetooth thermal printer app but I'm having trouble in my receipt, it doesn't print the letter or number after a colon "":"" It works in some app but I like this app better, so can you tell me what I should do and what you could do about it?",4,30,3.7,2020-12-23 11:05:14,Please contact on email for your query so that I can look into this issue,2021-04-07 16:09:09,3.7
537ff61e-bc40-417b-9e5d-3ce1cece74bb,Mahmoud younis,https://play-lh.googleusercontent.com/a/ACg8ocL8acQnYsWkMT0E-sIqLPYRutj6DpQLSyPD8a1uP2dfCXHq=mo,Good,5,1,3.7,2020-12-22 11:16:42,,,3.7
05e7a694-8844-4937-a031-c73752056ab6,Liezl Vinluan,https://play-lh.googleusercontent.com/a-/ALV-UjVKIynyMK1lGwCXNp9zpuSbTZwaftCIYqLSZalylwGaIRrBj3JW,Great! It's working with my Bluetooth printer.. it's easy to use.,5,2,3.7,2020-12-22 06:17:33,,,3.7
75f4d597-59bf-4315-aafa-e526c589bd50,Aditya Karunia,https://play-lh.googleusercontent.com/a/ACg8ocJnjTc79vIC6kk27-H41tl0ZssXLgDQDbLvPs8YD6Ajq_Uvhg=mo,perfect and easy,5,0,3.7,2020-12-20 11:10:37,,,3.7
c7159084-83d1-4b8d-bf85-db777a5477ea,Jacob Mccoy,https://play-lh.googleusercontent.com/a-/ALV-UjUV4hoKzBeVlVHJnWJluQ8P4l8wThSgzdiMZN7gqRCK6T8yC4MB,"Out of the 6 apps I tried this one is the best. Works fantastic, doesn't waste paper, and they offer a one time lifetime license. Thank you for making this! Saves me loads of time! Your work is appreciated!",5,24,3.7,2020-12-20 08:58:10,,,3.7
2c42596d-e87f-439c-880f-149b0e8ab1f3,William Melchor,https://play-lh.googleusercontent.com/a-/ALV-UjXF0tNyLaHK2BW2QgbB3d5cKkvxYT5nZOdkzaZSS9M5KsBC5OLj,Doesnt work,1,2,3.7,2020-12-19 05:13:36,,,3.7
b077477b-a8a8-4ac1-ac83-d722b12dd395,Ahmed_sakeria Kholowa,https://play-lh.googleusercontent.com/a/ACg8ocLEgJ06A9YjXzJeF34FHbEku5UwT8vN2-FiivgAdL3un27GuA=mo,Excelent,5,2,3.7,2020-12-14 18:41:24,,,3.7
b65d5dcf-9849-4dcb-aeb1-4484c92b96a5,Tart Miñoza,https://play-lh.googleusercontent.com/a-/ALV-UjU-iYK7F733KNx1ANv9BI9FyVhwFgTyTx22YF5HimPh3MiCgo0,Verry nice easy to use fast print,5,1,3.7,2020-12-14 02:39:33,,,3.7
3c4bd52a-dfad-44ec-8dda-cf9b5a0ccf20,Regine Desalisa,https://play-lh.googleusercontent.com/a/ACg8ocKyuhsjKZQGoezPDQeDDav19fD1MTgq6scoS1yFbpxgdxWe0Q=mo,Easy to use,5,0,3.7,2020-12-13 13:08:23,,,3.7
ee732f73-cf0c-4b16-bae2-b0ab3fb7f348,john sarker,https://play-lh.googleusercontent.com/a-/ALV-UjVANMCuVaEQISgRq4AsvFzuB-1eHTaCEZab40snGAN_a7DFgW4y,EG use,5,2,3.7,2020-12-13 12:02:48,,,3.7
f03c40b4-8332-4cb7-a340-f456cb2637de,ANIL KUMAR SAH,https://play-lh.googleusercontent.com/a-/ALV-UjXPbhKG_TpgZVbWV5v2R54qnDW59k4f2qiZzedVGXOnBVqi5sbZ,Not,5,0,,2020-12-12 18:00:02,,,
c4e0367d-5a98-4cc8-80a0-c49e0dce8504,Jed Alprince,https://play-lh.googleusercontent.com/a-/ALV-UjXU31el0oyO0wqnJWqtFYzTGkNNsyKNgQ6_SGR8s-ZdZHVYwZvk,Good,4,1,3.7,2020-12-12 15:28:04,,,3.7
b8ac0dbc-343e-4608-9b5d-c25629ac8f00,fX Rodriguez,https://play-lh.googleusercontent.com/a-/ALV-UjW09U0FE9pzvChI8daTMFVTvN7TsTPdrA5YBCSRmvBrOUUiw04,"Good app, even better now with the new updates. I haven't used it in a while so it was a nice surprise to see the changes.",5,2,3.7,2020-12-11 22:24:00,,,3.7
8d77caeb-346b-4247-b48c-2cd92945cecb,Denilou Dimalanta,https://play-lh.googleusercontent.com/a-/ALV-UjVytL_cfzSAzRYIv6nOOo6exTzCeYyJSCezogKVqxddW0HlTCk,Very easy to use and very helpful to my bussiness.,5,0,3.7,2020-12-11 15:28:41,,,3.7
819f17dc-600b-45b0-8e70-7d860b004e11,Hamid Mossa,https://play-lh.googleusercontent.com/a/ACg8ocLEZ5222s_ZdIVi2MXMT-R5HyDQ6PvwPsrrL7cFcONralPYBw=mo,wow amazing app,5,0,3.7,2020-12-11 02:05:48,,,3.7
c079e14d-ab83-480a-9f26-835a67ccd5c2,Enji baysaa,https://play-lh.googleusercontent.com/a-/ALV-UjXm_k8eoxcaZgNEBDOEJMZmJznzm_0jbvZ0vuPXPIvngrsr9j1h,Nice app 👍,5,1,3.7,2020-12-10 15:07:53,,,3.7
9de27e5f-a115-474e-9098-bd9aa715d140,Bagas Jakadewa,https://play-lh.googleusercontent.com/a/ACg8ocLAKTO_VNlbzxEk-KIkd7BJILuJgcWNLvDr-7sNkhuybGfojQ=mo,Great apps,5,1,3.7,2020-12-09 20:36:32,,,3.7
93b703af-02ac-40f6-8a7f-9d7cdba01837,Govind Raj,https://play-lh.googleusercontent.com/a-/ALV-UjV48j4_0pdFS5XrR1ADEpB3eUaCyRC4A1DShEx0yhd5TJUryDxa,Ok,5,1,3.7,2020-12-08 12:10:46,,,3.7
7b200fb0-2688-4593-b1a6-fb1a8f4316ec,Glenn Omongos,https://play-lh.googleusercontent.com/a/ACg8ocLkZaugX8TruNRfipIu8DR0V9bmevPz7Fs-e0utR0YhrBAq_Q=mo,Nice App!!,5,1,3.7,2020-12-07 17:57:58,,,3.7
1de07b50-cb08-4b3d-92e9-a85e53bf4d84,Atty Atty,https://play-lh.googleusercontent.com/a/ACg8ocJGO7eFy4qKuUDk4Ocq9XVYpNVDMETNbE30hLtjIvOJL-yOQA=mo,"awesome , fits to what i need",5,0,3.7,2020-12-06 19:09:53,,,3.7
c7800416-e067-45f7-87d1-5937cf632384,Hariyanto,https://play-lh.googleusercontent.com/a-/ALV-UjXVhnCCNyUO4Ju0_h3EWlH-3b8VZ4-7LedEVnU7udjS_dS2ZnXk,Good app,5,0,,2020-12-06 08:16:21,,,
bd6130b0-abcf-4feb-84a4-80b928e2b55d,Mufti Kusuma Adi,https://play-lh.googleusercontent.com/a-/ALV-UjU0jWqtOC-gUYCJSg83vnuVuJFBXw909QmftlG8IgRuLlLVOHIQMQ,Work properly,5,1,3.7,2020-12-06 05:12:38,,,3.7
c4873b1a-9bbd-49ca-989b-d2717ddd3f07,faruk hossain,https://play-lh.googleusercontent.com/a/ACg8ocKK40IR3wnRhdsX-3-vkOL4AkY7LvyK-MYc4qJsqFp68mL9TQ=mo,Ok,5,0,,2020-12-05 02:36:15,,,
d3957a45-6de9-4e1e-8b9d-cd19ef983085,Anton Kurnia,https://play-lh.googleusercontent.com/a/ACg8ocLFG63bG2cIqPgaMVtzbgdXbrvaVg3jYbfzf48kxDeiNxQ7cA=mo,One of The Best Thermal Application!!!,5,0,3.7,2020-12-04 11:20:01,,,3.7
fa3fd75b-53c0-46f2-ba05-3b5313cfd153,Fanny,https://play-lh.googleusercontent.com/a-/ALV-UjXGd_7nq1AMowIsCjLkcmuWSai1iYDF5TCRtyd56IwJAI8-xrT7aQ,"I had a different app before, but finally this one workedd ☺",5,1,3.7,2020-12-03 01:46:57,,,3.7
2c4445d8-2399-4c2d-8490-3aecccbbfe1c,A living Hope,https://play-lh.googleusercontent.com/a-/ALV-UjUiIm6L4Xl3u_Qy7D_8djgvG6uHCOnPyhcghKqYVH9W5GjJ7ZRd,I cant download the app,3,0,,2020-12-02 16:32:22,,,
dd40b653-a197-4dd9-bb50-2b0cf77a544d,Nissan Usi,https://play-lh.googleusercontent.com/a/ACg8ocKrqFc1p2XavDGwummCYd1vv1yyf-7xcOe-XEIqaCxE1xtM2g=mo,Very helpful and easy to use for my business :),5,1,3.7,2020-12-02 15:16:05,,,3.7
5f10d248-a0e5-461c-ac70-17056a207f66,Ifeme Ifeanyi,https://play-lh.googleusercontent.com/a/ACg8ocLl62enuHXTZZcfofT1EXOLgbGcfZEUBKfnRNHVAC5RoVxdFg=mo,Great,5,1,3.7,2020-12-01 19:40:33,,,3.7
9e45e57e-19ca-4d5d-ab4c-a59eb69dd4b4,inyima udeagha,https://play-lh.googleusercontent.com/a-/ALV-UjXZ_lI11trxzij6RU2kP-d_66Cu4i0z-EmEcj5OtLC7DNNoG8g,"I was happy when i bought it, it prints well But doesn:t print downloarded epins. That makes me sad.",2,2,3.7,2020-11-27 13:49:14,,,3.7
0c320ed7-a43e-4001-9422-f4f20b6effde,Vy Kings,https://play-lh.googleusercontent.com/a-/ALV-UjUz-OTlEQDA6ikqJdtQtXnw1gLDVrb5HhXhyqaoILGapwHOkaQ,Working properly. Very good.,5,0,3.7,2020-11-23 11:56:43,,,3.7
b4e0a5d8-e2ed-4351-a9f7-1540c705904d,bahariah nana,https://play-lh.googleusercontent.com/a-/ALV-UjW6vWCyYIThpvdUbFP1zmWoVoVIbOMqBCm0fqMe9DLQYyUH2YdL,Atur jaraknya susah,3,2,3.7,2020-11-23 10:22:10,,,3.7
a705fc4b-2164-4be3-bcfd-4067be565cf1,Burmy Burmy,https://play-lh.googleusercontent.com/a-/ALV-UjWCm55yumU1AbTTrlHXgqiMN3SKNnCzQtbkD72DeA9Q4ZPOtHxJ,"Simple, does what I want.",5,0,3.7,2020-11-23 06:10:51,,,3.7
d6fd2db8-2006-49f3-8223-16457dad7c10,Angga d' Alessandro,https://play-lh.googleusercontent.com/a-/ALV-UjVcsV_3YapKQHH1nkh7344tCNbX1Cyob99u02r44vV7zJgfwebfkA,Great app,5,1,3.7,2020-11-20 10:30:13,,,3.7
e338c34b-5b11-4e44-850c-c9273b362195,Mary joy Chorpangan,https://play-lh.googleusercontent.com/a/ACg8ocIldldthI2g_CMjS37oOAo80GUNulO6Rtf0vZLiPKsTL-3b0w=mo,Perfect and very useful with me,5,1,,2020-11-19 10:54:43,,,
58c67119-09e5-40a1-a971-a22997311e2f,John Philip Tena,https://play-lh.googleusercontent.com/a/ACg8ocKFUd0W3pEpS_mX7TwXaGJV_iKM6Cf_uqKD_DlMnDVjz2kPGCic=mo,This app is great. I can do my own customization based on my needs.,5,2,3.7,2020-11-16 18:37:06,,,3.7
da52f97b-ac54-439a-ab59-04f71c0bef86,Angela Merici Bigornia,https://play-lh.googleusercontent.com/a/ACg8ocIA_brugtfQVMBazQ8EaXG89-msNRiMxSxYONXqdWqxF8r3rA=mo,i can't print anything it keep on saying bluetooth stop working :((,1,1,,2020-11-14 16:20:06,,,
097d1425-cb8a-4dd5-b304-f34b6156eeae,Michael Nwachukwu,https://play-lh.googleusercontent.com/a-/ALV-UjWPbUTQsyal3TiSDBBDOlyhqP8SE2qj6JjT5qfnLBFf5va7JXv4,This is really a nice app. Easy to learn and use,5,0,3.7,2020-11-14 04:54:29,,,3.7
68860dd3-c9d3-4ac0-80ce-4afa736d1470,Bernard Egele,https://play-lh.googleusercontent.com/a-/ALV-UjWn9e0cl2ktKx6Zbu1-L5Lwb8KsCnBJO7Wq0hkdlWVX1lrj9Mk,Great app,5,1,3.7,2020-11-13 11:43:31,,,3.7
ed762594-9c9d-4eb6-8916-9139b2e46cb4,PonSathish Karuppasamy,https://play-lh.googleusercontent.com/a-/ALV-UjUUQX3FP1wIA3TuZA3QMHRoYb1Fi-EJLb3LZNMOwyp2sKjbchdv,vera level,5,1,3.7,2020-11-09 14:05:55,,,3.7
fbdf0d6d-3cd1-4ce7-8c66-11c6da43c9bf,SK AJIJUL,https://play-lh.googleusercontent.com/a-/ALV-UjUYFoUl5pCkRFiGioX9EC2UVNevwmRzMmiEClCda5_dUuF2cds,Nice,5,2,3.7,2020-11-07 18:46:00,,,3.7
708920c4-facd-484f-bd21-940a1ecc6dd6,eko yulianto,https://play-lh.googleusercontent.com/a-/ALV-UjUGiODz3ip35SpnwsilzTntJr70JI91_-rYau7OM_biFS7Yob70,simple and user friendly,5,0,3.7,2020-11-07 18:08:11,,,3.7
f34e6351-42dd-4fee-b55d-099ba1e85cbc,Elmer Reyes,https://play-lh.googleusercontent.com/a-/ALV-UjX16nxt2KGmV2S4J5uCe1ku4PJdlM0qkVuFoLqdoAANpI8WqVg,Excellent App,5,1,3.7,2020-11-06 19:46:37,,,3.7
9af7167a-1daf-42c0-9789-64ea85a489ab,Ade Suhenda,https://play-lh.googleusercontent.com/a-/ALV-UjVdbwqkG5F_HIPKC7cp-gQLX3df29I8xUquXnoLNgcLbCAhgG87,The best,5,1,3.7,2020-11-06 19:33:38,,,3.7
baba70f6-1659-4c7d-bb89-5cae94d15131,Ely Soberano,https://play-lh.googleusercontent.com/a-/ALV-UjWkVAk1fOtML-K_n9IlIErJJCNSBlP4R-lc5m5EuLNEr5Mjk_FUPQ,Easy thermal.print. no fuss use. Great job. Suggestion can you make the template like button type?,5,9,3.7,2020-11-05 12:32:54,Thanks for suggestions,2020-11-05 12:51:19,3.7
a35482ab-020f-4335-87c0-bbacd5333227,rollie “Boknoy” salonga,https://play-lh.googleusercontent.com/a/ACg8ocL5hcEG6v7f6-bVf3uXqtKGWpbjPcqFcDZ1sXlzFsJC37Iq84w=mo,Very Good app,4,0,3.7,2020-11-04 11:01:57,,,3.7
27ccddde-8d42-486b-ba1b-0e304dab6b2d,Faruk Ahmed,https://play-lh.googleusercontent.com/a-/ALV-UjUGCU6AucD777j0DQ3kS_xCkTkZY0rr9hHFJocFnsuj9xJnTTeceQ,Great,5,2,3.7,2020-11-03 01:30:55,,,3.7
5fdb33b3-f1de-48c7-9d23-c4c7d018c927,Raphael Omochor (Voice Of Liberation),https://play-lh.googleusercontent.com/a-/ALV-UjXnMTtmOlTCnzf_DnAkBFCmKCvz4MUcFSbeqHWXUQeDj06961v9,I don't think the app is recommend able no language settings,1,1,3.7,2020-11-02 21:17:49,"On first screen, you will see language button on left bottom side. You can change your language with this",2020-11-03 07:59:16,3.7
6582d813-0717-4e22-8a26-9cb36ad67a95,anla martires,https://play-lh.googleusercontent.com/a-/ALV-UjUl6bn_DDcs9K2iMveRg2wxNj5TkVn-i8Jc2ZhiB4Ebuff1HJwu,Easy to use...,5,0,3.7,2020-10-29 08:01:17,,,3.7
c2851258-dcac-4fbc-a50b-4a8ccfa520d1,Janse Laruscain (Arnse),https://play-lh.googleusercontent.com/a-/ALV-UjUyhZwQxK4uZGh7A0BgjsdDPF2Whd8YWHQ0VgVBVPOnlLZghiK3,Yeah,5,1,3.7,2020-10-27 21:40:42,,,3.7
738f342f-4ced-4945-81f5-5ec09d7a9650,andi Rosihan,https://play-lh.googleusercontent.com/a-/ALV-UjU5bWSun6fQTYWwI8HH-ULsJljWB_PYFuXBPLDjPJuUU-L6hxPISA,"How to print barcode ""invalid value"" notify",4,3,3.7,2020-10-24 04:29:34,,,3.7
14ed5f00-5adb-4b5c-b6c4-9e9572ce2e4f,Dedi Wahyudi,https://play-lh.googleusercontent.com/a/ACg8ocKVGl0JBoDt_SMo8rRty26Odq1MDqtsSievZlZtRIBibFPlWQ=mo,Usefull,5,1,3.7,2020-10-24 03:41:31,,,3.7
3ff6abf1-5823-41df-9d7a-4454e1b04187,Ven Mar,https://play-lh.googleusercontent.com/a-/ALV-UjWVsGkgYXX8HynP7UlvSaUUakrFTk8AG0Aewg9gseC06GY07zs,Easy to use..Thank you,5,1,3.7,2020-10-22 19:42:06,,,3.7
82a6e7ba-f195-4c8b-9d61-2351abb7076d,Edna,https://play-lh.googleusercontent.com/a-/ALV-UjVmZNNx5kQidRopd9cLjT8Kz6fk3rlgLuDcehCXdpAdP33P9EkH,"Not sure but, when I downloaded it and open the app for the first time the default language is not in English.",2,1,3.7,2020-10-20 09:41:03,Please contact on matetusshar@gmail.com for your query and resolve the issue asap,2020-10-20 12:02:37,3.7
2015f56c-71e6-432d-bb05-6e63a95fb098,MATT QDC,https://play-lh.googleusercontent.com/a/ACg8ocK0lRNI_tXwcGeSQix9_WuIu5w0vAzEHX7gJ5Xu_w0WoNxFdQ=mo,"Not good, confusing...delete!",1,0,3.7,2020-10-17 06:41:22,,,3.7
c5104bb9-b633-4e34-af39-a46b4397b5bd,MeLisa Menzies,https://play-lh.googleusercontent.com/a-/ALV-UjWG2C90xx0N4CSo-aE4gf326g_WrT30pkGDsfDZxh-EUlyelAul,Bad,2,2,3.7,2020-10-16 14:33:44,,,3.7
10861042-e368-4962-9217-158c6ff45a73,Blessing Yetunde Kehinde,https://play-lh.googleusercontent.com/a/ACg8ocIY44norNOzcj7TjZVg525BC4gNBVQOi58R1MaN38N_lvWUHQ=mo,How do I change the app language to English nah??? It's written in China Am not from China na,1,0,3.7,2020-10-15 15:59:51,You will see language button to change the language. Send an email for further assistance,2020-10-15 16:00:57,3.7
34b08f3f-c7f0-475c-ab67-d7e0f72ec541,Jane Cali,https://play-lh.googleusercontent.com/a-/ALV-UjX4ZKEEoMPMRBc0xJEuLNAL-ng0DTQyosKckqRIrtJiJBAN3lMT,Very useful,3,1,3.7,2020-10-15 10:52:17,,,3.7
242100b9-c23f-4391-9a4b-18403f8a6544,Vina Rosadia,https://play-lh.googleusercontent.com/a-/ALV-UjXzE7c-QtViqMTYayv5Jq4chk1lksxBiOxBneLA-t5P-ECMH4YV,Love it !!,5,1,3.7,2020-10-14 11:32:08,,,3.7
db22b1fc-42da-4558-98c2-327a206b41a1,Spring Fever,https://play-lh.googleusercontent.com/a/ACg8ocLF_U0CDQuidofdl8ykq_5PHQCXBlCCMXtQ347ZAnPuxUlYWw=mo,Bugs came too often! Omg it allows me to print just fine few times then suddenly it starts to get error notice and the print output is having extra spaces and so on! I need to keep restarting the app to get it fixed.,3,9,,2020-10-10 11:36:22,Please install the latest app version,2023-11-19 10:48:21,
437a2ef2-32e9-4686-a371-ce6c402e2026,snowee soledad,https://play-lh.googleusercontent.com/a-/ALV-UjXWuO7usvuxgS0AH8fW1bSyqykMyoDcP-k1YJ2e9Nvt0eXv0Vo,best,5,1,3.7,2020-10-10 06:56:28,,,3.7
c5f9aee2-989a-46d5-82ef-6660d34061a3,Ogechi Anthony,https://play-lh.googleusercontent.com/a/ACg8ocLI9M1q_UwVFLzS3neUuRsqgEd2_VjnT9Rkfw3j19ESrwu39A=mo,It gives me everything I need in an app. It is a very great pleasure having the printer.,5,8,3.7,2020-10-09 16:09:42,,,3.7
3e0f4af6-d9f9-4f28-8feb-bc5e77340333,Jatinder Kandola,https://play-lh.googleusercontent.com/a/ACg8ocIFYI38f_XVQphYcwkzE7xByGu-a2W1fUxfZzKKSCl7csQ7Gg=mo,Nice appp,3,1,2.7,2020-10-09 12:52:31,,,2.7
52ebc972-0ccf-4629-80bf-bb53ae547591,Onwukauguru ulu Kalu,https://play-lh.googleusercontent.com/a/ACg8ocKKRsrsWWpAhDWoZ23Rn5DwUc5kGW8HEtsodNqDc5FpQkFD4A=mo,So Good to me.,5,1,3.7,2020-10-06 15:58:26,,,3.7
53844478-d3fe-4fee-a64f-b723240dd449,Jose Mari Tabobo,https://play-lh.googleusercontent.com/a/ACg8ocJpNymklQv3vBzvV9NDAUiBqwrfqQz3jiZez3BkO88oKEYXng=mo,"I find the app very useful for making receipts. Just remove ads and allow editing without having to save the document under a new filename. In short, allow editing and retain everything.",4,66,3.7,2020-10-04 22:23:26,Thanks for feedback,2020-10-05 08:53:38,3.7
0f2bf8b3-43fc-422a-a1da-b1d82c8d4410,Madonna Guevara,https://play-lh.googleusercontent.com/a-/ALV-UjUTxCeC_aKh-3BKxVVEBab-TfuNgjp1EDDce_Ivf7PjRghQZPjj,It does what it says. Thank you!,5,0,3.7,2020-10-04 06:54:16,,,3.7
b6e1a3f8-60ea-4010-9982-bb5af5ce5e79,Neneng Fitria Istiqomah,https://play-lh.googleusercontent.com/a-/ALV-UjXsqUa6kBGIYxT8vzZq4es3B6DrO4xVwoC2wrAm9JHjtuzHUJr7,Very Helpfull,5,1,3.4,2020-10-04 05:04:53,,,3.4
cf2c77f3-38f7-4495-b4be-bb854b29d5f9,jhenny ramos,https://play-lh.googleusercontent.com/a/ACg8ocJ-dnUeJkNJKE8JIxmqDrwYYJp1f_njRNrw-M39_X7w5z9MTg=mo,How to use this app...,1,0,3.7,2020-09-28 15:18:59,,,3.7
8bda952a-6faf-4dd0-a38d-f988c3c3f748,Wu kong,https://play-lh.googleusercontent.com/a-/ALV-UjX2xVuyOiyes53KBX3mdUmUiKgyBElyqZNeyZq4imRINXwnbAeo,"First time i can add image and it working perfectly. But second i want to changes image and add image again it saying ""bluetooth printer can't add image"" don't know what i changes wrong setting in app",5,38,3.7,2020-09-26 03:17:28,Please contact on email for your query,2020-09-26 07:34:27,3.7
bf5bdc32-ff9c-4f45-af72-efb0c492a64d,Karad Navneet,https://play-lh.googleusercontent.com/a-/ALV-UjXRUqfH1w9rim_DkL4P1s7mPJkWmjzslce7PTY7dL4HdhweFz0,Don't work it is bedddd.............................................,1,0,,2020-09-23 14:19:23,Please contact on support email for your query,2020-09-23 22:54:26,
be55bb31-15c5-4cc2-b1c2-30c67241171e,Anthony Ikechukwu Uchegbu,https://play-lh.googleusercontent.com/a/ACg8ocJ8mkAtScMEcuhL3-BVkYMfQBIMGNsUzHOHp0iC2WkGYppw8w=mo,Great work,5,0,,2020-09-22 16:57:23,,,
88f40b2e-1672-4bc4-8224-3161ae0e374b,ceasar medina,https://play-lh.googleusercontent.com/a-/ALV-UjXOPXgR1Ji03K6WZ0peus5r0hh402h89uZTyDXX9zRfvA8Gze4,Love the app thx and keep creating new apps,5,0,,2020-09-21 08:30:08,,,
ffb83fde-c50a-40be-a05b-96baf1c02c22,Ali Raja,https://play-lh.googleusercontent.com/a-/ALV-UjXTWwKoiumQSvtvNj6uwdvSvu4wO89z0IKX9ODmfxfGwmnpDEbq,"Perfect! Works very well! Can be used by Professionals and amateurs to create whatever you can imagine! I have been amazed by the support of customer service as they took time to answer my queries in a professional and timely manner! This is THE BEST app available on the store and very easy to use. You can save templates , import and export data to help save time. Thanks again!!!!!",5,114,3.7,2020-09-18 21:35:20,,,3.7
8ef83a39-79da-4f19-b443-27f0d55fdf57,yudha wanda,https://play-lh.googleusercontent.com/a-/ALV-UjVeZiJ5aJAbVTNwu4q5Hse3pBLEmNFPlu4UH56HMoA-lWai3bZZ,✊✊✊,5,1,3.4,2020-09-17 12:47:19,,,3.4
41a8cade-805a-4cae-956e-4dcbed707061,Larry Laffer,https://play-lh.googleusercontent.com/a-/ALV-UjWKcSylb8DrtE4yOhxx_RvpkXJGok5hvugvkEDbvXzl1pGSiyWV,Offensive ad on printing,1,0,,2020-09-16 19:17:34,,,
fda9640a-8306-4a53-ad4f-871fecee95d0,John Gitau,https://play-lh.googleusercontent.com/a-/ALV-UjUj5agxJlHN1Y_wg8Fmqce-I0MQyx_rg6W4rv7-8-tT6hv9qT0,Incredible,5,1,3.4,2020-09-15 00:15:28,,,3.4
831db929-07f9-4e0e-b7cd-79576091c335,Evens max Pierrelouis,https://play-lh.googleusercontent.com/a-/ALV-UjV9sTJ9X5MJ-mkxIVQ0JKo9xoUzfDdlTZobWpLtzl-FOOStsz1d,Thank you,4,1,3.7,2020-09-14 23:04:15,,,3.7
d9b9b251-3f01-45b6-b0f7-5902f8647622,Jamal Fiqa Rupat,https://play-lh.googleusercontent.com/a-/ALV-UjXzAJsuX4sEFB9cNQezALqQrQBF2ntMs-mrSLWhovQDkix7_FU,Ok,5,1,3.7,2020-09-14 18:07:47,,,3.7
bec23f6d-6320-4e9b-aba2-5112f4ad54bb,Balaji icecream Pakhand,https://play-lh.googleusercontent.com/a-/ALV-UjVgm82iTbKjTCdtTxx_fkY2i72KhcXGXF9cSOsyyiC08dTnaho,Good,5,1,3.7,2020-09-14 12:53:00,,,3.7
5ad220c0-9c68-4251-8e9a-95590637c7c7,mohib hossain,https://play-lh.googleusercontent.com/a-/ALV-UjVmDRM83H8-JcJCnfGwMkHaiQJKvyMbAKGToqn6JIHw7M6bmA,Plz set Undo option,5,1,3.7,2020-09-13 22:13:32,,,3.7
0aa8d02e-31ea-4b0c-ab45-39e9d26cd855,Tunna Acharya (TUNNA),https://play-lh.googleusercontent.com/a-/ALV-UjWjylWO8YX2QKmLNH8HgQUQ_z2sdxNiJmXKZ_gTQOXmHFUgD_Fs,Nice app but one problom i found i cant print any immage,4,1,3.4,2020-09-13 21:30:50,,,3.4
5efa397a-62d3-4d60-bdf1-85633f3523bb,renato garcia,https://play-lh.googleusercontent.com/a/ACg8ocJbyDaJf3IrofKHsMRXXfutTFn6nrTEhZLtA3YVB1PLrW_jqg=mo,nice very fast,5,0,3.7,2020-09-13 08:42:29,,,3.7
b5508f04-9fcc-470a-955a-ebb43c770c4a,WinRyo Vergara,https://play-lh.googleusercontent.com/a-/ALV-UjUMHdrVx4MnrvKri17Bwl4AkMgLQI9BklfLv4mrxlf_iflpWIg2,Good,5,1,3.7,2020-09-11 17:49:20,,,3.7
c98e24f9-2183-4dba-a75c-19fb502a65ec,Teresita Bermejo,https://play-lh.googleusercontent.com/a-/ALV-UjWm3y2YN8FHWN6-kiwmVI8UrvlWmxdv6yyMUETbuECdLcw0Dm6k,HELPS A LOT FOR MY BILLS PAYMENT BUSINESS. THANKS,5,0,3.4,2020-09-11 04:57:48,,,3.4
ebf39e78-49c8-4878-8c4c-6373c094ba6a,Rodney Vega,https://play-lh.googleusercontent.com/a/ACg8ocJu45k3QmQVtpfQ3Eeeby61-FAMllxnPRopXhmGYRy3CSK2=mo,I'm glad tnkz,5,0,3.4,2020-09-10 06:22:40,Thanx for your feedback,2020-09-10 08:29:16,3.4
62b845ae-3959-485c-8c52-26877fc0416a,khay lang,https://play-lh.googleusercontent.com/a/ACg8ocLH02JveldVJL7VisevRl-I3FL0V6CNGtNJqjX2DtsUHlT0KA=mo,Very good,5,1,3.5,2020-09-09 06:42:46,,,3.5
d17c2f25-c2c4-42cc-a77a-405a8b5ad4a2,Barbra Candy Tres Reyes,https://play-lh.googleusercontent.com/a-/ALV-UjWdzbsUgrfNe_KYPzSTp_txwLnwvqIMw0Sa-d_Ff7NAcC6yDml_Ww,It helps our small business to make a receipt. Thank you for this helpful app,5,2,3.4,2020-09-06 10:47:42,,,3.4
8919c117-4341-4b8c-9145-60b13bbf419c,Cherie Chandrianto,https://play-lh.googleusercontent.com/a/ACg8ocLkj5os3Efvu1WO4ekoqW5Pa9AXTyfaVfDH3oPKfTHRpgsOEg=mo,"nice , simple & easy to use app. i used this a lot to print shipping labels on my thermal printer . it works really well & convenient. I like it ♡",5,7,3.4,2020-09-04 13:02:02,,,3.4
66142317-a015-4319-ba98-82ce9c1c5870,Titus WP,https://play-lh.googleusercontent.com/a-/ALV-UjVBeDRvLtsUVX-OJK1fzRoB_aw9CE0sry2N956MLOAEAt-vDIE,Simple,5,1,3.4,2020-09-03 11:12:14,,,3.4
f2acbbca-151a-4d0b-a225-6ed33c8abae1,Ghulam Shabbir Attari,https://play-lh.googleusercontent.com/a-/ALV-UjW00IrGlhMy-Wfvql17Vz6AHSgEqzmnmr_BUBh0_TYwewXahQeynA,I am not sure if I can make it to the meeting tonight but there is no way to get to the bottom of this email and I will be there at the same time 😊,4,0,3.4,2020-09-02 13:56:55,,,3.4
4131616e-a15a-4026-a044-84a6552773ed,Rendra Sumantri,https://play-lh.googleusercontent.com/a-/ALV-UjUpzj4JBgyfw4P99yysTXG8GI7WcbI42IL0qk8zF82SWdpRktbV,Excellent app,5,1,3.4,2020-08-31 09:10:56,Thanks for your valuable feedback,2020-09-01 08:38:11,3.4
591b9477-fbb8-4981-a372-24d46f1cc37d,Warren Estrabo,https://play-lh.googleusercontent.com/a-/ALV-UjWhzGl_Lah5gUykyLVeDZQTZDTkqWZa3keIlXOsuE63XAc01ov7,Wont download,1,0,,2020-08-30 18:11:58,Please write on support email to know your query,2020-08-30 18:15:00,
a778c337-f1f1-41d7-a010-4ca8ee3a5d6e,Ahmad Saifuddin,https://play-lh.googleusercontent.com/a-/ALV-UjVdpFw1lRD2cwryWDvqunaJ1YFmCvMcJFpogQSgPzssmnB6onNQiw,Useful and easy to use,5,1,3.5,2020-08-29 06:07:56,,,3.5
7c3cfaca-2c7f-4e72-94c9-b8cd292f7283,Fermin Naelga,https://play-lh.googleusercontent.com/a-/ALV-UjX8FtaW1sOati6msewJbxEiryQh94EaPlWvDgFWdVri9F-Hwl8n,"The last update needs you to go back to rearrange the order of items... And also, is having trouble printing the whole picture.",3,6,3.5,2020-08-28 13:46:25,Please contact on support email for your query,2020-08-28 14:32:58,3.5
932efbc7-0cf8-43bc-9720-31dd92ba68d0,Cak Gon,https://play-lh.googleusercontent.com/a-/ALV-UjVjkLgCaDrzx3pc37QT8pTR2LTUSxn7r0lBmAZHbMINSM_GS-k7,Good app very helpful,4,0,3.4,2020-08-28 11:55:59,,,3.4
ceafcded-5cd7-4611-ab60-f55cb6f1e1c4,Dana Ali,https://play-lh.googleusercontent.com/a-/ALV-UjUnQV0Ch3JE5Jshd0selEUkzyQjpX1spIhFlxZ49ovYHwiwzQeL,Waww,5,2,3.4,2020-08-27 01:59:35,,,3.4
c41cf4da-d689-4acf-a56c-831c84407b2e,teguh wid,https://play-lh.googleusercontent.com/a-/ALV-UjV-2d7GrU3zIeZpuLNN6LWnNWvSKd9oK8qls57OhPGPwV2T3TA,"Mudah, tapi sayang tidak bisa untuk print gambar di printer datecs dpp250",4,1,3.4,2020-08-26 20:12:48,,,3.4
2bfe5c8a-eead-4229-b338-71bb296b292e,Victor Castro,https://play-lh.googleusercontent.com/a/ACg8ocLnCS1v8JXiUPUU8c2QSdYImz8_gd-RHOrOZOu-kbl2qzB_rg=mo,Good 👍,5,2,3.4,2020-08-26 10:04:37,,,3.4
2648dfd9-1cd7-4e3d-beb0-fc8261380b48,GhiL 20,https://play-lh.googleusercontent.com/a-/ALV-UjVRBKi3sQfn9wEb98O--hZNRqePG6sxTc53Sc6IExaaztfeX5U,"This application is really great for me, thanks also for TUSHAR MATE for the best assistance for me. Great application i really recommended for my other friends😊😊",5,6,3.5,2020-08-23 16:18:15,Thanks a lot for your review,2020-08-23 21:04:27,3.5
1ed28850-2a9b-44ea-9004-b33f52b7f912,Ethanne Balbas,https://play-lh.googleusercontent.com/a/ACg8ocJnzqKpTAuXxYlVMBIAJvGs0gICb-D8mgQCzl1j6VZwkF4hAQ=mo,I cant understand when im open the apps.,2,0,3.4,2020-08-22 06:30:31,,,3.4
212af468-1df1-4214-bf6b-af5a092b1b4c,Beny Arif,https://play-lh.googleusercontent.com/a-/ALV-UjVBG6xObJRPPfSjcnkwBn5iseHwpLdy0X2r5ByuOElWPeG-kjvS,"great app ! how to print tabular data from website in json format? i only see text, image, barcode, and qr code.. another option none in documentation",5,8,3.4,2020-08-21 20:11:08,,,3.4
02e0daa0-eb6a-4d6f-88e5-db148f64e8b1,Frankey H Simorangkir,https://play-lh.googleusercontent.com/a/ACg8ocLm87-Eb6RASD_sKrx6HBPkKnO3AlTvEV2YfAfs53OMpnXiaw=mo,Good app,5,0,,2020-08-20 16:25:12,,,
3da73547-c506-4f34-bc5f-c4f497803fb8,yanti mamaiqfai,https://play-lh.googleusercontent.com/a-/ALV-UjVnmlBsgd0pMBabWV_rFbfMyj2VQOcoLXgzQE83gFwOt3Rce4YU,Ok,5,1,3.4,2020-08-19 15:58:48,,,3.4
7e640a35-54be-4d27-87ca-9596e047ab76,Joe Aja,https://play-lh.googleusercontent.com/a-/ALV-UjWd72Yv6DuojDAbWzyfb6yEInPMOs1eOXQ3iuVe90DqetF73FZo,Perfect app for my thermal printer. Thankyou so much :),5,0,3.5,2020-08-18 13:47:01,,,3.5
41cfd2e5-cc3e-4f8e-acac-704bda9ce43d,MaeHannz Calisin,https://play-lh.googleusercontent.com/a/ACg8ocIzxK8YkMB6Yeg-vUdlDSgnMKTwlvi0-MCbKLx-qQN8c3Wl7w=mo,Asan po kaya ang settings ng portable printer na eto pra po mareset ayaw po kz mgpair ayy,1,1,3.4,2020-08-11 16:16:16,,,3.4
de693d79-9efe-43a8-a708-c69deecc06fb,Tohari Achsan,https://play-lh.googleusercontent.com/a/ACg8ocJW_Jbdb4KJv1rC22hZISEDvj_VTUWBC6rWCPTkNE1U9XgJAw=mo,Jempoll,5,0,,2020-08-10 18:50:05,,,
d3dbd072-fa6d-467b-b7ef-a7461c1fb31e,Jay Florentino,https://play-lh.googleusercontent.com/a/ACg8ocKeK8P9RyP0aZfX804uq9O_9fcb8pnQHjzZmZdjok2qXh1P4A=mo,Great..,5,0,3.5,2020-08-10 17:03:53,,,3.5
9356582c-3ae1-4671-bb80-c76f887a3cae,Best of luck Best of luck,https://play-lh.googleusercontent.com/a-/ALV-UjWBCIeAh9cUHnrxvpecrulPqybEULj-4BQKB3n5zQpajqyAWN8,Almost super but please add date time stamp,5,0,3.5,2020-08-10 15:45:21,,,3.5
bdaa24be-8ee1-4eae-963f-c0e3bf30ce14,Abubakar inyass,https://play-lh.googleusercontent.com/a-/ALV-UjVXpAgQPeBkWUD-CSvcmFUcthuzQhDog8uyzHKKmJ_3ZSO4T5Ed,Thanks so much for the update,5,0,3.4,2020-08-07 17:58:48,,,3.4
588f40cb-1327-4d07-ab90-77e0623c2c44,Supi,https://play-lh.googleusercontent.com/a-/ALV-UjV8QIyhKe2cn7Xo7n0rOEWriWu3G9MHURiO66iBQW-XtJiXxiW3,"I love this app 😍, But how to backup my template, i want save my template yo another phone, I want buy this app if, you have that fitur",4,3,3.4,2020-08-02 15:23:25,"Please check the app at below location which is updated

https://www.matetech.in/myfiles/temp/app.apk",2020-08-02 19:07:57,3.4
001a8f65-ecae-4b9f-a328-1429220bd0c9,Nainai Ahaja,https://play-lh.googleusercontent.com/a-/ALV-UjU4WC3PIjIxWhKtRF61tP5FVWjz1H1LZgkROZW3vUhA5-f66GId,So excellent po,5,0,3.4,2020-08-01 08:29:31,,,3.4
ad254d14-008a-4c84-b6d0-42966a5e6872,Sugie Corleone,https://play-lh.googleusercontent.com/a-/ALV-UjUWfIs6-qNoWUUe4X1CZLybMXkP8rWhe0yCYdMKVwE7MMHl8Ikq,I can't load/insert logo on my template . Since i update the apk,3,1,,2020-07-30 20:32:10,,,
d73ec6bd-657c-4c23-bdce-c3fd6b9647a1,Bilie Gumapac,https://play-lh.googleusercontent.com/a/ACg8ocJwQTrEFnSLFIRxGLysX94gCqjnp1EEXRgZcm08zCgdnHSJfQ=mo,I Love it! Great App! 👍☺,5,0,3.4,2020-07-29 12:08:01,,,3.4
687e14e8-c9ed-4924-ab37-2cfc598986da,Event Horizon,https://play-lh.googleusercontent.com/a-/ALV-UjVW0Qw34yaqyIBvZpxFtbvZaMPziD_CUcOBSMkwDs7zhKhgbv4h,I like this app but sadly there's no option for date and time which is more important to a receipt hope they'll add it soon.,3,4,3.4,2020-07-29 11:17:31,You must enable short codes in settings in order to use auto date and time function,2020-07-29 11:47:23,3.4
5047cc39-4691-46f2-b021-27c3580636ae,suparman usin,https://play-lh.googleusercontent.com/a-/ALV-UjWLiHpXhpWNYvpHLZXUYer8BXNCIpiBzpWp6mLvSiIbD6OnCc4S,excellent,5,1,3.4,2020-07-29 08:00:23,,,3.4
77a49c6b-7683-4357-9342-d43aaa45aa47,narendra hatkar,https://play-lh.googleusercontent.com/a/ACg8ocKP6Dca_wRIY8WboRqCXeLF72p_WVb8IzZtu8gBXeGKn2j0=mo,Best app for me,5,0,3.4,2020-07-27 23:04:05,,,3.4
a9737c8e-a290-4910-b802-d4f00f539b2b,jimmymb20,https://play-lh.googleusercontent.com/a/ACg8ocI0mhY0E220YGxOqsbQb109vxn3A5FAVrCM8HvJKWrh8F34DQ=mo,"Really awesome, did exactly what I wanted!",5,0,3.4,2020-07-27 14:21:03,,,3.4
3ad39643-cd13-4f2c-bbf4-73cbc16bb06e,dody danger,https://play-lh.googleusercontent.com/a-/ALV-UjV9Yju8_iCPbdVC4bu8ZnurFIrr8ViiPQ5HdMmC4mqUExhrnK0,"Hii .. i already puchase app, but why when printing, result printing still have advertising?",3,2,3.4,2020-07-27 13:24:22,,,3.4
5016b66c-bd48-4024-b0e6-5ead6a60c7ad,Ken_1 Arox,https://play-lh.googleusercontent.com/a/ACg8ocKwC52o-dNCa7ihLlOslMb1Yghx7gihKVyPuCPpSVOf_tyLMg=mo,it's just work. nice app,5,0,3.0,2020-07-27 09:07:15,,,3.0
e915dfef-7934-4557-b9e9-210fe7f470d7,Bekool Today,https://play-lh.googleusercontent.com/a/ACg8ocKtseNH7zrkxAEhZ6hIWUpWynj3Ze_lMZWsIE_5QHaDhmTyBA=mo,Easy to use,5,0,3.4,2020-07-21 21:40:45,,,3.4
34ef681a-8143-4bb7-b013-909bf7acab1f,Ferdinand Avila,https://play-lh.googleusercontent.com/a-/ALV-UjXgjJhcGXrWzGvCJB8f5MptP70t8qEJhJkhVVTIoMHE2gojSIStRA,Satisfied! Thanks,5,2,3.4,2020-07-21 07:09:57,,,3.4
19d2d58b-bb98-44c8-ad4b-013c55ed74a2,Manuel “dadi yo” Panganiban,https://play-lh.googleusercontent.com/a-/ALV-UjXK5nqILhanhSzteUWr7hOGjX7lsMvUMJbfSGSJ4t0_6MW05h9v,superb! never put me down in every printing moments!,5,1,3.4,2020-07-20 08:21:04,,,3.4
c7a0d263-85fc-485e-bf95-3c918a0f268b,Yolem Saira,https://play-lh.googleusercontent.com/a-/ALV-UjVktkjAK0vT2NUsNt9-v-1rOgAr4n_qaGA8RLD9ISv8HnTfpX6H,Excellent.....,5,2,3.4,2020-07-20 06:53:48,,,3.4
8d516bda-32d0-4090-a6e5-4eabd6ce8887,JITENDRA MAJHI,https://play-lh.googleusercontent.com/a-/ALV-UjV7yTy0ip8ejqOWumHDxiqE8yy2C7XEFcdKOyQ0UlR-jqxkcuGR,Excellent,5,1,3.4,2020-07-19 12:31:29,,,3.4
8f389fac-4ff0-45d7-b114-c70ed97f0772,Mas Ibnu,https://play-lh.googleusercontent.com/a-/ALV-UjUvpXGHHFamcVj3DbqOHE7T8hMLVwrcpauNhXu0ukF33VGeYAhK,How to custom space betweens row? Can i make setting for it?,4,1,3.4,2020-07-17 21:40:31,,,3.4
38196658-af22-4a0c-9ea0-10f5d502bd53,Chilion Tan,https://play-lh.googleusercontent.com/a-/ALV-UjXQfzLwzNsC2UJkvh2zta0zKot4E6qNMice8s6Cy17Ym97zVXw7,"It works. Ad stay at the bottom and dont interfere with your use. Need meddling a little. Was able to print text image file, pdf, and manual entry of text and change font to bold and underline. For a free app, great!",5,19,3.4,2020-07-17 13:54:32,,,3.4
cba00db1-ebfc-4b43-865f-063f7f4d5612,Lwop Der,https://play-lh.googleusercontent.com/a-/ALV-UjX9Sn_e6cmZsAU479rv-YHOAmN_UQPsq-nHA9MvDShTwIufBaWW,Do you have this kind of app that works on pc?,5,1,3.4,2020-07-17 10:32:12,,,3.4
9d134e82-258e-4f12-92cf-8d576419faa0,ditto banditos,https://play-lh.googleusercontent.com/a-/ALV-UjUVqagYH5YKeM1zYYkWxVvnlgKFkmuVLhh9guo8mtkyYVflobCQ,This app help me to print my customer address..but it can't search and sort the list I had entry,4,1,3.4,2020-07-17 08:41:18,,,3.4
edb6ab68-3cce-4881-b52f-b5a277bc2bda,zello Appl zello App,https://play-lh.googleusercontent.com/a/ACg8ocLPhhQO3GEgsv0ZjWaTXihxBxzjxkQXL56gpl0MrwcedARBAg=mo,Off Bluetooth,1,1,3.4,2020-07-16 08:19:54,,,3.4
d83e2e95-99de-4be0-bb3b-e6e3f47d8689,Street Sweeper,https://play-lh.googleusercontent.com/a-/ALV-UjVhkOqSlIWJFq8FhiAESZoxUhDmtEBaAQdUzhkVTxHE8rAOlec,Goodjob.nxt time dapat mai mga extra sana na mga edit tulad ng pag costumize,5,1,3.4,2020-07-14 19:37:22,,,3.4
78297c5e-97e8-41af-83f3-e7b89e968b85,Mamun Rahman,https://play-lh.googleusercontent.com/a-/ALV-UjW0famNUAVg2yFr2S0rwGwRco86TTltzIJMH_g8KfhfCTLAH5ZH,খুবই ভালো এ্যাপস,5,2,3.4,2020-07-10 12:07:36,,,3.4
b6fcf75a-2f30-47b8-b760-d53c77f0af77,oleg muraveiko,https://play-lh.googleusercontent.com/a/ACg8ocI5NBi9KDD1Eq6xMsZoaeYAPbnIg1ng8E0eZoNg-q27kUJjNQ=mo,Поздравляю с 500 тысячами установок,5,1,3.4,2020-07-10 02:20:27,,,3.4
b7b96fb4-2935-4607-a274-eb468266045c,Faiz Aulia,https://play-lh.googleusercontent.com/a/ACg8ocIsufIwTk_1CldZlnrutakssxJozEpFKTxkmvgxBCGf54MzRQ=mo,Sangat membantu,5,1,2.7,2020-07-08 17:29:23,,,2.7
ccab32cf-2522-40bb-82c9-f906701c1b9c,Joel A,https://play-lh.googleusercontent.com/a-/ALV-UjUXZM2_X3wJCvMvQtrECSNdVK1GaIOtaOnseNX652FdxjtnrGo,Works nice but can't backup. I created lots of templates for printing and want to move them to another device. The export button does nothing. How do I export or backup my work so I can use them on another device?,3,49,3.4,2020-07-07 02:56:06,"Please download updated app at below location
https://www.matetech.in/myfiles/temp/app.apk",2020-07-07 07:17:49,3.4
91803f71-cadd-493f-b494-79a827335865,Kondareddy Bode,https://play-lh.googleusercontent.com/a/ACg8ocLkTxi8UW0uj0_5mCaCWsiEsTHSyzM92kdVKU93RkYPetFe=mo,Good,5,1,,2020-07-04 16:10:33,Thanks for Feedback,2020-07-04 18:08:54,
ed146032-7b4c-43ee-b918-d442d6044691,Exvoy Xzuvo,https://play-lh.googleusercontent.com/a/ACg8ocIjI49ymw8jC4XTqap11TautzH9XBwm3Inuy7zwE_Rb6SCRZw=mo,"great app, simple and easy to use, but how to set up the website/browser print? i tried many times but always get an error, ""unable to process your data"". its already in json format. can you give me some help? -thanks",5,41,3.4,2020-07-04 13:33:35,Please contact on support with request page and response URL,2020-07-04 15:32:45,3.4
d9fefea4-c207-4e55-9b00-6f970ce290c4,enrycau sulaiman,https://play-lh.googleusercontent.com/a/ACg8ocJvyl9CLYeuFqy2Vj-kWlTaCxQykoBaTAwpbCP79AWq4xzQpQ=mo,"Easy to use & helpful now with ""search"" name function...great apps. Tq",5,3,3.4,2020-06-29 12:18:06,,,3.4
e69651dc-c60d-4391-9ac4-88ad6d631951,Aashish Kumar,https://play-lh.googleusercontent.com/a-/ALV-UjX1A1Yf59O3FVhhlOOUJ78HHyAaRxApXMzDg6ywIOcKxVgdlAaR,Very good print,5,0,,2020-06-28 19:38:01,,,
83213545-0ec4-4f5e-9a75-2ed9eab9ccf6,Jenny Dela Tonga,https://play-lh.googleusercontent.com/a/ACg8ocIythshY-TYUpCU9VRrq4F0VK1lXlzrSHBJlSw8bwJ9kFirfoU=mo,Wow,5,2,3.4,2020-06-26 14:25:31,,,3.4
f4e14da4-2e92-40a4-87ba-f18483fd7a09,Lyka Placido,https://play-lh.googleusercontent.com/a-/ALV-UjVWJMb-G-U6zG2pgLL4fR2rg2KQ2xvK2JQRSPBTgHGkYqRH9A0,After updating i cant print! No print at all its all empty.. Please fix it,1,17,3.4,2020-06-25 13:41:54,Please write on support email to know your query in more details,2020-06-25 13:43:02,3.4
f51bdf67-69dc-4856-b16b-da1f298dfc1c,Melvern Abhinaya Chairul,https://play-lh.googleusercontent.com/a/ACg8ocJEjTzkP75AuUCu5i0BTCU82rQsUDIUCdBcbFI5cHL2Fx1NCw=mo,"Already buy remove ads but ""printed using bluetooh print app"" keep showing Dont see any other payment though",1,1,,2020-06-22 22:33:01,Please contact on email to fix any issue you face,2020-06-23 06:45:46,
17b923eb-bed0-442b-ab8e-38b3c4f903d9,aireen,https://play-lh.googleusercontent.com/a-/ALV-UjU4y892w2l4kDx2mahPE8BMjUbuYT2Tm-O0V3GM0m53yW7oujH9,easy to use. recommended,5,0,3.0,2020-06-22 10:57:50,,,3.0
45768248-5894-45ac-8cd5-d8fb1b655845,Vishal Momaya,https://play-lh.googleusercontent.com/a/ACg8ocKhk7Y7kulD1o7VbmVH-yetbpqVJ6g8IoaMxl1-gfI8Wi2xHLQ=mo,Doesn't work with ad blocker. Seems like Cheap Chinese app always ready to hack you via Tracking ads.,1,1,,2020-06-20 22:04:36,,,
92926511-a68f-43ca-affe-8ce784f44dc4,ᥔᥦᥢᥴ ᥘᥤᥴ (သႅၼ်လီ),https://play-lh.googleusercontent.com/a/ACg8ocKhq8e0BLWaeQvX3AQUZv7WjjcF77p-s5T8WeNNRlMWAF0xyw=mo,Please think you,5,0,,2020-06-16 21:55:02,,,
75aecfff-88ad-4167-9513-3025cf398102,helmi fahrizal,https://play-lh.googleusercontent.com/a-/ALV-UjWdRSrgO-HWVzkdSt_2xzX33QiHgMcW7KCs9yvwbn19FSWpq5-4,User frendly,5,1,3.1,2020-06-14 14:08:41,,,3.1
f20af1e7-87dc-427b-8d36-4c3d673f66b3,Janice Cortez Crisostomo,https://play-lh.googleusercontent.com/a-/ALV-UjVfUwWQYqMd4S2bCJbNl7p6F1wmi6HOANdb4HBU93yADBRZ955R,Can't open the upgraded up😔,1,0,1.9,2020-06-13 18:26:33,Please contact on email to know the problem you face since it's not possible to solve through comments,2020-06-13 19:08:36,1.9
e4a22dc5-ae4a-4301-90db-9d43b1985202,Margaretha's Story,https://play-lh.googleusercontent.com/a-/ALV-UjV1qesL2vXaSD0aAkCCl5DnalXdVH2RY6wPC-_WgyJ9nm-I4a0Q,Greaaattttt lovee,5,1,3.0,2020-06-06 08:43:27,Thank you for your valuable feedback,2020-06-06 08:49:06,3.0
f978044c-92af-4bdd-be40-59ba93a44571,Jameslove Briones,https://play-lh.googleusercontent.com/a/ACg8ocIL_9kogGI2rKbtN7itzVqH2xh594NPdJV5H8RYjX8TxfrhTg=mo,Download but not sure,3,0,,2020-06-05 03:10:46,Thanks for your feedback,2020-06-05 20:26:02,
bb792ea6-cbcf-42f5-9a70-a2c29f84835c,Malin Lewendon,https://play-lh.googleusercontent.com/a-/ALV-UjXMrwZMwycucFStf4p5Y9UaaK7dDm6Xaa5_g9xkU59paCrVtwExug,This app is really complicated. And printing from online.,1,2,3.0,2020-05-31 18:29:16,Please write on support email to know the query in more details,2020-05-31 18:22:49,3.0
66718766-8e5f-48e3-ba3f-b433fa655cd8,M Ismail,https://play-lh.googleusercontent.com/a/ACg8ocL9ieCVQG0ElRNDOh6Th6rmD-AG3AVgf5JGHA4evN2yaJs-ug=mo,very good apps.,5,0,3.0,2020-05-30 04:05:37,Thanks for your valuable feedback,2020-05-31 18:23:26,3.0
d0389912-cc73-4951-8384-f1bb255f1e85,Okoh C. Cletus,https://play-lh.googleusercontent.com/a-/ALV-UjUsg-zB2jIdGTeTYRuIzw_mmKNA0_5dwk94tIb7UQtpMOxNW2RqNw,Good printing app,5,0,3.0,2020-05-26 14:54:56,Thank for your valuable feedback,2020-05-27 13:55:02,3.0
60947d0a-4768-4508-8c5c-f1408b2c587b,Orion Diagnostica,https://play-lh.googleusercontent.com/a/ACg8ocJCp26SClT7ng9OqNztCFTZmiPtU_kb6TE6ZO6ElQVf-KndHQ=mo,Easy to use,5,0,3.0,2020-05-26 14:20:43,Thank for your valuable feedback,2020-05-27 13:55:06,3.0
0a6ec11c-ff78-405c-994b-bc22a081a87e,susanto liu,https://play-lh.googleusercontent.com/a-/ALV-UjVFt1ybsb9Oc_xulJVQ3Oe_BJdGAnAhVruLJ55y2YN9shpLF5AK,"Fast print, have print preview, small ads only in apps 😊👍",5,1,3.0,2020-05-25 05:11:50,Thanks for your valuable feedback,2020-05-26 12:25:49,3.0
21123f55-f44b-499a-a620-61c7f362bd1b,Panda Dj,https://play-lh.googleusercontent.com/a-/ALV-UjWQK0BqxvjKpJflAo2SygnXgiFimgCjubM4FTMEV2WUKiQLTPsS0g,Bad app,1,1,3.0,2020-05-21 20:52:24,Please write on matetusshar@gmail.com to know your query in complete details,2020-05-21 22:45:44,3.0
cc2cd772-7411-4966-bd55-88c56e53bfb9,Ahel Masagena,https://play-lh.googleusercontent.com/a/ACg8ocJm4r0Nzcl_Z5WUErjyTlvTJGOE_W3M_maH-FxGmlDGQyMiZQ=mo,Good,3,1,3.0,2020-05-20 21:08:22,"Thanks for your feedback
Please write on support email to know your query in more details",2020-05-23 08:28:03,3.0
7f723736-0aa9-4ec0-b945-1b1fca9761b4,MOHAMAD BASHAH KAMIS,https://play-lh.googleusercontent.com/a-/ALV-UjV5YP-UWU4cKd0MWkEa6ZX3gmwQLwpj3q8Y05q1vgUFwcysY_TGGA,Good app,5,2,3.0,2020-05-20 11:39:21,Thanks for your valuable feedback,2020-05-20 12:38:01,3.0
3d4c4959-1652-4337-9767-fef3196d85b4,Alexander Sotomayor,https://play-lh.googleusercontent.com/a/ACg8ocIdapDsTnUqFQS4BfypJtmaQEGC0ho3GM-WA_Dh87BweF2rVA=mo,Exceptional,5,1,2.7,2020-05-19 22:47:03,Thanks for your valuable feedback,2020-05-19 23:29:44,2.7
0e16a73c-804a-4eb9-a576-9504943d9c88,Alfonso Ramirez,https://play-lh.googleusercontent.com/a-/ALV-UjUS5slGxJ6DbN0PZSIDOscWOx3IRphRcv7XDYM42NtXQAaG6E00,"I didn't expect that the app would be working this great, it's so user-friendly. Hoping that this would never change in the future, thank you.",5,2,3.0,2020-05-19 15:31:50,Thanks for your valuable feedback,2020-05-19 23:30:00,3.0
ef5d6240-c4d0-491e-a818-bcf81da822af,MWARIRI MUSIC,https://play-lh.googleusercontent.com/a-/ALV-UjVo2IM8fXqqsRTRILgTkXf_7peHGTRwRpwWe2yYzku0J60mUbk,This is the best bluetooth application. I have tried many and resulted to using this one only,5,4,3.0,2020-05-17 21:08:11,Thanks for your valuable feedback,2020-05-19 23:30:18,3.0
61b41ca1-fe2b-4b65-a1dc-a83ee10d96d0,Sande Patrick,https://play-lh.googleusercontent.com/a-/ALV-UjVzIbuWobv-leO-12x9bHL02N2zQGAxkNBeAFfn2FR3IHDkhMplpA,"Thanks for this app. It works well, keep up the good job.",5,3,3.0,2020-05-15 18:47:17,Thanks for your valuable feedback,2020-05-17 18:58:12,3.0
8c8abd5b-1149-4b93-a06e-24d1f5b82c7d,Thiago S. Motta,https://play-lh.googleusercontent.com/a-/ALV-UjV5Ycu0--_h3_lg19hXoJPFVvafV_2k56TPNLlPruI7ZslQUwiEaQ,Works perfectly! Support is also great! Strongly recommend!,5,4,3.0,2020-05-14 03:01:51,,,3.0
462401e5-81fc-4a1b-bd73-69d72304f253,Angelia Sherlia,https://play-lh.googleusercontent.com/a-/ALV-UjVZAYOSlvemxIAgNXjdGev_zRQIeGnJ-HyoansU2kgc1Lngd3B_,Susah connectnya,2,1,3.0,2020-05-11 07:24:40,Please write on support email to know the problem you face using application,2020-05-11 09:47:54,3.0
bbbe1a9e-1a59-41c3-9d48-033f3cdae3ed,Muhammad Rayan,https://play-lh.googleusercontent.com/a-/ALV-UjXdcMzJavEPctZVZA21HfPKO6kpzVCp23BTnPhln9gFff3jPC9q,Its very helpful. App i use it for my taxi receipts 🤗,5,1,3.0,2020-05-08 13:27:18,Thanks for your valuable feedback,2020-05-08 13:59:40,3.0
0c3c3d64-88f8-404a-a268-2a929ad074a1,aria rafa,https://play-lh.googleusercontent.com/a-/ALV-UjU9US42j7VeJTvuiTPwo1UR0Ok-g7nxPD3o6C249u01ITRKbw,"Parah, Saya kurangi bintang nya. Saya sudah beli Yg Full sejak Update kok malah sering muncul iklan",1,1,3.0,2020-05-04 13:08:12,When you import backup you need to click remove ads again. If this issue is not applicable contact on support email since the issue cannot solved through comments,2020-05-04 14:22:33,3.0
d1a238a7-71bb-4373-b81f-03d01dd0a6ae,Even and Odd Review,https://play-lh.googleusercontent.com/a-/ALV-UjUUL-gQG3v4Z5-ZqV1xAULuQI61cDgfrrga107olJt-SqQrCWz3,"After update, now of i want to print, the apps just disconnected from the printer.. i must pairing again.. if i switch app to another app to copy text and back to this app again to print in body.. the printer must be reconnected again.. why? The previous version is fine and always connected except if you close the printer app.. not switch app.. This time it must reconnecting again to the printer everytime if you switch app to another..",3,31,3.0,2020-04-29 06:27:19,,,3.0
e606d5b2-7c5c-4457-9e9f-52095bb31eb2,A Google user,https://play-lh.googleusercontent.com/EGemoI2NTXmTsBVtJqk8jxF9rh8ApRWfsIMQSt2uE4OcpQqbFu7f7NbTK05lx80nuSijCz7sc3a277R67g,"Seriously? After the update, you can't use the add entry if you have adblock. What's going on? Please fix this. Why do you want to delete the adblock in our phone before you can use this. So much disappointed.",1,17,3.0,2020-04-26 04:53:00,We do not have such restrictions in the app.,2024-08-10 15:36:46,3.0
836cedf1-b149-4957-89cf-c110bb437abf,A Google user,https://play-lh.googleusercontent.com/EGemoI2NTXmTsBVtJqk8jxF9rh8ApRWfsIMQSt2uE4OcpQqbFu7f7NbTK05lx80nuSijCz7sc3a277R67g,"untuk print pdf as image kurang maximal hanya sekedar bisa tp hasil cetak kecil.banged di tunggu update nya agar bisa untuk ngeprint pdf,",4,1,2.9,2020-04-25 00:41:26,,,2.9
bb706b10-07c7-4b54-9dd5-db8cfd0fc849,A Google user,https://play-lh.googleusercontent.com/EGemoI2NTXmTsBVtJqk8jxF9rh8ApRWfsIMQSt2uE4OcpQqbFu7f7NbTK05lx80nuSijCz7sc3a277R67g,nice,5,1,2.7,2020-04-24 13:48:43,,,2.7
1db58afc-c532-4ec9-8b43-7685cf8df9e1,A Google user,https://play-lh.googleusercontent.com/EGemoI2NTXmTsBVtJqk8jxF9rh8ApRWfsIMQSt2uE4OcpQqbFu7f7NbTK05lx80nuSijCz7sc3a277R67g,Excellent,5,1,3.0,2020-04-23 16:00:59,,,3.0
1f441fba-1a0f-4f45-ac06-ccb13352d61e,A Google user,https://play-lh.googleusercontent.com/EGemoI2NTXmTsBVtJqk8jxF9rh8ApRWfsIMQSt2uE4OcpQqbFu7f7NbTK05lx80nuSijCz7sc3a277R67g,"I would love to be able to have a counting feature on the app, so each time i print something the number goes up. But otherwise the app is great! Thanks!",5,6,2.9,2020-04-21 07:20:38,,,2.9
ebe5a5d9-270d-4dfd-a826-737d64f3df6f,A Google user,https://play-lh.googleusercontent.com/EGemoI2NTXmTsBVtJqk8jxF9rh8ApRWfsIMQSt2uE4OcpQqbFu7f7NbTK05lx80nuSijCz7sc3a277R67g,aplikasinya mudah difahami juga tidak ribet.,5,1,3.0,2020-04-19 17:02:47,,,3.0
365d7eab-7fa3-4dc7-887e-84751da74b40,A Google user,https://play-lh.googleusercontent.com/EGemoI2NTXmTsBVtJqk8jxF9rh8ApRWfsIMQSt2uE4OcpQqbFu7f7NbTK05lx80nuSijCz7sc3a277R67g,The app looks promising but how can one clear the previous document from the current printing page. One has to print the old documents along with the current one. That's frustrating !,3,7,2.9,2020-04-19 04:16:00,Please write on support email to know the problem you face,2020-04-19 09:12:47,2.9
5c051d06-bc33-486a-b856-57003bca11d2,A Google user,https://play-lh.googleusercontent.com/EGemoI2NTXmTsBVtJqk8jxF9rh8ApRWfsIMQSt2uE4OcpQqbFu7f7NbTK05lx80nuSijCz7sc3a277R67g,"Very useful, I like this app appreciate the developer team",5,2,2.9,2020-04-18 17:19:35,Thanks for Feedback,2020-04-19 09:13:10,2.9
1bed4786-c1ec-4055-9c4b-5997ec90e4f2,A Google user,https://play-lh.googleusercontent.com/EGemoI2NTXmTsBVtJqk8jxF9rh8ApRWfsIMQSt2uE4OcpQqbFu7f7NbTK05lx80nuSijCz7sc3a277R67g,Good app,5,0,,2020-04-17 06:38:15,,,
b9f6de8b-64ba-403e-81b8-11a70a2d5b23,A Google user,https://play-lh.googleusercontent.com/EGemoI2NTXmTsBVtJqk8jxF9rh8ApRWfsIMQSt2uE4OcpQqbFu7f7NbTK05lx80nuSijCz7sc3a277R67g,Has multiple options for printing types and styles. We find new uses for this application every week.,5,7,2.9,2020-04-16 20:25:13,,,2.9
d56aadad-4ea0-4f78-b3de-8df41f2d1ef5,A Google user,https://play-lh.googleusercontent.com/EGemoI2NTXmTsBVtJqk8jxF9rh8ApRWfsIMQSt2uE4OcpQqbFu7f7NbTK05lx80nuSijCz7sc3a277R67g,Perfect app.,5,1,2.9,2020-04-16 01:44:11,,,2.9
fc41d850-a003-484e-8e7f-a3dc39f1615c,A Google user,https://play-lh.googleusercontent.com/EGemoI2NTXmTsBVtJqk8jxF9rh8ApRWfsIMQSt2uE4OcpQqbFu7f7NbTK05lx80nuSijCz7sc3a277R67g,good exelent,5,1,2.2,2020-04-15 21:22:00,,,2.2
718a1acf-d489-4644-a122-03f5821b5c58,A Google user,https://play-lh.googleusercontent.com/EGemoI2NTXmTsBVtJqk8jxF9rh8ApRWfsIMQSt2uE4OcpQqbFu7f7NbTK05lx80nuSijCz7sc3a277R67g,"The app description looked promising to me The trial time was about 3 minutes! During this ""large"" amount of time I had an issue with the too small printed font While I was trying to fix this, the app kicked me off forcing me to buy the premium version, thing that I'd like to do knowing that it actuallly works Other thing, during the 3 min I was repeatedly bombed by the questions: do you agree to ads? do you buy? So I actually had the honor to try it for 1.5 min Figure to try the intents!!!",1,29,2.9,2020-04-12 06:49:41,Printer font is not controlled by application. It uses default font of printers and common formats of ESC POS themal printers. Application does not force users to buy premium version. Instead it uses advertising to run ongoing development and support.,2020-04-12 08:30:23,2.9
1de1d2f8-d3d4-4123-8655-5adb18ee630c,A Google user,https://play-lh.googleusercontent.com/EGemoI2NTXmTsBVtJqk8jxF9rh8ApRWfsIMQSt2uE4OcpQqbFu7f7NbTK05lx80nuSijCz7sc3a277R67g,"User friendly, very easy to use..",5,2,2.9,2020-04-10 12:04:32,,,2.9
46ff17f9-80dc-4e39-a4ac-bff70d4d4dfb,A Google user,https://play-lh.googleusercontent.com/EGemoI2NTXmTsBVtJqk8jxF9rh8ApRWfsIMQSt2uE4OcpQqbFu7f7NbTK05lx80nuSijCz7sc3a277R67g,Ok pokoknyaa gampang pakainya,5,1,2.9,2020-04-06 10:37:52,,,2.9
72191412-8855-4bae-8e56-eff691f8607e,A Google user,https://play-lh.googleusercontent.com/EGemoI2NTXmTsBVtJqk8jxF9rh8ApRWfsIMQSt2uE4OcpQqbFu7f7NbTK05lx80nuSijCz7sc3a277R67g,Greate app... work well,5,1,2.9,2020-04-04 20:51:03,,,2.9
72e05e0a-1899-4de8-bcfb-cc9f102c8409,A Google user,https://play-lh.googleusercontent.com/EGemoI2NTXmTsBVtJqk8jxF9rh8ApRWfsIMQSt2uE4OcpQqbFu7f7NbTK05lx80nuSijCz7sc3a277R67g,Very easy printing solutions and technical support,5,2,,2020-04-01 16:27:12,,,
d383255a-7bd4-4d38-9ad0-f89b5330c4e9,A Google user,https://play-lh.googleusercontent.com/EGemoI2NTXmTsBVtJqk8jxF9rh8ApRWfsIMQSt2uE4OcpQqbFu7f7NbTK05lx80nuSijCz7sc3a277R67g,very useful for my work. you can print almost anything on Bluetooth printer. all characters printing correctly.,5,17,,2020-04-01 12:53:19,Thanks for Feedback,2020-04-02 12:10:55,
80a25fc8-4e8c-4ed0-8cf3-860f617b6b62,A Google user,https://play-lh.googleusercontent.com/EGemoI2NTXmTsBVtJqk8jxF9rh8ApRWfsIMQSt2uE4OcpQqbFu7f7NbTK05lx80nuSijCz7sc3a277R67g,Used many apps but this one is really useful among all. I am able to use in my daily work easily. Thanks to developer,5,4,,2020-03-31 14:22:40,,,
6f90d167-dd55-4af5-906e-a6c765ccfbfe,A Google user,https://play-lh.googleusercontent.com/EGemoI2NTXmTsBVtJqk8jxF9rh8ApRWfsIMQSt2uE4OcpQqbFu7f7NbTK05lx80nuSijCz7sc3a277R67g,"about the cache issue, i already tried chrome, firefox etc but it is still same, i have to wait about 2 minutes until it is printed the right value.. but if i checked the value from url browser, it is true fine, but when i print it, it printed the old value again",3,21,2.9,2020-03-31 11:31:46,It seems cache problem on either your Android browser or server since app fetches real time data only.,2020-04-03 18:11:00,2.9
9528670f-b7bf-4cc7-8b91-a5ff05fa3919,A Google user,https://play-lh.googleusercontent.com/EGemoI2NTXmTsBVtJqk8jxF9rh8ApRWfsIMQSt2uE4OcpQqbFu7f7NbTK05lx80nuSijCz7sc3a277R67g,ads is very annoying. I uninstalled and don't use this app anymore. So sorry,1,1,2.9,2020-03-31 09:45:42,There are very limited number of advertising in the app. Advertisement is required to run ongoing development and support for any free app. If you still want ad free version you can buy ad free version at little cost.,2020-04-02 11:36:40,2.9
7387a16b-9194-4be5-8a71-06cc664df5b1,A Google user,https://play-lh.googleusercontent.com/EGemoI2NTXmTsBVtJqk8jxF9rh8ApRWfsIMQSt2uE4OcpQqbFu7f7NbTK05lx80nuSijCz7sc3a277R67g,very easy to use thanks your apps,5,1,2.9,2020-03-30 18:40:19,Thanks for Feedback,2020-03-30 19:31:54,2.9
eca8458e-b78d-41e9-bd9a-eb3dadc9ca41,A Google user,https://play-lh.googleusercontent.com/EGemoI2NTXmTsBVtJqk8jxF9rh8ApRWfsIMQSt2uE4OcpQqbFu7f7NbTK05lx80nuSijCz7sc3a277R67g,good,5,1,2.9,2020-03-30 07:56:45,Thanks for Feedback,2020-03-30 11:41:59,2.9
e852af86-0d99-426e-9f3f-8d7fa87b5190,A Google user,https://play-lh.googleusercontent.com/EGemoI2NTXmTsBVtJqk8jxF9rh8ApRWfsIMQSt2uE4OcpQqbFu7f7NbTK05lx80nuSijCz7sc3a277R67g,They remoevd the ability to edit current barcode and QR codes. I have a base template and only thing that changes is the barcode,1,6,2.9,2020-03-27 23:14:11,These features are already added in latest version,2020-04-27 13:03:56,2.9
1fcaf421-af29-45dc-8c4d-321ba2aa7e9a,A Google user,https://play-lh.googleusercontent.com/EGemoI2NTXmTsBVtJqk8jxF9rh8ApRWfsIMQSt2uE4OcpQqbFu7f7NbTK05lx80nuSijCz7sc3a277R67g,Good,5,1,2.7,2020-03-27 21:23:54,Thanks for Feedback,2020-03-27 23:37:22,2.7
9cbe1b07-430f-4590-9535-da9cf70f3239,A Google user,https://play-lh.googleusercontent.com/EGemoI2NTXmTsBVtJqk8jxF9rh8ApRWfsIMQSt2uE4OcpQqbFu7f7NbTK05lx80nuSijCz7sc3a277R67g,Damn last update very very bad every print always ads. No need to use this apps again. No user friendly,1,4,2.9,2020-03-27 10:31:55,There are very limited number of advertising in the app. Advertisement is required to run ongoing development and support for any free app. If you still want ad free version you can buy ad free version at little cost.,2020-04-02 11:37:09,2.9
d59f0e50-85ea-40c9-991b-1468023d13a9,A Google user,https://play-lh.googleusercontent.com/EGemoI2NTXmTsBVtJqk8jxF9rh8ApRWfsIMQSt2uE4OcpQqbFu7f7NbTK05lx80nuSijCz7sc3a277R67g,I have not get the connetion,5,2,,2020-03-27 02:23:12,Have any questions? Send an email to know the issue,2020-03-27 11:51:17,
936e2391-1349-4a63-b8e9-ced003ce78f5,A Google user,https://play-lh.googleusercontent.com/EGemoI2NTXmTsBVtJqk8jxF9rh8ApRWfsIMQSt2uE4OcpQqbFu7f7NbTK05lx80nuSijCz7sc3a277R67g,a very usefull apps,5,0,2.7,2020-03-25 09:10:10,Thanks for Feedback,2020-03-25 10:08:54,2.7
dfd8c51b-3a6c-46b8-9a97-0dee6e5a0c2e,A Google user,https://play-lh.googleusercontent.com/EGemoI2NTXmTsBVtJqk8jxF9rh8ApRWfsIMQSt2uE4OcpQqbFu7f7NbTK05lx80nuSijCz7sc3a277R67g,"Great app unfortunately there is no way to delete entries. If you hold the entry just gives you the option to edit or move. Fixing it would give you 5 stars! Updating to 5 stars. The developer fixed it after showing him the error. Not only great app but great support. Just write him an email if you see something that can be improved, that's what I did.",5,29,2.7,2020-03-20 17:52:06,Thanks for Feedback,2020-03-21 10:39:34,2.7
e10ff7b7-5722-4061-97ba-5a70e09302e1,A Google user,https://play-lh.googleusercontent.com/EGemoI2NTXmTsBVtJqk8jxF9rh8ApRWfsIMQSt2uE4OcpQqbFu7f7NbTK05lx80nuSijCz7sc3a277R67g,Very good this app Tilok das,4,0,2.7,2020-03-14 10:01:54,,,2.7
0e1222f4-e278-44d0-a20d-23e1a1ed757f,A Google user,https://play-lh.googleusercontent.com/EGemoI2NTXmTsBVtJqk8jxF9rh8ApRWfsIMQSt2uE4OcpQqbFu7f7NbTK05lx80nuSijCz7sc3a277R67g,Easy to use.. so far so gooood..,5,0,2.4,2020-03-06 08:07:22,Thanks for Feedback,2020-03-07 16:46:20,2.4
57db4076-3496-4cd9-b6da-d8608e5f063a,A Google user,https://play-lh.googleusercontent.com/EGemoI2NTXmTsBVtJqk8jxF9rh8ApRWfsIMQSt2uE4OcpQqbFu7f7NbTK05lx80nuSijCz7sc3a277R67g,Friendly user. Can easily connect to my bluetooth printer. Thanks.,5,4,2.7,2020-03-04 13:54:22,Thanks for Feedback,2020-03-04 16:00:19,2.7
ae50a093-7fef-4f8e-a280-f8d863238901,A Google user,https://play-lh.googleusercontent.com/EGemoI2NTXmTsBVtJqk8jxF9rh8ApRWfsIMQSt2uE4OcpQqbFu7f7NbTK05lx80nuSijCz7sc3a277R67g,why the ad button to auto date and time remove?,3,0,2.7,2020-03-02 19:20:12,You need to enable short codes before using auto date and time. Go to settings-&gt;Short codes,2020-03-02 23:15:56,2.7
e0b48ba0-2d67-401b-b113-a9f00511e274,A Google user,https://play-lh.googleusercontent.com/EGemoI2NTXmTsBVtJqk8jxF9rh8ApRWfsIMQSt2uE4OcpQqbFu7f7NbTK05lx80nuSijCz7sc3a277R67g,"Works great. Just wish I could delete entries. If there is a way, I can't find it. Otherwise thank you for a great app!",3,9,2.7,2020-02-29 20:06:41,You can long press an entry to delete,2020-02-29 20:16:13,2.7
ea799525-d931-45b0-a633-8e3f113e138f,A Google user,https://play-lh.googleusercontent.com/EGemoI2NTXmTsBVtJqk8jxF9rh8ApRWfsIMQSt2uE4OcpQqbFu7f7NbTK05lx80nuSijCz7sc3a277R67g,"Intermitent connection error, that is, ""cannot connect printer"" message occuring irregularly. App is perfect without connect to printer error.",5,4,2.4,2020-02-28 14:46:20,,,2.4
4d8224c9-b146-4f4b-9cad-c460836fa40d,A Google user,https://play-lh.googleusercontent.com/EGemoI2NTXmTsBVtJqk8jxF9rh8ApRWfsIMQSt2uE4OcpQqbFu7f7NbTK05lx80nuSijCz7sc3a277R67g,Sangat membantu...,5,1,2.7,2020-02-28 06:08:41,,,2.7
1566013f-72e9-445a-a46c-d5ada6c1619e,A Google user,https://play-lh.googleusercontent.com/EGemoI2NTXmTsBVtJqk8jxF9rh8ApRWfsIMQSt2uE4OcpQqbFu7f7NbTK05lx80nuSijCz7sc3a277R67g,worst app ever,1,0,2.7,2020-02-25 13:51:29,Let me know if you face any issues while using the app. Will try to resolve this on priority. Send an email to know the exact issue,2020-02-25 15:13:40,2.7
b716ee65-054c-49c7-a4f7-10d47e0c3dd2,A Google user,https://play-lh.googleusercontent.com/EGemoI2NTXmTsBVtJqk8jxF9rh8ApRWfsIMQSt2uE4OcpQqbFu7f7NbTK05lx80nuSijCz7sc3a277R67g,Great app.😁,5,1,2.7,2020-02-25 02:19:14,Thanks the feedback,2020-02-25 15:16:08,2.7
ef03390f-0203-4fbc-8dd3-157ffa971e18,A Google user,https://play-lh.googleusercontent.com/EGemoI2NTXmTsBVtJqk8jxF9rh8ApRWfsIMQSt2uE4OcpQqbFu7f7NbTK05lx80nuSijCz7sc3a277R67g,This app is cool but I'm still having issues with image printing,4,3,2.7,2020-02-21 15:00:26,,,2.7
0e509f77-cd57-408b-96df-34b7c25387b1,A Google user,https://play-lh.googleusercontent.com/EGemoI2NTXmTsBVtJqk8jxF9rh8ApRWfsIMQSt2uE4OcpQqbFu7f7NbTK05lx80nuSijCz7sc3a277R67g,Easy to use. Quick to understand.,5,2,2.6,2020-02-21 07:50:40,,,2.6
9464e976-f573-4896-a28f-884ea1788006,A Google user,https://play-lh.googleusercontent.com/EGemoI2NTXmTsBVtJqk8jxF9rh8ApRWfsIMQSt2uE4OcpQqbFu7f7NbTK05lx80nuSijCz7sc3a277R67g,connected and working very quickly,5,1,2.6,2020-02-19 01:31:33,,,2.6
dda2df9a-f3e8-4146-ba9f-2db1eb2dbe3a,A Google user,https://play-lh.googleusercontent.com/EGemoI2NTXmTsBVtJqk8jxF9rh8ApRWfsIMQSt2uE4OcpQqbFu7f7NbTK05lx80nuSijCz7sc3a277R67g,"Why does it need my location if I'm using bluetooth? I don't like apps that always want to access my location, I don't even like my own family knowing where I am why would I want a app tracking my location? To intrusive for me going to be returning my printer my location should be my choice to provide not made mandatory in order to use the app...smh technology is just a red herring made to keep tabs on everyone and it invades our right to privacy...",2,35,2.5,2020-02-15 21:36:21,Location permission is removed from the app,2021-04-05 17:12:17,2.5
e46413b4-cb5e-43d6-9a9c-8557e5c82c50,A Google user,https://play-lh.googleusercontent.com/EGemoI2NTXmTsBVtJqk8jxF9rh8ApRWfsIMQSt2uE4OcpQqbFu7f7NbTK05lx80nuSijCz7sc3a277R67g,"Great app very easy to used it help me a lot to print typing receipts with my android phones. It will be more better for users if you can add option of editing in Text (Multi Format) as it is text, left right data and tabular data. in save text and retrive entries. Thanks for the great work done",5,15,2.5,2020-02-14 15:14:31,,,2.5
ae3a932c-4c87-4e0a-8977-018e98cd64c7,A Google user,https://play-lh.googleusercontent.com/EGemoI2NTXmTsBVtJqk8jxF9rh8ApRWfsIMQSt2uE4OcpQqbFu7f7NbTK05lx80nuSijCz7sc3a277R67g,Good,5,1,2.2,2020-02-12 19:22:17,,,2.2
8bbc8d46-e997-411c-a863-2a5500f343da,A Google user,https://play-lh.googleusercontent.com/EGemoI2NTXmTsBVtJqk8jxF9rh8ApRWfsIMQSt2uE4OcpQqbFu7f7NbTK05lx80nuSijCz7sc3a277R67g,Nice software in its category,5,0,,2020-02-12 17:47:45,,,
0dc5ee1b-dfa0-4bbc-a001-494a6e22fdd9,A Google user,https://play-lh.googleusercontent.com/EGemoI2NTXmTsBVtJqk8jxF9rh8ApRWfsIMQSt2uE4OcpQqbFu7f7NbTK05lx80nuSijCz7sc3a277R67g,Great,5,1,2.5,2020-02-12 01:08:57,,,2.5
a06801e8-4526-4126-9dd6-b76b58c91e4e,A Google user,https://play-lh.googleusercontent.com/EGemoI2NTXmTsBVtJqk8jxF9rh8ApRWfsIMQSt2uE4OcpQqbFu7f7NbTK05lx80nuSijCz7sc3a277R67g,"great, helpfully and easy to use",5,1,,2020-02-10 15:31:17,,,
afd55de4-f22c-43b2-9e04-57e34c2ef18b,A Google user,https://play-lh.googleusercontent.com/EGemoI2NTXmTsBVtJqk8jxF9rh8ApRWfsIMQSt2uE4OcpQqbFu7f7NbTK05lx80nuSijCz7sc3a277R67g,Work with smooth,5,0,,2020-02-09 14:42:17,,,
b0a4b0bf-6e34-4f68-9c74-a9667c155679,A Google user,https://play-lh.googleusercontent.com/EGemoI2NTXmTsBVtJqk8jxF9rh8ApRWfsIMQSt2uE4OcpQqbFu7f7NbTK05lx80nuSijCz7sc3a277R67g,"very good, i use web app for printing",5,1,2.4,2020-02-01 10:25:20,,,2.4
4baf1b3e-dc6b-4d1a-8218-82bb230e0dec,A Google user,https://play-lh.googleusercontent.com/EGemoI2NTXmTsBVtJqk8jxF9rh8ApRWfsIMQSt2uE4OcpQqbFu7f7NbTK05lx80nuSijCz7sc3a277R67g,can u make it so that u can make the letters bigger and smaller at the same line,3,2,2.2,2020-01-30 19:34:57,Please check latest version. You will see one more function to do so,2020-02-08 17:58:37,2.2
4f17328b-a776-49db-b66d-5a0d0b2eea5b,A Google user,https://play-lh.googleusercontent.com/EGemoI2NTXmTsBVtJqk8jxF9rh8ApRWfsIMQSt2uE4OcpQqbFu7f7NbTK05lx80nuSijCz7sc3a277R67g,"Nice app it beats all that I have used so far, user friendly interface",5,1,2.2,2020-01-23 13:23:32,,,2.2
480f8f8f-8551-4ee7-b4f1-6e15e7799fef,A Google user,https://play-lh.googleusercontent.com/EGemoI2NTXmTsBVtJqk8jxF9rh8ApRWfsIMQSt2uE4OcpQqbFu7f7NbTK05lx80nuSijCz7sc3a277R67g,Now the apps work perfectly. The developer works on my issue very fast and cooperative. Thank you for your great app and cooperation.,5,10,2.3,2020-01-17 09:32:22,"As per your request on email, I gave updated app and resolved query on priority. Please support for development efforts and quick service on priority.",2020-01-16 17:35:49,2.3
9356775b-9e31-4fa8-9e0d-8f21e4b118ad,A Google user,https://play-lh.googleusercontent.com/EGemoI2NTXmTsBVtJqk8jxF9rh8ApRWfsIMQSt2uE4OcpQqbFu7f7NbTK05lx80nuSijCz7sc3a277R67g,Bahut Nik,1,1,2.2,2020-01-10 01:03:45,,,2.2
4bdbb5b8-f1da-4c9d-9e1e-50c1bd6cf0fd,A Google user,https://play-lh.googleusercontent.com/EGemoI2NTXmTsBVtJqk8jxF9rh8ApRWfsIMQSt2uE4OcpQqbFu7f7NbTK05lx80nuSijCz7sc3a277R67g,Works with all Bluetooth printers,5,0,,2020-01-03 10:54:20,,,
22db2c02-fc0c-448e-90e8-b805ee32b3a9,A Google user,https://play-lh.googleusercontent.com/EGemoI2NTXmTsBVtJqk8jxF9rh8ApRWfsIMQSt2uE4OcpQqbFu7f7NbTK05lx80nuSijCz7sc3a277R67g,Good,3,1,2.2,2019-12-26 20:24:47,,,2.2
3e4afca9-b145-4911-81b8-042809641577,A Google user,https://play-lh.googleusercontent.com/EGemoI2NTXmTsBVtJqk8jxF9rh8ApRWfsIMQSt2uE4OcpQqbFu7f7NbTK05lx80nuSijCz7sc3a277R67g,Good,4,1,1.9,2019-12-19 14:48:37,,,1.9
85f3b0bc-5462-45bd-a615-f1dbbf199b89,A Google user,https://play-lh.googleusercontent.com/EGemoI2NTXmTsBVtJqk8jxF9rh8ApRWfsIMQSt2uE4OcpQqbFu7f7NbTK05lx80nuSijCz7sc3a277R67g,App crashes when I try to share an intent with text for printing,2,16,2.2,2019-12-18 11:17:29,This issue is already fixed in latest version,2020-02-08 18:46:03,2.2
a07f070d-680c-43ad-8442-e54a119229f2,A Google user,https://play-lh.googleusercontent.com/EGemoI2NTXmTsBVtJqk8jxF9rh8ApRWfsIMQSt2uE4OcpQqbFu7f7NbTK05lx80nuSijCz7sc3a277R67g,Devices,5,0,,2019-12-08 20:48:44,,,
7011c613-3792-4246-97d0-85648f14f64b,A Google user,https://play-lh.googleusercontent.com/EGemoI2NTXmTsBVtJqk8jxF9rh8ApRWfsIMQSt2uE4OcpQqbFu7f7NbTK05lx80nuSijCz7sc3a277R67g,Nice app,5,0,,2019-12-02 18:59:17,,,
020ec4ba-704b-4cd3-9e10-12434c62be7b,A Google user,https://play-lh.googleusercontent.com/EGemoI2NTXmTsBVtJqk8jxF9rh8ApRWfsIMQSt2uE4OcpQqbFu7f7NbTK05lx80nuSijCz7sc3a277R67g,Thank You. Great App.,5,2,2.2,2019-12-01 12:22:27,,,2.2
24cdd229-ef27-4e35-a683-167c09961927,A Google user,https://play-lh.googleusercontent.com/EGemoI2NTXmTsBVtJqk8jxF9rh8ApRWfsIMQSt2uE4OcpQqbFu7f7NbTK05lx80nuSijCz7sc3a277R67g,Nice app work with almost all bluetooth printer. Sir cutter command not work properly with POS bluetooth printer,5,19,,2019-11-27 21:52:23,,,
06532369-22ce-4d46-8c95-788c79992c5d,A Google user,https://play-lh.googleusercontent.com/EGemoI2NTXmTsBVtJqk8jxF9rh8ApRWfsIMQSt2uE4OcpQqbFu7f7NbTK05lx80nuSijCz7sc3a277R67g,"I give 5 stars,its work thank you",5,0,2.2,2019-11-26 10:07:19,,,2.2
225a872a-3c04-4b15-bad7-467683543ac0,A Google user,https://play-lh.googleusercontent.com/EGemoI2NTXmTsBVtJqk8jxF9rh8ApRWfsIMQSt2uE4OcpQqbFu7f7NbTK05lx80nuSijCz7sc3a277R67g,Thank you,5,1,2.1,2019-11-08 07:36:27,,,2.1
84713523-b3bd-4925-8c7f-6c05155d54e6,A Google user,https://play-lh.googleusercontent.com/EGemoI2NTXmTsBVtJqk8jxF9rh8ApRWfsIMQSt2uE4OcpQqbFu7f7NbTK05lx80nuSijCz7sc3a277R67g,Wow I can print any kind of text on my bluetooth thermal printer. nice app,5,3,1.4,2019-11-07 14:45:14,Thanks for the review,2019-09-10 14:17:27,1.4
933084b5-bd1a-4c22-b847-0e6d141f4244,A Google user,https://play-lh.googleusercontent.com/EGemoI2NTXmTsBVtJqk8jxF9rh8ApRWfsIMQSt2uE4OcpQqbFu7f7NbTK05lx80nuSijCz7sc3a277R67g,"This version can't select image, old version 1.2 can select image, please fix it, thanks",2,5,1.2,2019-10-18 10:48:06,Let me know if you have any issues in latest version,2019-11-25 13:16:03,1.2
8cc6f5e2-b684-4de5-b897-096a3360e59e,A Google user,https://play-lh.googleusercontent.com/EGemoI2NTXmTsBVtJqk8jxF9rh8ApRWfsIMQSt2uE4OcpQqbFu7f7NbTK05lx80nuSijCz7sc3a277R67g,OK.. Nice to try..,5,0,,2019-10-02 16:20:52,,,
0136cd0b-1140-462d-becc-cd64da97024d,A Google user,https://play-lh.googleusercontent.com/EGemoI2NTXmTsBVtJqk8jxF9rh8ApRWfsIMQSt2uE4OcpQqbFu7f7NbTK05lx80nuSijCz7sc3a277R67g,Sip,4,1,2.1,2019-10-01 19:07:45,,,2.1
337734f4-95a1-49fb-92c9-97b072e04b93,A Google user,https://play-lh.googleusercontent.com/EGemoI2NTXmTsBVtJqk8jxF9rh8ApRWfsIMQSt2uE4OcpQqbFu7f7NbTK05lx80nuSijCz7sc3a277R67g,Not universal,1,1,2.1,2019-09-29 20:59:40,,,2.1
ed436e71-9871-485f-a8b3-c44e3af6d208,A Google user,https://play-lh.googleusercontent.com/EGemoI2NTXmTsBVtJqk8jxF9rh8ApRWfsIMQSt2uE4OcpQqbFu7f7NbTK05lx80nuSijCz7sc3a277R67g,"you need to make a full tutorial to print from web using json, cmon i know you can do it for the sake of your app..",5,5,2.1,2019-09-21 12:03:35,,,2.1
e547d169-e4e8-4b35-b8be-c25a24e29540,A Google user,https://play-lh.googleusercontent.com/EGemoI2NTXmTsBVtJqk8jxF9rh8ApRWfsIMQSt2uE4OcpQqbFu7f7NbTK05lx80nuSijCz7sc3a277R67g,The best one of these think,5,2,2.1,2019-09-13 21:22:54,,,2.1
9094eee5-7b82-48f4-938e-aed96411acc8,A Google user,https://play-lh.googleusercontent.com/EGemoI2NTXmTsBVtJqk8jxF9rh8ApRWfsIMQSt2uE4OcpQqbFu7f7NbTK05lx80nuSijCz7sc3a277R67g,"This app is very useful,it will be more helpful if u also provide double bold option and also to make any letter bold and normal in same line.thanks",3,9,1.9,2019-09-09 17:45:55,Please check the latest app version,2020-02-08 18:53:13,1.9
0f671cae-98da-47fa-93aa-47e46b713c40,A Google user,https://play-lh.googleusercontent.com/EGemoI2NTXmTsBVtJqk8jxF9rh8ApRWfsIMQSt2uE4OcpQqbFu7f7NbTK05lx80nuSijCz7sc3a277R67g,Pahle ye app bahut achha run kar raha tha ..but jabse ye blue erro ke nishan aa rahe hai. To problem ho rahi hai...please tell ye blue erro ke nishan kaise hataye,3,1,2.0,2019-09-06 08:55:19,Please send email if you face the issue since this issue does not exist in latest released app versions,2019-09-08 18:46:33,2.0
8d87aa8e-9ce1-47e9-a98c-7333a3d2af5b,A Google user,https://play-lh.googleusercontent.com/EGemoI2NTXmTsBVtJqk8jxF9rh8ApRWfsIMQSt2uE4OcpQqbFu7f7NbTK05lx80nuSijCz7sc3a277R67g,Good,4,1,2.0,2019-09-06 08:31:29,,,2.0
166f2fb3-c912-4924-aa3f-57ca76a45f1f,A Google user,https://play-lh.googleusercontent.com/EGemoI2NTXmTsBVtJqk8jxF9rh8ApRWfsIMQSt2uE4OcpQqbFu7f7NbTK05lx80nuSijCz7sc3a277R67g,Tq. Sangat membantu,5,1,1.9,2019-09-06 05:04:04,,,1.9
fc4ec2ec-5bf6-496a-98fa-1295ff311479,A Google user,https://play-lh.googleusercontent.com/EGemoI2NTXmTsBVtJqk8jxF9rh8ApRWfsIMQSt2uE4OcpQqbFu7f7NbTK05lx80nuSijCz7sc3a277R67g,Usefull,5,1,,2019-09-02 12:53:30,,,
fbc01f6f-6815-4219-a2df-3b3b27d33ca6,A Google user,https://play-lh.googleusercontent.com/EGemoI2NTXmTsBVtJqk8jxF9rh8ApRWfsIMQSt2uE4OcpQqbFu7f7NbTK05lx80nuSijCz7sc3a277R67g,Can you add drag and drop feature? Thanks,5,1,1.8,2019-09-01 10:09:11,Ok thanks for suggestion. This feature implemented in latest releases,2019-09-07 10:16:11,1.8
69db86e5-2cf4-43ea-8bbe-742e9e22d6a8,A Google user,https://play-lh.googleusercontent.com/EGemoI2NTXmTsBVtJqk8jxF9rh8ApRWfsIMQSt2uE4OcpQqbFu7f7NbTK05lx80nuSijCz7sc3a277R67g,Finally an app that can actually print images!,5,0,,2019-08-31 05:24:36,,,
69c14c7c-10a4-43ac-9ea7-173b49a28e3f,A Google user,https://play-lh.googleusercontent.com/EGemoI2NTXmTsBVtJqk8jxF9rh8ApRWfsIMQSt2uE4OcpQqbFu7f7NbTK05lx80nuSijCz7sc3a277R67g,Good app,5,1,1.9,2019-08-29 13:04:40,,,1.9
9256545b-7096-4971-ba7f-ab799ae9ab0b,A Google user,https://play-lh.googleusercontent.com/EGemoI2NTXmTsBVtJqk8jxF9rh8ApRWfsIMQSt2uE4OcpQqbFu7f7NbTK05lx80nuSijCz7sc3a277R67g,"Can someone tell me why I'm getting a little ""a"" in front of all my text when printed. It looks like the a is in place of the number when setting up receipt.... help",3,3,1.9,2019-08-28 05:50:52,,,1.9
e467ab3b-563f-4aee-a146-61917b7612de,A Google user,https://play-lh.googleusercontent.com/EGemoI2NTXmTsBVtJqk8jxF9rh8ApRWfsIMQSt2uE4OcpQqbFu7f7NbTK05lx80nuSijCz7sc3a277R67g,"its work, thanks.. but can u tell my how to print from webpage using json from ASP NET CORE?",5,2,1.9,2019-08-26 13:04:50,,,1.9
b3ddcffb-6c81-4453-8c67-98e4fc0487b4,A Google user,https://play-lh.googleusercontent.com/EGemoI2NTXmTsBVtJqk8jxF9rh8ApRWfsIMQSt2uE4OcpQqbFu7f7NbTK05lx80nuSijCz7sc3a277R67g,Nice app,5,0,,2019-08-25 18:13:55,,,
bd5e53cb-c172-4e60-8bd4-209c5a4fef32,A Google user,https://play-lh.googleusercontent.com/EGemoI2NTXmTsBVtJqk8jxF9rh8ApRWfsIMQSt2uE4OcpQqbFu7f7NbTK05lx80nuSijCz7sc3a277R67g,Good,5,2,1.9,2019-08-19 14:03:57,,,1.9
31ccff01-42ab-4cae-8715-5af00aa8ba45,A Google user,https://play-lh.googleusercontent.com/EGemoI2NTXmTsBVtJqk8jxF9rh8ApRWfsIMQSt2uE4OcpQqbFu7f7NbTK05lx80nuSijCz7sc3a277R67g,"Bagus Saran aja, untuk horizontal line nya ditambahkan yg double line (garis dua) Thanks",4,3,1.9,2019-08-13 21:51:37,,,1.9
9029a490-ea21-4d3a-948a-ffa973d06326,A Google user,https://play-lh.googleusercontent.com/EGemoI2NTXmTsBVtJqk8jxF9rh8ApRWfsIMQSt2uE4OcpQqbFu7f7NbTK05lx80nuSijCz7sc3a277R67g,nice app,5,2,1.9,2019-08-07 22:50:57,,,1.9
f8b98888-6557-4f2a-af39-dc5e86c71dce,A Google user,https://play-lh.googleusercontent.com/EGemoI2NTXmTsBVtJqk8jxF9rh8ApRWfsIMQSt2uE4OcpQqbFu7f7NbTK05lx80nuSijCz7sc3a277R67g,it's usefull for us at this time. if they can integrate it on other app like POS. it will be better and one more thing hope theres a code which can display date and time of printing. thank you.,5,9,1.9,2019-08-05 08:32:11,,,1.9
047ff795-655a-48cd-9cb0-5751c3f22e1c,A Google user,https://play-lh.googleusercontent.com/EGemoI2NTXmTsBVtJqk8jxF9rh8ApRWfsIMQSt2uE4OcpQqbFu7f7NbTK05lx80nuSijCz7sc3a277R67g,Great app,5,1,1.4,2019-07-27 11:51:10,,,1.4
cae19fa9-a40e-4222-9679-535dfd51a9e9,A Google user,https://play-lh.googleusercontent.com/EGemoI2NTXmTsBVtJqk8jxF9rh8ApRWfsIMQSt2uE4OcpQqbFu7f7NbTK05lx80nuSijCz7sc3a277R67g,May I know how to remove entry line & saved entries?,5,2,1.9,2019-07-22 15:22:22,Long press an entry to see remove option,2019-07-23 19:11:42,1.9
104c4d69-b22d-40b7-9c2c-8072c73791be,A Google user,https://play-lh.googleusercontent.com/EGemoI2NTXmTsBVtJqk8jxF9rh8ApRWfsIMQSt2uE4OcpQqbFu7f7NbTK05lx80nuSijCz7sc3a277R67g,"I like, simple & easy to use",5,0,1.9,2019-07-18 14:49:45,,,1.9
5808adba-3fbd-4d9d-82b4-dc28ce27a777,A Google user,https://play-lh.googleusercontent.com/EGemoI2NTXmTsBVtJqk8jxF9rh8ApRWfsIMQSt2uE4OcpQqbFu7f7NbTK05lx80nuSijCz7sc3a277R67g,gut simple,5,2,1.9,2019-07-18 04:22:24,,,1.9
7ac45353-9c41-4cd9-bb66-b16251be06b7,A Google user,https://play-lh.googleusercontent.com/EGemoI2NTXmTsBVtJqk8jxF9rh8ApRWfsIMQSt2uE4OcpQqbFu7f7NbTK05lx80nuSijCz7sc3a277R67g,5 Star app and support from the developer. I have downloaded so many apps but this is the best one. easy to use and setup. many thanks,5,8,1.9,2019-07-08 19:54:05,,,1.9
d69e05a6-ca00-40d5-a8a5-43bf3a418cdc,A Google user,https://play-lh.googleusercontent.com/EGemoI2NTXmTsBVtJqk8jxF9rh8ApRWfsIMQSt2uE4OcpQqbFu7f7NbTK05lx80nuSijCz7sc3a277R67g,Best I've come across as yet excellent,5,0,1.9,2019-07-04 11:41:49,Thanks for the review,2019-07-04 11:59:46,1.9
346e426d-1912-4be9-85fd-eee04a52cfa0,A Google user,https://play-lh.googleusercontent.com/EGemoI2NTXmTsBVtJqk8jxF9rh8ApRWfsIMQSt2uE4OcpQqbFu7f7NbTK05lx80nuSijCz7sc3a277R67g,nice product,5,1,1.9,2019-07-04 08:22:30,Thanks for the review,2019-07-04 11:59:51,1.9
8a32dd4c-e497-447f-a391-1b219f3c062e,A Google user,https://play-lh.googleusercontent.com/EGemoI2NTXmTsBVtJqk8jxF9rh8ApRWfsIMQSt2uE4OcpQqbFu7f7NbTK05lx80nuSijCz7sc3a277R67g,Best One,5,1,1.8,2019-06-26 20:59:53,,,1.8
ee00fe7b-7811-4bdf-a7b2-f54eeec43d25,A Google user,https://play-lh.googleusercontent.com/EGemoI2NTXmTsBVtJqk8jxF9rh8ApRWfsIMQSt2uE4OcpQqbFu7f7NbTK05lx80nuSijCz7sc3a277R67g,how to provide json format to print from website ?,4,0,1.8,2019-06-22 07:14:30,,,1.8
d9fa7016-9f3c-46f5-b26d-abed697c0de8,A Google user,https://play-lh.googleusercontent.com/EGemoI2NTXmTsBVtJqk8jxF9rh8ApRWfsIMQSt2uE4OcpQqbFu7f7NbTK05lx80nuSijCz7sc3a277R67g,good,5,1,,2019-06-13 08:50:52,Thanks for the review,2019-06-14 09:55:52,
1bbbfb86-7558-4195-a7e9-a81252359563,A Google user,https://play-lh.googleusercontent.com/EGemoI2NTXmTsBVtJqk8jxF9rh8ApRWfsIMQSt2uE4OcpQqbFu7f7NbTK05lx80nuSijCz7sc3a277R67g,"thx for the update, but the encoding picker does not work, after selecting encoding form the list it says invalid value",3,3,1.8,2019-06-12 14:51:21,Check latest version and contact on email matetusshar@gmail.com if you still face the issue,2020-02-08 18:54:41,1.8
bf8ded32-2d07-4bde-961b-2ec94f343d74,A Google user,https://play-lh.googleusercontent.com/EGemoI2NTXmTsBVtJqk8jxF9rh8ApRWfsIMQSt2uE4OcpQqbFu7f7NbTK05lx80nuSijCz7sc3a277R67g,best ever.,5,1,1.8,2019-06-10 20:45:38,Thanks for the review,2019-06-11 00:31:58,1.8
c3c93d28-e872-4be3-a7a8-f6bb89297f30,A Google user,https://play-lh.googleusercontent.com/EGemoI2NTXmTsBVtJqk8jxF9rh8ApRWfsIMQSt2uE4OcpQqbFu7f7NbTK05lx80nuSijCz7sc3a277R67g,"no, I used to changing the font size in the app, my printer don't have those options, I have used this app for a while now,",4,9,1.8,2019-06-10 00:32:40,Font size is not controlled in the app. It uses default font size in your printer,2019-06-09 09:44:44,1.8
f0a67875-4459-4edf-9a70-2be10835e492,A Google user,https://play-lh.googleusercontent.com/EGemoI2NTXmTsBVtJqk8jxF9rh8ApRWfsIMQSt2uE4OcpQqbFu7f7NbTK05lx80nuSijCz7sc3a277R67g,it could not connect to my phone to printer to be able to print out my paperwork.,1,16,1.7,2019-05-28 20:38:47,Check is you can connect your thermal printer manually via Android Bluetooth settings,2019-08-26 13:26:49,1.7
874d8f43-2864-45d4-b583-51315c663faa,A Google user,https://play-lh.googleusercontent.com/EGemoI2NTXmTsBVtJqk8jxF9rh8ApRWfsIMQSt2uE4OcpQqbFu7f7NbTK05lx80nuSijCz7sc3a277R67g,very useful app for printing,5,0,,2019-05-26 13:08:38,,,
ba3b3f80-8d8e-44ee-8c6e-8069c89109ca,A Google user,https://play-lh.googleusercontent.com/EGemoI2NTXmTsBVtJqk8jxF9rh8ApRWfsIMQSt2uE4OcpQqbFu7f7NbTK05lx80nuSijCz7sc3a277R67g,mempermudah Dan membantu sekali,4,2,1.7,2019-05-21 12:14:30,,,1.7
5beb6860-c8f5-410b-9ff0-e276f8e438da,A Google user,https://play-lh.googleusercontent.com/EGemoI2NTXmTsBVtJqk8jxF9rh8ApRWfsIMQSt2uE4OcpQqbFu7f7NbTK05lx80nuSijCz7sc3a277R67g,saya ingin font yang lain tidak cuma satu,5,2,1.7,2019-04-24 16:25:13,,,1.7
f6b6f7d9-c745-42a9-aa1a-10c4dae47923,A Google user,https://play-lh.googleusercontent.com/EGemoI2NTXmTsBVtJqk8jxF9rh8ApRWfsIMQSt2uE4OcpQqbFu7f7NbTK05lx80nuSijCz7sc3a277R67g,not good,1,1,1.7,2019-04-09 13:49:38,,,1.7
620584d9-9b3b-498e-a3bf-7de0811c3e8a,A Google user,https://play-lh.googleusercontent.com/EGemoI2NTXmTsBVtJqk8jxF9rh8ApRWfsIMQSt2uE4OcpQqbFu7f7NbTK05lx80nuSijCz7sc3a277R67g,very good app and friendly developer,5,1,1.7,2019-04-01 09:54:22,,,1.7
2b9e4f2a-d465-4315-9a47-c52f11a4bab5,A Google user,https://play-lh.googleusercontent.com/EGemoI2NTXmTsBVtJqk8jxF9rh8ApRWfsIMQSt2uE4OcpQqbFu7f7NbTK05lx80nuSijCz7sc3a277R67g,I am so confused it has a print to my Bluetooth. How will it do. unistall this,1,0,,2019-04-01 02:48:16,,,
502c2ebd-3b05-43d3-bdd8-7913bff35f5a,A Google user,https://play-lh.googleusercontent.com/EGemoI2NTXmTsBVtJqk8jxF9rh8ApRWfsIMQSt2uE4OcpQqbFu7f7NbTK05lx80nuSijCz7sc3a277R67g,Bad app,1,0,,2019-03-30 18:09:43,,,
4d05d868-7b05-48ed-a926-fdfd6594e890,A Google user,https://play-lh.googleusercontent.com/EGemoI2NTXmTsBVtJqk8jxF9rh8ApRWfsIMQSt2uE4OcpQqbFu7f7NbTK05lx80nuSijCz7sc3a277R67g,good app excellent,5,1,,2019-03-27 21:50:57,,,
5bc1cce1-9d57-4ad5-b910-a237fb181a36,A Google user,https://play-lh.googleusercontent.com/EGemoI2NTXmTsBVtJqk8jxF9rh8ApRWfsIMQSt2uE4OcpQqbFu7f7NbTK05lx80nuSijCz7sc3a277R67g,very nice. i used it now,5,0,1.7,2019-03-26 21:18:51,,,1.7
b028b01d-4ab8-472d-8783-069044fb60a4,A Google user,https://play-lh.googleusercontent.com/EGemoI2NTXmTsBVtJqk8jxF9rh8ApRWfsIMQSt2uE4OcpQqbFu7f7NbTK05lx80nuSijCz7sc3a277R67g,"Hi, could you add some features and fix bug(maybe): 1. Edit text with option like new entry. So if i've added text and then i want to change the option with edit, can tt shows the option like when i want to add new text or others? 2. Image adding force close. I want to add image for my logo, i've tried some file extensions and resolutions, but it keep force close the app. I am using samsung A8+ if you need my device information. I've sent you an email, i've bought your app.",5,22,1.7,2019-03-16 12:42:14,The latest app version has duplicate entry feature that you can use to edit like a new entry,2023-11-19 10:42:53,1.7
4a8294de-589c-4b2a-bed9-30a9d54d54bd,A Google user,https://play-lh.googleusercontent.com/EGemoI2NTXmTsBVtJqk8jxF9rh8ApRWfsIMQSt2uE4OcpQqbFu7f7NbTK05lx80nuSijCz7sc3a277R67g,great app,4,2,1.7,2019-03-15 06:00:06,,,1.7
c279af59-b9cb-40cb-94c8-e2fd6d48dc6f,A Google user,https://play-lh.googleusercontent.com/EGemoI2NTXmTsBVtJqk8jxF9rh8ApRWfsIMQSt2uE4OcpQqbFu7f7NbTK05lx80nuSijCz7sc3a277R67g,Nice App,5,1,1.7,2019-03-12 17:50:54,,,1.7
efddc5e7-45c6-4e43-9526-5bd5eb93eedb,A Google user,https://play-lh.googleusercontent.com/EGemoI2NTXmTsBVtJqk8jxF9rh8ApRWfsIMQSt2uE4OcpQqbFu7f7NbTK05lx80nuSijCz7sc3a277R67g,best printing app,5,0,,2019-03-09 20:28:39,,,
d9f4eb56-b8d5-4f40-b986-8a3480297532,A Google user,https://play-lh.googleusercontent.com/EGemoI2NTXmTsBVtJqk8jxF9rh8ApRWfsIMQSt2uE4OcpQqbFu7f7NbTK05lx80nuSijCz7sc3a277R67g,good one need minor changes..,4,0,1.7,2019-03-01 12:30:56,,,1.7
e753779f-4e4a-4897-abf4-4667c90e71ce,A Google user,https://play-lh.googleusercontent.com/EGemoI2NTXmTsBVtJqk8jxF9rh8ApRWfsIMQSt2uE4OcpQqbFu7f7NbTK05lx80nuSijCz7sc3a277R67g,not working.fake,1,0,1.7,2019-02-28 15:00:02,,,1.7
c8fe74ef-9017-4a08-ba31-1dc840bc3528,A Google user,https://play-lh.googleusercontent.com/EGemoI2NTXmTsBVtJqk8jxF9rh8ApRWfsIMQSt2uE4OcpQqbFu7f7NbTK05lx80nuSijCz7sc3a277R67g,kenapa setelah di update tidak bisa mencetak gambar spt dulu😭,4,1,1.7,2019-02-19 09:25:32,,,1.7
6a7067fb-8116-446a-bd23-91e3ea8e88c2,A Google user,https://play-lh.googleusercontent.com/EGemoI2NTXmTsBVtJqk8jxF9rh8ApRWfsIMQSt2uE4OcpQqbFu7f7NbTK05lx80nuSijCz7sc3a277R67g,work great...to print queue ticket number,5,0,1.7,2019-02-12 19:13:01,,,1.7
7147c4be-122e-461c-a2ed-4777b7070fd5,A Google user,https://play-lh.googleusercontent.com/EGemoI2NTXmTsBVtJqk8jxF9rh8ApRWfsIMQSt2uE4OcpQqbFu7f7NbTK05lx80nuSijCz7sc3a277R67g,"Work perfectly 👍🏻 now I can print voucher from Mikhmon, thanks. 🙏",5,12,1.7,2019-02-08 15:56:42,,,1.7
e9b3586b-0a99-4685-bbf9-819d0e73a073,A Google user,https://play-lh.googleusercontent.com/EGemoI2NTXmTsBVtJqk8jxF9rh8ApRWfsIMQSt2uE4OcpQqbFu7f7NbTK05lx80nuSijCz7sc3a277R67g,very useful for printing anything on Bluetooth thermal printer,5,0,,2019-02-05 16:41:37,,,
28ef45a0-59d9-4abd-a61a-cf34339d7155,A Google user,https://play-lh.googleusercontent.com/EGemoI2NTXmTsBVtJqk8jxF9rh8ApRWfsIMQSt2uE4OcpQqbFu7f7NbTK05lx80nuSijCz7sc3a277R67g,i am not able to print multi language,2,15,1.7,2019-01-31 02:55:50,,,1.7
a28134ae-b21f-4922-8f2e-6beb1f399be7,A Google user,https://play-lh.googleusercontent.com/EGemoI2NTXmTsBVtJqk8jxF9rh8ApRWfsIMQSt2uE4OcpQqbFu7f7NbTK05lx80nuSijCz7sc3a277R67g,love it,5,2,1.7,2019-01-27 10:26:21,Thanks for the review,2019-01-27 11:40:59,1.7
11099f55-e8d7-4446-87ff-030b3239adbc,A Google user,https://play-lh.googleusercontent.com/EGemoI2NTXmTsBVtJqk8jxF9rh8ApRWfsIMQSt2uE4OcpQqbFu7f7NbTK05lx80nuSijCz7sc3a277R67g,hi not suport persian text utf-8 plz fix this and make direct print from pdf file or text tnx,3,3,1.7,2019-01-26 01:17:10,You must know using codepage and encoding text for this,2019-01-27 11:41:55,1.7
45b59632-1999-449a-85ba-5ded9bf47bff,A Google user,https://play-lh.googleusercontent.com/EGemoI2NTXmTsBVtJqk8jxF9rh8ApRWfsIMQSt2uE4OcpQqbFu7f7NbTK05lx80nuSijCz7sc3a277R67g,i can't print image with the latest version. why?,5,3,1.5,2018-12-29 08:38:34,,,1.5
3a9fc32b-cd8e-4f87-8d42-8aa232b3358f,A Google user,https://play-lh.googleusercontent.com/EGemoI2NTXmTsBVtJqk8jxF9rh8ApRWfsIMQSt2uE4OcpQqbFu7f7NbTK05lx80nuSijCz7sc3a277R67g,Too hard to use. Developer not willing to help.,1,1,,2018-12-26 03:02:25,Bluetooth print is for printing data on thermal printers. This is not a billing software. It is impossible to integrate billing software features into the app as you requested.,2018-12-27 12:06:56,
3d174cfe-cef8-413e-acb4-6a34405b2522,A Google user,https://play-lh.googleusercontent.com/EGemoI2NTXmTsBVtJqk8jxF9rh8ApRWfsIMQSt2uE4OcpQqbFu7f7NbTK05lx80nuSijCz7sc3a277R67g,"Overall good. Btw, i want to print from web, what the format i should provide in JSON ?",4,9,1.5,2018-12-25 22:03:57,,,1.5
09b75c54-c8a4-4ee6-82f7-babc7dcd6dbe,A Google user,https://play-lh.googleusercontent.com/EGemoI2NTXmTsBVtJqk8jxF9rh8ApRWfsIMQSt2uE4OcpQqbFu7f7NbTK05lx80nuSijCz7sc3a277R67g,"Very awesome developer. Quick response to fix android oreo bugs, bugs import files on Android oreo now has been FIXED.. I will donate to you, by purchasing remove ads. THANK YOU SIR",5,5,1.4,2018-12-21 17:26:44,Thanks for the review,2018-12-21 19:28:13,1.4
436b4233-afa4-4b58-95d4-7313be877f24,A Google user,https://play-lh.googleusercontent.com/EGemoI2NTXmTsBVtJqk8jxF9rh8ApRWfsIMQSt2uE4OcpQqbFu7f7NbTK05lx80nuSijCz7sc3a277R67g,can you add the option about .doc or .docx files printing?,5,0,1.4,2018-12-21 11:16:41,,,1.4
8bb854c2-348f-4403-ae55-a1a5cee47074,A Google user,https://play-lh.googleusercontent.com/EGemoI2NTXmTsBVtJqk8jxF9rh8ApRWfsIMQSt2uE4OcpQqbFu7f7NbTK05lx80nuSijCz7sc3a277R67g,very helpful,5,1,1.4,2018-12-19 20:24:53,,,1.4
986ef430-0c62-423c-a774-ae6fc0f44d15,A Google user,https://play-lh.googleusercontent.com/EGemoI2NTXmTsBVtJqk8jxF9rh8ApRWfsIMQSt2uE4OcpQqbFu7f7NbTK05lx80nuSijCz7sc3a277R67g,"best bluetooth printer apps ever , but any short code for auto count total amount ?",5,1,1.4,2018-12-17 12:22:55,auto count feature is not suitable,2018-12-17 12:29:18,1.4
e53bfd5e-57d5-4f0e-86c1-c102bab2d4a7,A Google user,https://play-lh.googleusercontent.com/EGemoI2NTXmTsBVtJqk8jxF9rh8ApRWfsIMQSt2uE4OcpQqbFu7f7NbTK05lx80nuSijCz7sc3a277R67g,Ok,5,2,1.4,2018-11-12 12:25:20,,,1.4
18e5491d-0e0a-4782-ad27-2d4cbb278a4b,A Google user,https://play-lh.googleusercontent.com/EGemoI2NTXmTsBVtJqk8jxF9rh8ApRWfsIMQSt2uE4OcpQqbFu7f7NbTK05lx80nuSijCz7sc3a277R67g,It's fabulous...,5,0,,2018-11-01 17:37:20,,,
dde7e1a2-ab60-4888-88f4-173b3b058ab9,A Google user,https://play-lh.googleusercontent.com/EGemoI2NTXmTsBVtJqk8jxF9rh8ApRWfsIMQSt2uE4OcpQqbFu7f7NbTK05lx80nuSijCz7sc3a277R67g,Good,5,1,1.4,2018-10-15 20:51:45,,,1.4
f48ecdb3-5654-4cba-b514-df5b4c4baa17,A Google user,https://play-lh.googleusercontent.com/EGemoI2NTXmTsBVtJqk8jxF9rh8ApRWfsIMQSt2uE4OcpQqbFu7f7NbTK05lx80nuSijCz7sc3a277R67g,Sepertinya bagus,4,2,1.4,2018-10-11 09:17:56,,,1.4
29623126-bc86-49b7-bd72-eaf76935fa91,A Google user,https://play-lh.googleusercontent.com/EGemoI2NTXmTsBVtJqk8jxF9rh8ApRWfsIMQSt2uE4OcpQqbFu7f7NbTK05lx80nuSijCz7sc3a277R67g,"It's the best app. But when I print out for my language, the text it's like this ""??????"". So can you fix it, please? My language is Khmer (Cambodia)... Thank you",4,11,1.4,2018-09-08 08:13:45,,,1.4
8a17413f-9145-43ed-8104-c412fcb8d5ae,A Google user,https://play-lh.googleusercontent.com/EGemoI2NTXmTsBVtJqk8jxF9rh8ApRWfsIMQSt2uE4OcpQqbFu7f7NbTK05lx80nuSijCz7sc3a277R67g,This is an amazing App. The print from website browser function is useful. Developer is very helpful to answer my questions too. I hope the next version can support line feed in website browser printing.,5,10,1.4,2018-08-23 00:29:47,,,1.4
32fb2a80-0932-428c-83b8-55a7dea7e9f4,A Google user,https://play-lh.googleusercontent.com/EGemoI2NTXmTsBVtJqk8jxF9rh8ApRWfsIMQSt2uE4OcpQqbFu7f7NbTK05lx80nuSijCz7sc3a277R67g,very nice....,5,0,,2018-08-21 09:46:26,,,
c4064c92-211b-4054-8627-32fea0118947,A Google user,https://play-lh.googleusercontent.com/EGemoI2NTXmTsBVtJqk8jxF9rh8ApRWfsIMQSt2uE4OcpQqbFu7f7NbTK05lx80nuSijCz7sc3a277R67g,Awesome! Keep up your good work!,5,2,1.4,2018-08-16 19:42:12,,,1.4
52c74e11-546c-4447-9068-6db328efcc47,A Google user,https://play-lh.googleusercontent.com/EGemoI2NTXmTsBVtJqk8jxF9rh8ApRWfsIMQSt2uE4OcpQqbFu7f7NbTK05lx80nuSijCz7sc3a277R67g,Best concept for bt printer,5,1,1.4,2018-08-10 13:23:04,,,1.4
7e18141b-479e-496d-8a76-99f0ba9fddf2,A Google user,https://play-lh.googleusercontent.com/EGemoI2NTXmTsBVtJqk8jxF9rh8ApRWfsIMQSt2uE4OcpQqbFu7f7NbTK05lx80nuSijCz7sc3a277R67g,Ok,5,0,,2018-08-06 10:56:10,,,
9c015e60-f184-4d23-b553-de7c83bcfea3,A Google user,https://play-lh.googleusercontent.com/EGemoI2NTXmTsBVtJqk8jxF9rh8ApRWfsIMQSt2uE4OcpQqbFu7f7NbTK05lx80nuSijCz7sc3a277R67g,the QR string length supported is smaller than what would otherwise be  required. can you work on that and increase the string length. Other than  that it's superb,5,2,1.4,2018-07-28 14:32:26,Thanks for feedback,2018-07-27 16:35:11,1.4
73ab9939-8d88-402a-a0ec-c7d8f397c583,A Google user,https://play-lh.googleusercontent.com/EGemoI2NTXmTsBVtJqk8jxF9rh8ApRWfsIMQSt2uE4OcpQqbFu7f7NbTK05lx80nuSijCz7sc3a277R67g,Very good app,5,1,1.4,2018-07-26 22:33:27,,,1.4
b4a6b302-b0e5-416a-8514-2840874c2627,A Google user,https://play-lh.googleusercontent.com/EGemoI2NTXmTsBVtJqk8jxF9rh8ApRWfsIMQSt2uE4OcpQqbFu7f7NbTK05lx80nuSijCz7sc3a277R67g,"Hi sir, can u please upload a documentation on how to use website/browser , 
or even a video tutorial because i tried to use it but didn't go",5,1,1.4,2018-07-26 04:23:19,Follow the procedure given app properly,2018-07-26 11:19:19,1.4
101f3033-5c3b-4295-b5d2-f40f85d374f3,A Google user,https://play-lh.googleusercontent.com/EGemoI2NTXmTsBVtJqk8jxF9rh8ApRWfsIMQSt2uE4OcpQqbFu7f7NbTK05lx80nuSijCz7sc3a277R67g,"I like this apps, very easy for me to use, 😁",5,1,1.3,2018-07-24 20:42:54,,,1.3
aa67e14c-9242-4467-b754-e97d6e1c4901,A Google user,https://play-lh.googleusercontent.com/EGemoI2NTXmTsBVtJqk8jxF9rh8ApRWfsIMQSt2uE4OcpQqbFu7f7NbTK05lx80nuSijCz7sc3a277R67g,Excellent,5,1,1.3,2018-07-24 07:26:52,,,1.3
21999352-3f7a-4b1c-93ec-13525717e4a8,A Google user,https://play-lh.googleusercontent.com/EGemoI2NTXmTsBVtJqk8jxF9rh8ApRWfsIMQSt2uE4OcpQqbFu7f7NbTK05lx80nuSijCz7sc3a277R67g,I Like it,4,2,1.3,2018-07-20 13:38:56,,,1.3
113ce041-1baa-4dbc-997b-1d6cb64c7f54,A Google user,https://play-lh.googleusercontent.com/EGemoI2NTXmTsBVtJqk8jxF9rh8ApRWfsIMQSt2uE4OcpQqbFu7f7NbTK05lx80nuSijCz7sc3a277R67g,"Aplikasi bagus Untuk saran ketika memasukan gambar/foto coba dilempar ke 
galeri jd bsa liat fto mana yg dpilih... kalo yg skrg brdsarkan nama file 
nya jd susah jg kdang slah milih file fotonya",5,1,1.2,2018-07-06 05:40:01,,,1.2
c59607d3-0fbf-4129-86b3-d9ae4b6cdbc3,A Google user,https://play-lh.googleusercontent.com/EGemoI2NTXmTsBVtJqk8jxF9rh8ApRWfsIMQSt2uE4OcpQqbFu7f7NbTK05lx80nuSijCz7sc3a277R67g,"I'm enjoying the app so far and was wondering if there were any short codes 
for totaling, also is there an email address I can use to reach you with 
more quedtions? Thank you so much.",4,4,1.3,2018-07-04 22:03:50,,,1.3
f6deaaf8-84c2-4bc9-acbc-32ea82d7e73f,A Google user,https://play-lh.googleusercontent.com/EGemoI2NTXmTsBVtJqk8jxF9rh8ApRWfsIMQSt2uE4OcpQqbFu7f7NbTK05lx80nuSijCz7sc3a277R67g,"Wow.thank you.latest update resolves issues regarding ""image cannot find"" 
and ""file type not supported""..it helps a lot to use this app on my 
business..",5,2,1.3,2018-07-01 19:44:46,Thanks for feedback,2018-07-03 08:53:31,1.3
011cdaf0-8137-4f24-8fa5-7a8b8388322d,A Google user,https://play-lh.googleusercontent.com/EGemoI2NTXmTsBVtJqk8jxF9rh8ApRWfsIMQSt2uE4OcpQqbFu7f7NbTK05lx80nuSijCz7sc3a277R67g,"I like old version. Old version can edit tabular data and short codes can 
used by text",2,1,1.3,2018-07-01 08:34:26,,,1.3
953ce67e-f28d-4a6b-bc56-1093508dd91f,A Google user,https://play-lh.googleusercontent.com/EGemoI2NTXmTsBVtJqk8jxF9rh8ApRWfsIMQSt2uE4OcpQqbFu7f7NbTK05lx80nuSijCz7sc3a277R67g,Easy to use. Many features easy to create customized for receipt,5,0,,2018-06-29 10:42:47,,,
21a99f99-db01-42cf-a8de-c0fc171378f5,A Google user,https://play-lh.googleusercontent.com/EGemoI2NTXmTsBVtJqk8jxF9rh8ApRWfsIMQSt2uE4OcpQqbFu7f7NbTK05lx80nuSijCz7sc3a277R67g,"Very help me , thank you",5,0,,2018-06-24 07:27:03,,,
5c19cd68-6150-403f-b44b-cad0d3be33fe,A Google user,https://play-lh.googleusercontent.com/EGemoI2NTXmTsBVtJqk8jxF9rh8ApRWfsIMQSt2uE4OcpQqbFu7f7NbTK05lx80nuSijCz7sc3a277R67g,Very nice application,5,0,1.2,2018-06-06 00:01:30,,,1.2
847b9180-22d3-4763-88f2-6ff445fbf06d,A Google user,https://play-lh.googleusercontent.com/EGemoI2NTXmTsBVtJqk8jxF9rh8ApRWfsIMQSt2uE4OcpQqbFu7f7NbTK05lx80nuSijCz7sc3a277R67g,"I really love it because it is user friendly app and can simply custom any 
text that I want to print using my bluetooth thermal printer.. I strongly 
recommended to anyone that look for user friendly app to print using 
bluetooth thermal printer.. keep it up !",5,2,1.2,2018-04-27 18:46:52,,,1.2
f675ddf1-a99e-4c97-8615-f4b73c6fc4b9,A Google user,https://play-lh.googleusercontent.com/EGemoI2NTXmTsBVtJqk8jxF9rh8ApRWfsIMQSt2uE4OcpQqbFu7f7NbTK05lx80nuSijCz7sc3a277R67g,That's a good app,5,0,1.2,2018-04-18 15:17:00,,,1.2
98696f28-bd95-4f6f-9001-b0e160910ecc,A Google user,https://play-lh.googleusercontent.com/EGemoI2NTXmTsBVtJqk8jxF9rh8ApRWfsIMQSt2uE4OcpQqbFu7f7NbTK05lx80nuSijCz7sc3a277R67g,Cannot print BOLD fonts,4,0,1.2,2018-04-09 11:31:56,,,1.2
5159e06c-8691-4fcb-b29d-1d27182f0fc4,A Google user,https://play-lh.googleusercontent.com/EGemoI2NTXmTsBVtJqk8jxF9rh8ApRWfsIMQSt2uE4OcpQqbFu7f7NbTK05lx80nuSijCz7sc3a277R67g,Everything works except for the left and right text. It pushes everything to the left.,5,0,1.2,2018-03-31 02:14:33,,,1.2
dcf7d0c0-446f-4495-a0d3-bec7b30b1768,A Google user,https://play-lh.googleusercontent.com/EGemoI2NTXmTsBVtJqk8jxF9rh8ApRWfsIMQSt2uE4OcpQqbFu7f7NbTK05lx80nuSijCz7sc3a277R67g,nice apps n easy to use.. but please make some click to preview first before print.. tq,4,0,1.2,2018-03-26 11:40:19,,,1.2
47c03e02-3cde-4894-aae7-9c552cfdefce,A Google user,https://play-lh.googleusercontent.com/EGemoI2NTXmTsBVtJqk8jxF9rh8ApRWfsIMQSt2uE4OcpQqbFu7f7NbTK05lx80nuSijCz7sc3a277R67g,"GREAT JOB!  A great solution to  most of MY needs, with a small exception in the fact that QR Codes seem to change size and/or position when editing or retrieving them from the db.  Kudos!",4,5,1.2,2018-02-04 02:11:56,,,1.2
7348d8b4-6e3e-40c5-9a50-fc7e8f9dd8b6,A Google user,https://play-lh.googleusercontent.com/EGemoI2NTXmTsBVtJqk8jxF9rh8ApRWfsIMQSt2uE4OcpQqbFu7f7NbTK05lx80nuSijCz7sc3a277R67g,Rocks!,5,2,1.2,2018-02-02 04:08:16,,,1.2
b171eed5-acd9-45bd-b1f3-3f903a26f2c1,A Google user,https://play-lh.googleusercontent.com/EGemoI2NTXmTsBVtJqk8jxF9rh8ApRWfsIMQSt2uE4OcpQqbFu7f7NbTK05lx80nuSijCz7sc3a277R67g,with  family hope days,5,0,,2018-01-20 05:44:30,,,
184ce5cc-ad12-41ec-8784-80d68820394e,A Google user,https://play-lh.googleusercontent.com/EGemoI2NTXmTsBVtJqk8jxF9rh8ApRWfsIMQSt2uE4OcpQqbFu7f7NbTK05lx80nuSijCz7sc3a277R67g,Hobby,5,0,,2018-01-10 20:26:12,,,
256793ed-aec4-4905-b145-eb4880307848,A Google user,https://play-lh.googleusercontent.com/EGemoI2NTXmTsBVtJqk8jxF9rh8ApRWfsIMQSt2uE4OcpQqbFu7f7NbTK05lx80nuSijCz7sc3a277R67g,Mohon bantuannya. Pada saat saya menggunakan HP Samsung kenapa susah gunakan apk ini ya,3,1,1.2,2017-12-13 04:49:29,,,1.2
15f28ee8-07fa-496c-831a-741472a2c385,A Google user,https://play-lh.googleusercontent.com/EGemoI2NTXmTsBVtJqk8jxF9rh8ApRWfsIMQSt2uE4OcpQqbFu7f7NbTK05lx80nuSijCz7sc3a277R67g,Mantap jiwa,5,0,,2017-12-10 17:50:31,,,
dc4c274f-ce5d-427d-b80b-7eebf32b521e,A Google user,https://play-lh.googleusercontent.com/EGemoI2NTXmTsBVtJqk8jxF9rh8ApRWfsIMQSt2uE4OcpQqbFu7f7NbTK05lx80nuSijCz7sc3a277R67g,Baguss,5,0,1.2,2017-11-18 22:07:27,,,1.2
733ffd74-d45c-452d-a779-deeaf42ed586,A Google user,https://play-lh.googleusercontent.com/EGemoI2NTXmTsBVtJqk8jxF9rh8ApRWfsIMQSt2uE4OcpQqbFu7f7NbTK05lx80nuSijCz7sc3a277R67g,"Just took it for a test just now and love it to bits so far. Super, easy-to-use receipt making options. Hope it works offline as well!",5,2,1.2,2017-11-04 22:31:11,,,1.2
f2ee700c-026d-4ff3-b963-db20088364e3,A Google user,https://play-lh.googleusercontent.com/EGemoI2NTXmTsBVtJqk8jxF9rh8ApRWfsIMQSt2uE4OcpQqbFu7f7NbTK05lx80nuSijCz7sc3a277R67g,So far so good. Except it crashed when i try to hold click for copy paste console to come out,4,18,1.2,2017-10-19 14:41:45,,,1.2
32a979f8-dbe8-467b-ba65-34da4d112f9f,A Google user,https://play-lh.googleusercontent.com/EGemoI2NTXmTsBVtJqk8jxF9rh8ApRWfsIMQSt2uE4OcpQqbFu7f7NbTK05lx80nuSijCz7sc3a277R67g,Dont support £ and other symbols,3,2,1.2,2017-10-17 18:14:44,It needs code page set to your printer. You can ask your manufacturer for details,2017-10-27 23:12:36,1.2
1b795c98-ad68-427b-94fe-731e9f4adb37,A Google user,https://play-lh.googleusercontent.com/EGemoI2NTXmTsBVtJqk8jxF9rh8ApRWfsIMQSt2uE4OcpQqbFu7f7NbTK05lx80nuSijCz7sc3a277R67g,Nice app. Works at my chinese bluetooth printer. If i print qrcode and image twice sometimes not print correctly,5,1,1.2,2017-10-15 17:31:46,,,1.2
262ce716-2f87-433b-8c1d-a290d59b75d8,A Google user,https://play-lh.googleusercontent.com/EGemoI2NTXmTsBVtJqk8jxF9rh8ApRWfsIMQSt2uE4OcpQqbFu7f7NbTK05lx80nuSijCz7sc3a277R67g,"Very very good, simple, easy to use, idiot proof",5,0,1.2,2017-10-02 21:33:01,,,1.2
8c51e619-8095-4df7-a238-9daeaaced403,A Google user,https://play-lh.googleusercontent.com/EGemoI2NTXmTsBVtJqk8jxF9rh8ApRWfsIMQSt2uE4OcpQqbFu7f7NbTK05lx80nuSijCz7sc3a277R67g,"saya sangat suka dengan app ini paling smart dibanding yg sebelah, tapi. mohon perbaikan di (edit entry) karena tidak bisa meng input banyak kalimat panjang ke bawah, bila kita memaksakan enter terus kebawah maka akan hilang perintah OK CENCEL (ngumpet dibawa)   mohon perbaikan, bila sudah will rate 55555 star",1,9,1.2,2017-09-27 10:23:12,,,1.2
798143f8-495d-4a82-a0b5-b03570337f93,A Google user,https://play-lh.googleusercontent.com/EGemoI2NTXmTsBVtJqk8jxF9rh8ApRWfsIMQSt2uE4OcpQqbFu7f7NbTK05lx80nuSijCz7sc3a277R67g,"It works. But will you add support for standard barcode too, besides of qr code?",5,2,1.2,2017-09-26 16:00:55,,,1.2
d8533e2b-26d9-44ca-9338-f1bc8c9c7bf2,A Google user,https://play-lh.googleusercontent.com/EGemoI2NTXmTsBVtJqk8jxF9rh8ApRWfsIMQSt2uE4OcpQqbFu7f7NbTK05lx80nuSijCz7sc3a277R67g,good app,5,0,1.2,2017-09-16 13:01:11,,,1.2
98b9bb74-5059-4b5e-b5f3-27cd33537836,A Google user,https://play-lh.googleusercontent.com/EGemoI2NTXmTsBVtJqk8jxF9rh8ApRWfsIMQSt2uE4OcpQqbFu7f7NbTK05lx80nuSijCz7sc3a277R67g,After 5 days of trying out 23 different apps that's almost all the apps available for these types of printers. for Chinese made bluetooth thermal printer this is  the only App that is user friendly. 98 percent of the apps out on Google store are pure garbage. I did the research for you this is what you are looking for given the junk that is out there. This is your best option at this moment in time. Dont bang your head against the wall. Currently paying over seas developer to make me a user friendly easy to use app and i will be sharing it on google play store for .99 cent once it is completed to off set the $79.95 price i paid for this project,5,57,1.2,2017-08-19 07:02:24,,,1.2
1b80e2a8-62ba-4795-bcff-764fba6bcbf1,A Google user,https://play-lh.googleusercontent.com/EGemoI2NTXmTsBVtJqk8jxF9rh8ApRWfsIMQSt2uE4OcpQqbFu7f7NbTK05lx80nuSijCz7sc3a277R67g,How can I print spreadsheet documents???,5,3,1.2,2017-08-18 23:05:14,,,1.2
c6ef7cff-f824-4de9-bfa1-162df4f8da67,A Google user,https://play-lh.googleusercontent.com/EGemoI2NTXmTsBVtJqk8jxF9rh8ApRWfsIMQSt2uE4OcpQqbFu7f7NbTK05lx80nuSijCz7sc3a277R67g,"Amazing. Let's you create custom reciepts, save them and then print them on your pos printer, even has a code for automatic date and time entry. My card payment system wanted me to buy a mega expensive pos printer to print reciepts. I bought a pos printer for less than £20 and will now use this app. Thank you :)",5,56,1.2,2017-07-25 14:28:44,,,1.2
032ec0ca-559d-42c6-bafa-987f113c20cf,A Google user,https://play-lh.googleusercontent.com/EGemoI2NTXmTsBVtJqk8jxF9rh8ApRWfsIMQSt2uE4OcpQqbFu7f7NbTK05lx80nuSijCz7sc3a277R67g,Can add more columns cus not enough now only 8 columns have,2,1,1.2,2017-07-18 02:41:13,You can add more than 8 columns also,2017-07-18 20:10:12,1.2
00bb5285-02eb-403c-89c9-e8cd47e3a7c3,A Google user,https://play-lh.googleusercontent.com/EGemoI2NTXmTsBVtJqk8jxF9rh8ApRWfsIMQSt2uE4OcpQqbFu7f7NbTK05lx80nuSijCz7sc3a277R67g,Very well...Thanks,4,1,,2017-07-14 19:20:59,,,
eb8a0660-8659-4c90-a8bf-f69aa385dbed,A Google user,https://play-lh.googleusercontent.com/EGemoI2NTXmTsBVtJqk8jxF9rh8ApRWfsIMQSt2uE4OcpQqbFu7f7NbTK05lx80nuSijCz7sc3a277R67g,Any chance you add pdf printing support?,4,6,1.2,2017-07-03 11:30:33,added in newest version,2019-04-12 22:34:55,1.2
b44665c7-7ce8-4b7f-b43b-4f35ffafb97e,A Google user,https://play-lh.googleusercontent.com/EGemoI2NTXmTsBVtJqk8jxF9rh8ApRWfsIMQSt2uE4OcpQqbFu7f7NbTK05lx80nuSijCz7sc3a277R67g,Sharp,5,1,,2017-06-25 14:02:12,,,
72b03194-1fe1-4e1c-9d7d-e1fc3561b2b5,A Google user,https://play-lh.googleusercontent.com/EGemoI2NTXmTsBVtJqk8jxF9rh8ApRWfsIMQSt2uE4OcpQqbFu7f7NbTK05lx80nuSijCz7sc3a277R67g,Ok,5,0,,2017-05-25 06:38:29,,,
886744ea-a6da-4e58-a2ea-7d335ecea7f9,A Google user,https://play-lh.googleusercontent.com/EGemoI2NTXmTsBVtJqk8jxF9rh8ApRWfsIMQSt2uE4OcpQqbFu7f7NbTK05lx80nuSijCz7sc3a277R67g,"Like it, berhasil ini aplikasi nya setelah nyoba2 bnyk  aplikasi.. thanks",4,15,1.2,2017-05-14 05:14:01,,,1.2
60417ca7-11c5-47ca-88eb-0a25de06e7af,A Google user,https://play-lh.googleusercontent.com/EGemoI2NTXmTsBVtJqk8jxF9rh8ApRWfsIMQSt2uE4OcpQqbFu7f7NbTK05lx80nuSijCz7sc3a277R67g,Good but if print image allnit print not the image that i choose,1,13,1.2,2017-04-08 12:23:44,,,1.2
47085646-b565-4292-beed-8051436cde85,A Google user,https://play-lh.googleusercontent.com/EGemoI2NTXmTsBVtJqk8jxF9rh8ApRWfsIMQSt2uE4OcpQqbFu7f7NbTK05lx80nuSijCz7sc3a277R67g,"The print out is not like what I expected, its messy and often has symbols like (?)  and others that I don't even input, and the positioning is not proper.. I use bellaV thermal A little help here",3,1,,2017-03-01 16:41:02,As said in description the app is suitable with most of common bluetooth printer commands and not necessary that every printer should work with it,2017-03-04 15:41:52,
29c4bd78-d66e-4fde-860f-bd42f8ef7c8c,A Google user,https://play-lh.googleusercontent.com/EGemoI2NTXmTsBVtJqk8jxF9rh8ApRWfsIMQSt2uE4OcpQqbFu7f7NbTK05lx80nuSijCz7sc3a277R67g,simple & easy to use,5,1,1.2,2017-02-15 19:49:30,,,1.2
1dfaa24c-4f1b-4947-9798-407666aca698,A Google user,https://play-lh.googleusercontent.com/EGemoI2NTXmTsBVtJqk8jxF9rh8ApRWfsIMQSt2uE4OcpQqbFu7f7NbTK05lx80nuSijCz7sc3a277R67g,Good apps....thanks...,2,1,,2017-02-10 07:59:44,,,
c8a7b7aa-6546-46ba-bfad-4277d8bf98e8,A Google user,https://play-lh.googleusercontent.com/EGemoI2NTXmTsBVtJqk8jxF9rh8ApRWfsIMQSt2uE4OcpQqbFu7f7NbTK05lx80nuSijCz7sc3a277R67g,good & simpal app,5,1,1.2,2017-01-25 13:50:56,,,1.2
7018cf16-2ee6-4b70-856e-75ad8343d86b,A Google user,https://play-lh.googleusercontent.com/EGemoI2NTXmTsBVtJqk8jxF9rh8ApRWfsIMQSt2uE4OcpQqbFu7f7NbTK05lx80nuSijCz7sc3a277R67g,LIKE,5,1,1.2,2017-01-18 07:07:22,thanks,2017-01-18 10:46:35,1.2
e357e09b-7ae8-4a7f-a3ad-5dbb14b09a7d,A Google user,https://play-lh.googleusercontent.com/EGemoI2NTXmTsBVtJqk8jxF9rh8ApRWfsIMQSt2uE4OcpQqbFu7f7NbTK05lx80nuSijCz7sc3a277R67g,Good,5,0,,2017-01-16 23:12:30,,,
85ebddbf-feaa-487c-b0a3-985d11eb90a7,A Google user,https://play-lh.googleusercontent.com/EGemoI2NTXmTsBVtJqk8jxF9rh8ApRWfsIMQSt2uE4OcpQqbFu7f7NbTK05lx80nuSijCz7sc3a277R67g,سلام برنامه بسیار خوب و کاربردی برای گوشی های موبایل میباشد از همه دوستان عزیز کمال تشکر را داریم,5,13,1.2,2016-12-31 01:32:08,thanks for feedback,2017-01-04 21:49:31,1.2
079396a8-0549-4d04-99f1-152a2c274215,A Google user,https://play-lh.googleusercontent.com/EGemoI2NTXmTsBVtJqk8jxF9rh8ApRWfsIMQSt2uE4OcpQqbFu7f7NbTK05lx80nuSijCz7sc3a277R67g,om telolet om,5,0,1.2,2016-12-30 13:26:20,thanks for feedback,2017-01-04 21:49:26,1.2
d59d37b8-81c3-4fc9-a594-87681ca48722,A Google user,https://play-lh.googleusercontent.com/EGemoI2NTXmTsBVtJqk8jxF9rh8ApRWfsIMQSt2uE4OcpQqbFu7f7NbTK05lx80nuSijCz7sc3a277R67g,(and I've tried a few),5,4,1.2,2016-12-23 05:27:07,Thanks for feedback,2016-12-26 12:22:43,1.2
05d02254-1913-4ac9-886d-c60a40743b36,A Google user,https://play-lh.googleusercontent.com/EGemoI2NTXmTsBVtJqk8jxF9rh8ApRWfsIMQSt2uE4OcpQqbFu7f7NbTK05lx80nuSijCz7sc3a277R67g,Super work done Very Much Thanks Tushar 👍👍,5,10,1.2,2016-11-27 20:44:21,,,1.2
8daa2b41-1da2-425d-94bc-4dee73aab6ff,A Google user,https://play-lh.googleusercontent.com/EGemoI2NTXmTsBVtJqk8jxF9rh8ApRWfsIMQSt2uE4OcpQqbFu7f7NbTK05lx80nuSijCz7sc3a277R67g,Terbaik,5,0,,2016-10-05 23:44:19,,,
41a75796-80bf-4b7b-a79f-a17ef4de7779,A Google user,https://play-lh.googleusercontent.com/EGemoI2NTXmTsBVtJqk8jxF9rh8ApRWfsIMQSt2uE4OcpQqbFu7f7NbTK05lx80nuSijCz7sc3a277R67g,Good app for testing bluetooth printers from any device great job,5,18,1.2,2016-09-24 13:05:03,,,1.2
ae3e041d-d336-4106-aafa-098c21d4f414,A Google user,https://play-lh.googleusercontent.com/EGemoI2NTXmTsBVtJqk8jxF9rh8ApRWfsIMQSt2uE4OcpQqbFu7f7NbTK05lx80nuSijCz7sc3a277R67g,"I try to print some picture with this apps. Then I connect to my bluetooth printer. Try to print it, only chinese words comes out. Then it change my bluetooth pin. now I cant connect anymore to my bluetooth printer.",1,0,,2016-09-13 10:29:31,Software is not suitable for printing image on each bluetooth printer. Not all printers are compatible with the software,2016-09-13 15:08:20,
ea0ef1b2-51f4-414a-9a4d-6809b408583a,A Google user,https://play-lh.googleusercontent.com/EGemoI2NTXmTsBVtJqk8jxF9rh8ApRWfsIMQSt2uE4OcpQqbFu7f7NbTK05lx80nuSijCz7sc3a277R67g,Awesome and help full developer and easy to use app,5,7,1.1,2016-09-07 13:20:18,Thanks for feedback,2016-09-07 22:42:54,1.1
fe0d4902-b8d8-475e-ba4b-594e792ba13a,A Google user,https://play-lh.googleusercontent.com/EGemoI2NTXmTsBVtJqk8jxF9rh8ApRWfsIMQSt2uE4OcpQqbFu7f7NbTK05lx80nuSijCz7sc3a277R67g,"Now it's works fine...love this app so much, but need more adjusment for centered alignment, recommended application !!!",5,1,,2016-08-11 04:56:33,Please tell me the issue in details by email so that I can help to solve it,2016-08-05 10:47:43,
852c9935-0219-429d-bb00-bbb960890ad6,A Google user,https://play-lh.googleusercontent.com/EGemoI2NTXmTsBVtJqk8jxF9rh8ApRWfsIMQSt2uE4OcpQqbFu7f7NbTK05lx80nuSijCz7sc3a277R67g,Impressive and Good.,5,2,1.0,2016-08-07 17:29:52,Thanks for feedback,2016-08-07 18:02:37,1.0
9006dc12-6192-4e59-b2db-71e2c67ab4fb,A Google user,https://play-lh.googleusercontent.com/EGemoI2NTXmTsBVtJqk8jxF9rh8ApRWfsIMQSt2uE4OcpQqbFu7f7NbTK05lx80nuSijCz7sc3a277R67g,Compatible with many thermal printer,5,1,1.0,2016-07-22 22:09:38,,,1.0
15117b1d-e5bb-4ce0-a54c-b9f15e6587ed,A Google user,https://play-lh.googleusercontent.com/EGemoI2NTXmTsBVtJqk8jxF9rh8ApRWfsIMQSt2uE4OcpQqbFu7f7NbTK05lx80nuSijCz7sc3a277R67g,Nice app,5,2,1.0,2016-07-15 12:23:01,,,1.0
9be7bd05-ae0d-472d-8e20-b2aab87cc8e8,A Google user,https://play-lh.googleusercontent.com/EGemoI2NTXmTsBVtJqk8jxF9rh8ApRWfsIMQSt2uE4OcpQqbFu7f7NbTK05lx80nuSijCz7sc3a277R67g,Nice app,5,0,,2016-06-26 14:44:00,,,
98916f29-e559-4aa3-9ea6-fcecbea4db73,A Google user,https://play-lh.googleusercontent.com/EGemoI2NTXmTsBVtJqk8jxF9rh8ApRWfsIMQSt2uE4OcpQqbFu7f7NbTK05lx80nuSijCz7sc3a277R67g,good app for printing,5,0,,2016-06-07 15:23:08,,,
7103303d-3642-4a40-b550-5c0c7c16fd97,A Google user,https://play-lh.googleusercontent.com/EGemoI2NTXmTsBVtJqk8jxF9rh8ApRWfsIMQSt2uE4OcpQqbFu7f7NbTK05lx80nuSijCz7sc3a277R67g,You cannot get any sort of printout as shown in the photos but it will automatically invite you to install some stupid game app.,1,0,,2016-05-03 03:07:43,You need to add entries before you can print anything. You can print anything on bluetooth thermal printer. Please contact using support email so that I resolve the issue,2016-05-04 15:53:21,
